edge,pre_phase,rst_n,enable,quiet,capture,context_valid,pre_context_id,pre_fine_code,launch,coarse_start,coarse_done,coarse_update,load_rdac,post_phase,post_context_id,post_fine_code,post_accepted_id,post_accept,context_age,fine_code_age
1,0,0,0,0,0,0,0,0,0,0,0,0,0,0,0,0,0,0,1,1
2,0,0,0,0,0,0,0,0,0,0,0,0,0,0,0,0,0,0,2,2
3,0,1,1,1,0,0,0,0,0,0,0,0,0,1,0,0,0,0,3,3
4,1,1,1,0,0,0,0,0,0,1,0,0,0,2,0,0,0,0,1,4
5,2,1,1,0,0,0,0,0,0,0,0,1,0,3,0,0,0,0,2,5
6,3,1,1,0,0,0,0,0,0,0,0,0,0,4,0,0,0,0,3,6
7,4,1,1,0,0,0,0,0,0,0,0,1,0,5,0,0,0,0,4,7
8,5,1,1,0,0,0,0,0,0,0,0,1,0,6,0,0,0,0,5,8
9,6,1,1,0,0,0,0,0,0,0,0,1,0,7,0,0,0,0,6,9
10,7,1,1,0,0,0,0,0,0,0,0,1,0,8,0,0,0,0,7,10
11,8,1,1,0,0,0,0,0,0,0,0,1,0,9,0,0,0,0,8,11
12,9,1,1,0,1,0,0,0,0,0,0,0,0,10,0,0,0,0,9,12
13,10,1,1,0,0,0,0,0,0,0,0,0,0,11,0,0,0,0,10,13
14,11,1,1,0,0,0,0,0,0,0,0,0,0,12,0,0,0,0,11,14
15,12,1,1,0,0,0,0,0,0,0,0,0,0,13,0,0,0,0,12,15
16,13,1,1,0,0,0,0,0,0,0,0,0,0,14,0,0,0,0,13,16
17,14,1,1,0,0,0,0,0,0,0,0,0,0,15,0,0,0,0,14,17
18,15,1,1,0,0,0,0,0,0,0,0,0,0,0,0,0,0,0,15,1
19,0,1,1,1,0,0,0,0,0,0,0,0,0,1,1,0,0,0,16,2
20,1,1,1,0,0,0,1,0,0,1,0,0,0,2,1,0,0,0,1,3
21,2,1,1,0,0,0,1,0,0,0,0,1,1,3,1,0,0,0,2,4
22,3,1,1,0,0,0,1,0,0,0,0,1,1,4,1,0,0,0,3,5
23,4,1,1,0,0,0,1,0,0,0,0,1,1,5,1,0,0,0,4,6
24,5,1,1,0,0,0,1,0,0,0,0,1,1,6,1,0,0,0,5,7
25,6,1,1,0,0,0,1,0,0,0,0,1,1,7,1,0,0,0,6,8
26,7,1,1,0,0,0,1,0,0,0,0,1,1,8,1,0,0,0,7,9
27,8,1,1,0,0,0,1,0,0,0,1,1,1,9,1,0,0,0,8,10
28,9,1,1,0,1,0,1,0,0,0,0,0,0,10,1,0,0,0,9,11
29,10,1,1,0,0,0,1,0,0,0,0,0,0,11,1,0,0,0,10,12
30,11,1,1,0,0,0,1,0,0,0,0,0,0,12,1,0,0,0,11,13
31,12,1,1,0,0,0,1,0,0,0,0,0,0,13,1,0,0,0,12,14
32,13,1,1,0,0,0,1,0,0,0,0,0,0,14,1,0,0,0,13,15
33,14,1,1,0,0,0,1,0,0,0,0,0,0,15,1,0,0,0,14,16
34,15,1,1,0,0,0,1,0,0,0,0,0,0,0,1,0,0,0,15,1
35,0,1,1,1,0,0,1,0,0,0,0,0,0,1,2,0,0,0,16,2
36,1,1,1,0,0,1,2,0,0,1,0,0,0,2,2,0,0,0,1,3
37,2,1,1,0,0,1,2,0,0,0,0,1,1,3,2,0,0,0,2,4
38,3,1,1,0,0,1,2,0,0,0,0,1,1,4,2,0,0,0,3,5
39,4,1,1,0,0,1,2,0,0,0,0,1,1,5,2,0,0,0,4,6
40,5,1,1,0,0,1,2,0,0,0,0,1,1,6,2,0,0,0,5,7
41,6,1,1,0,0,1,2,0,0,0,0,1,1,7,2,0,0,0,6,8
42,7,1,1,0,0,1,2,0,0,0,0,1,1,8,2,0,0,0,7,9
43,8,1,1,0,0,1,2,0,0,0,1,1,1,9,2,0,0,0,8,10
44,9,1,1,0,1,1,2,0,0,0,0,0,0,10,2,0,0,0,9,11
45,10,1,1,0,0,1,2,0,0,0,0,0,0,11,2,0,0,0,10,12
46,11,1,1,0,0,1,2,0,0,0,0,0,0,12,2,0,0,0,11,13
47,12,1,1,0,0,1,2,0,0,0,0,0,0,13,2,0,0,0,12,14
48,13,1,1,0,0,1,2,0,0,0,0,0,0,14,2,0,0,0,13,15
49,14,1,1,0,0,1,2,0,0,0,0,0,0,15,2,346,0,0,14,16
50,15,1,1,0,0,1,2,346,0,0,0,0,0,0,2,346,0,0,15,1
51,0,1,1,1,0,1,2,346,0,0,0,0,0,1,3,346,0,0,16,2
52,1,1,1,0,0,1,3,346,0,1,0,0,0,2,3,346,0,0,1,3
53,2,1,1,0,0,1,3,346,0,0,0,1,1,3,3,346,0,0,2,4
54,3,1,1,0,0,1,3,346,0,0,0,1,1,4,3,346,0,0,3,5
55,4,1,1,0,0,1,3,346,0,0,0,1,1,5,3,346,0,0,4,6
56,5,1,1,0,0,1,3,346,0,0,0,1,1,6,3,346,0,0,5,7
57,6,1,1,0,0,1,3,346,0,0,0,1,1,7,3,346,0,0,6,8
58,7,1,1,0,0,1,3,346,0,0,0,1,1,8,3,346,0,0,7,9
59,8,1,1,0,0,1,3,346,0,0,1,1,1,9,3,346,0,0,8,10
60,9,1,1,0,1,1,3,346,0,0,0,0,0,10,3,346,0,0,9,11
61,10,1,1,0,0,1,3,346,0,0,0,0,0,11,3,346,0,0,10,12
62,11,1,1,0,0,1,3,346,0,0,0,0,0,12,3,346,0,0,11,13
63,12,1,1,0,0,1,3,346,0,0,0,0,0,13,3,346,0,0,12,14
64,13,1,1,0,0,1,3,346,0,0,0,0,0,14,3,346,0,0,13,15
65,14,1,1,0,0,1,3,346,0,0,0,0,0,15,3,519,0,0,14,16
66,15,1,1,0,0,1,3,519,1,0,0,0,0,0,3,519,3,1,15,1
67,0,1,1,1,0,1,3,519,0,0,0,0,0,1,4,519,3,0,16,2
68,1,1,1,0,0,1,4,519,0,1,0,0,0,2,4,519,3,0,1,3
69,2,1,1,0,0,1,4,519,0,0,0,1,1,3,4,519,3,0,2,4
70,3,1,1,0,0,1,4,519,0,0,0,1,1,4,4,519,3,0,3,5
71,4,1,1,0,0,1,4,519,0,0,0,0,0,5,4,519,3,0,4,6
72,5,1,1,0,0,1,4,519,0,0,0,1,1,6,4,519,3,0,5,7
73,6,1,1,0,0,1,4,519,0,0,0,1,1,7,4,519,3,0,6,8
74,7,1,1,0,0,1,4,519,0,0,0,1,1,8,4,519,3,0,7,9
75,8,1,1,0,0,1,4,519,0,0,0,1,1,9,4,519,3,0,8,10
76,9,1,1,0,1,1,4,519,0,0,0,0,0,10,4,519,3,0,9,11
77,10,1,1,0,0,1,4,519,0,0,0,0,0,11,4,519,3,0,10,12
78,11,1,1,0,0,1,4,519,0,0,0,0,0,12,4,519,3,0,11,13
79,12,1,1,0,0,1,4,519,0,0,0,0,0,13,4,519,3,0,12,14
80,13,1,1,0,0,1,4,519,0,0,0,0,0,14,4,519,3,0,13,15
81,14,1,1,0,0,1,4,519,0,0,0,0,0,15,4,692,3,0,14,16
82,15,1,1,0,0,1,4,692,1,0,0,0,0,0,4,692,4,1,15,1
83,0,1,1,1,0,1,4,692,0,0,0,0,0,1,5,692,4,0,16,2
84,1,1,1,0,0,0,5,692,0,0,0,0,0,2,5,692,4,0,1,3
85,2,1,1,0,0,0,5,692,0,0,0,0,0,3,5,692,4,0,2,4
86,3,1,1,0,0,0,5,692,0,0,0,0,0,4,5,692,4,0,3,5
87,4,1,1,0,0,0,5,692,0,0,0,0,0,5,5,692,4,0,4,6
88,5,1,1,0,0,0,5,692,0,0,0,0,0,6,5,692,4,0,5,7
89,6,1,1,0,0,0,5,692,0,0,0,0,0,7,5,692,4,0,6,8
90,7,1,1,0,0,0,5,692,0,0,0,0,0,8,5,692,4,0,7,9
91,8,1,1,0,0,0,5,692,0,0,0,0,0,9,5,692,4,0,8,10
92,9,1,1,0,1,0,5,692,0,0,0,0,0,10,5,692,4,0,9,11
93,10,1,1,0,0,0,5,692,0,0,0,0,0,11,5,692,4,0,10,12
94,11,1,1,0,0,0,5,692,0,0,0,0,0,12,5,692,4,0,11,13
95,12,1,1,0,0,0,5,692,0,0,0,0,0,13,5,692,4,0,12,14
96,13,1,1,0,0,0,5,692,0,0,0,0,0,14,5,692,4,0,13,15
97,14,1,1,0,0,0,5,692,0,0,0,0,0,15,5,692,4,0,14,16
98,15,1,1,0,0,0,5,692,0,0,0,0,0,0,5,692,4,0,15,1
99,0,1,1,1,0,0,5,692,0,0,0,0,0,1,6,692,4,0,16,2
100,1,1,1,0,0,0,6,692,0,1,0,0,0,2,6,692,4,0,1,3
101,2,1,1,0,0,0,6,692,0,0,0,1,1,3,6,692,4,0,2,4
102,3,1,1,0,0,0,6,692,0,0,0,1,1,4,6,692,4,0,3,5
103,4,1,1,0,0,0,6,692,0,0,0,1,1,5,6,692,4,0,4,6
104,5,1,1,0,0,0,6,692,0,0,0,1,1,6,6,692,4,0,5,7
105,6,1,1,0,0,0,6,692,0,0,0,1,1,7,6,692,4,0,6,8
106,7,1,1,0,0,0,6,692,0,0,0,1,1,8,6,692,4,0,7,9
107,8,1,1,0,0,0,6,692,0,0,1,1,1,9,6,692,4,0,8,10
108,9,1,1,0,1,0,6,692,0,0,0,0,0,10,6,692,4,0,9,11
109,10,1,1,0,0,0,6,692,0,0,0,0,0,11,6,692,4,0,10,12
110,11,1,1,0,0,0,6,692,0,0,0,0,0,12,6,692,4,0,11,13
111,12,1,1,0,0,0,6,692,0,0,0,0,0,13,6,692,4,0,12,14
112,13,1,1,0,0,0,6,692,0,0,0,0,0,14,6,692,4,0,13,15
113,14,1,1,0,0,0,6,692,0,0,0,0,0,15,6,692,4,0,14,16
114,15,1,1,0,0,0,6,692,0,0,0,0,0,0,6,692,4,0,15,1
115,0,1,1,1,0,0,6,692,0,0,0,0,0,1,7,692,4,0,16,2
116,1,1,1,0,0,1,7,692,0,1,0,0,0,2,7,692,4,0,1,3
117,2,1,1,0,0,1,7,692,0,0,0,1,1,3,7,692,4,0,2,4
118,3,1,1,0,0,1,7,692,0,0,0,1,1,4,7,692,4,0,3,5
119,4,1,1,0,0,1,7,692,0,0,0,1,1,5,7,692,4,0,4,6
120,5,1,1,0,0,1,7,692,0,0,0,1,1,6,7,692,4,0,5,7
121,6,1,1,0,0,1,7,692,0,0,0,1,1,7,7,692,4,0,6,8
122,7,1,1,0,0,1,7,692,0,0,0,1,1,8,7,692,4,0,7,9
123,8,1,1,0,0,1,7,692,0,0,1,1,1,9,7,692,4,0,8,10
124,9,1,1,0,1,1,7,692,0,0,0,0,0,10,7,692,4,0,9,11
125,10,1,1,0,0,1,7,692,0,0,0,0,0,11,7,692,4,0,10,12
126,11,1,1,0,0,1,7,692,0,0,0,0,0,12,7,692,4,0,11,13
127,12,1,1,0,0,1,7,692,0,0,0,0,0,13,7,692,4,0,12,14
128,13,1,1,0,0,1,7,692,0,0,0,0,0,14,7,692,4,0,13,15
129,14,1,1,0,0,1,7,692,0,0,0,0,0,15,7,1211,4,0,14,16
130,15,1,1,0,0,1,7,1211,1,0,0,0,0,0,7,1211,7,1,15,1
131,0,1,1,1,0,1,7,1211,0,0,0,0,0,1,8,1211,7,0,16,2
132,1,1,1,0,0,1,8,1211,0,1,0,0,0,2,8,1211,7,0,1,3
133,2,1,1,0,0,1,8,1211,0,0,0,1,1,3,8,1211,7,0,2,4
134,3,1,1,0,0,1,8,1211,0,0,0,1,1,4,8,1211,7,0,3,5
135,4,1,1,0,0,1,8,1211,0,0,0,1,1,5,8,1211,7,0,4,6
136,5,1,1,0,0,1,8,1211,0,0,0,0,0,6,8,1211,7,0,5,7
137,6,1,1,0,0,1,8,1211,0,0,0,1,1,7,8,1211,7,0,6,8
138,7,1,1,0,0,1,8,1211,0,0,0,1,1,8,8,1211,7,0,7,9
139,8,1,1,0,0,1,8,1211,0,0,0,1,1,9,8,1211,7,0,8,10
140,9,1,1,0,1,1,8,1211,0,0,0,0,0,10,8,1211,7,0,9,11
141,10,1,1,0,0,1,8,1211,0,0,0,0,0,11,8,1211,7,0,10,12
142,11,1,1,0,0,1,8,1211,0,0,0,0,0,12,8,1211,7,0,11,13
143,12,1,1,0,0,1,8,1211,0,0,0,0,0,13,8,1211,7,0,12,14
144,13,1,1,0,0,1,8,1211,0,0,0,0,0,14,8,1211,7,0,13,15
145,14,1,1,0,0,1,8,1211,0,0,0,0,0,15,8,1384,7,0,14,16
146,15,1,1,0,0,1,8,1384,1,0,0,0,0,0,8,1384,8,1,15,1
147,0,1,1,1,0,1,8,1384,0,0,0,0,0,1,9,1384,8,0,16,2
148,1,1,1,0,0,0,9,1384,0,1,0,0,0,2,9,1384,8,0,1,3
149,2,1,1,0,0,0,9,1384,0,0,0,1,1,3,9,1384,8,0,2,4
150,3,1,1,0,0,0,9,1384,0,0,0,1,1,4,9,1384,8,0,3,5
151,4,1,1,0,0,0,9,1384,0,0,0,1,1,5,9,1384,8,0,4,6
152,5,1,1,0,0,0,9,1384,0,0,0,1,1,6,9,1384,8,0,5,7
153,6,1,1,0,0,0,9,1384,0,0,0,1,1,7,9,1384,8,0,6,8
154,7,1,1,0,0,0,9,1384,0,0,0,1,1,8,9,1384,8,0,7,9
155,8,1,1,0,0,0,9,1384,0,0,1,1,1,9,9,1384,8,0,8,10
156,9,1,1,0,1,0,9,1384,0,0,0,0,0,10,9,1384,8,0,9,11
157,10,1,1,0,0,0,9,1384,0,0,0,0,0,11,9,1384,8,0,10,12
158,11,1,1,0,0,0,9,1384,0,0,0,0,0,12,9,1384,8,0,11,13
159,12,1,1,0,0,0,9,1384,0,0,0,0,0,13,9,1384,8,0,12,14
160,13,1,1,0,0,0,9,1384,0,0,0,0,0,14,9,1384,8,0,13,15
161,14,1,1,0,0,0,9,1384,0,0,0,0,0,15,9,1384,8,0,14,16
162,15,1,1,0,0,0,9,1384,0,0,0,0,0,0,9,1384,8,0,15,1
163,0,1,1,1,0,0,9,1384,0,0,0,0,0,1,10,1384,8,0,16,2
164,1,1,1,0,0,1,10,1384,0,1,0,0,0,2,10,1384,8,0,1,3
165,2,1,1,0,0,1,10,1384,0,0,0,1,1,3,10,1384,8,0,2,4
166,3,1,1,0,0,1,10,1384,0,0,0,1,1,4,10,1384,8,0,3,5
167,4,1,1,0,0,1,10,1384,0,0,0,1,1,5,10,1384,8,0,4,6
168,5,1,1,0,0,1,10,1384,0,0,0,1,1,6,10,1384,8,0,5,7
169,6,1,1,0,0,1,10,1384,0,0,0,1,1,7,10,1384,8,0,6,8
170,7,1,1,0,0,1,10,1384,0,0,0,1,1,8,10,1384,8,0,7,9
171,8,1,1,0,0,1,10,1384,0,0,1,1,1,9,10,1384,8,0,8,10
172,9,1,1,0,1,1,10,1384,0,0,0,0,0,10,10,1384,8,0,9,11
173,10,1,1,0,0,1,10,1384,0,0,0,0,0,11,10,1384,8,0,10,12
174,11,1,1,0,0,1,10,1384,0,0,0,0,0,12,10,1384,8,0,11,13
175,12,1,1,0,0,1,10,1384,0,0,0,0,0,13,10,1384,8,0,12,14
176,13,1,1,0,0,1,10,1384,0,0,0,0,0,14,10,1384,8,0,13,15
177,14,1,1,0,0,1,10,1384,0,0,0,0,0,15,10,1730,8,0,14,16
178,15,1,1,0,0,1,10,1730,0,0,0,0,0,0,10,1730,8,0,15,1
179,0,1,1,1,0,1,10,1730,0,0,0,0,0,1,11,1730,8,0,16,2
180,1,1,1,0,0,1,11,1730,0,1,0,0,0,2,11,1730,8,0,1,3
181,2,1,1,0,0,1,11,1730,0,0,0,1,1,3,11,1730,8,0,2,4
182,3,1,1,0,0,1,11,1730,0,0,0,1,1,4,11,1730,8,0,3,5
183,4,1,1,0,0,1,11,1730,0,0,0,1,1,5,11,1730,8,0,4,6
184,5,1,1,0,0,1,11,1730,0,0,0,1,1,6,11,1730,8,0,5,7
185,6,1,1,0,0,1,11,1730,0,0,0,1,1,7,11,1730,8,0,6,8
186,7,1,1,0,0,1,11,1730,0,0,0,1,1,8,11,1730,8,0,7,9
187,8,1,1,0,0,1,11,1730,0,0,1,1,1,9,11,1730,8,0,8,10
188,9,1,1,0,1,1,11,1730,0,0,0,0,0,10,11,1730,8,0,9,11
189,10,1,1,0,0,1,11,1730,0,0,0,0,0,11,11,1730,8,0,10,12
190,11,1,1,0,0,1,11,1730,0,0,0,0,0,12,11,1730,8,0,11,13
191,12,1,1,0,0,1,11,1730,0,0,0,0,0,13,11,1730,8,0,12,14
192,13,1,1,0,0,1,11,1730,0,0,0,0,0,14,11,1730,8,0,13,15
193,14,1,1,0,0,1,11,1730,0,0,0,0,0,15,11,1903,8,0,14,16
194,15,1,1,0,0,1,11,1903,1,0,0,0,0,0,11,1903,11,1,15,1
195,0,1,1,1,0,1,11,1903,0,0,0,0,0,1,12,1903,11,0,16,2
196,1,1,1,0,0,1,12,1903,0,1,0,0,0,2,12,1903,11,0,1,3
197,2,1,1,0,0,1,12,1903,0,0,0,1,1,3,12,1903,11,0,2,4
198,3,1,1,0,0,1,12,1903,0,0,0,1,1,4,12,1903,11,0,3,5
199,4,1,1,0,0,1,12,1903,0,0,0,1,1,5,12,1903,11,0,4,6
200,5,1,1,0,0,1,12,1903,0,0,0,1,1,6,12,1903,11,0,5,7
201,6,1,1,0,0,1,12,1903,0,0,0,0,0,7,12,1903,11,0,6,8
202,7,1,1,0,0,1,12,1903,0,0,0,1,1,8,12,1903,11,0,7,9
203,8,1,1,0,0,1,12,1903,0,0,0,1,1,9,12,1903,11,0,8,10
204,9,1,1,0,1,1,12,1903,0,0,0,0,0,10,12,1903,11,0,9,11
205,10,1,1,0,0,1,12,1903,0,0,0,0,0,11,12,1903,11,0,10,12
206,11,1,1,0,0,1,12,1903,0,0,0,0,0,12,12,1903,11,0,11,13
207,12,1,1,0,0,1,12,1903,0,0,0,0,0,13,12,1903,11,0,12,14
208,13,1,1,0,0,1,12,1903,0,0,0,0,0,14,12,1903,11,0,13,15
209,14,1,1,0,0,1,12,1903,0,0,0,0,0,15,12,2076,11,0,14,16
210,15,1,1,0,0,1,12,2076,1,0,0,0,0,0,12,2076,12,1,15,1
211,0,1,1,1,0,1,12,2076,0,0,0,0,0,1,13,2076,12,0,16,2
212,1,1,1,0,0,0,13,2076,0,1,0,0,0,2,13,2076,12,0,1,3
213,2,1,1,0,0,0,13,2076,0,0,0,1,1,3,13,2076,12,0,2,4
214,3,1,1,0,0,0,13,2076,0,0,0,1,1,4,13,2076,12,0,3,5
215,4,1,1,0,0,0,13,2076,0,0,0,1,1,5,13,2076,12,0,4,6
216,5,1,1,0,0,0,13,2076,0,0,0,1,1,6,13,2076,12,0,5,7
217,6,1,1,0,0,0,13,2076,0,0,0,1,1,7,13,2076,12,0,6,8
218,7,1,1,0,0,0,13,2076,0,0,0,1,1,8,13,2076,12,0,7,9
219,8,1,1,0,0,0,13,2076,0,0,1,1,1,9,13,2076,12,0,8,10
220,9,1,1,0,1,0,13,2076,0,0,0,0,0,10,13,2076,12,0,9,11
221,10,1,1,0,0,0,13,2076,0,0,0,0,0,11,13,2076,12,0,10,12
222,11,1,1,0,0,0,13,2076,0,0,0,0,0,12,13,2076,12,0,11,13
223,12,1,1,0,0,0,13,2076,0,0,0,0,0,13,13,2076,12,0,12,14
224,13,1,1,0,0,0,13,2076,0,0,0,0,0,14,13,2076,12,0,13,15
225,14,1,1,0,0,0,13,2076,0,0,0,0,0,15,13,2076,12,0,14,16
226,15,1,1,0,0,0,13,2076,0,0,0,0,0,0,13,2076,12,0,15,1
227,0,1,1,1,0,0,13,2076,0,0,0,0,0,1,14,2076,12,0,16,2
228,1,1,1,0,0,1,14,2076,0,1,0,0,0,2,14,2076,12,0,1,3
229,2,1,1,0,0,1,14,2076,0,0,0,1,1,3,14,2076,12,0,2,4
230,3,1,1,0,0,1,14,2076,0,0,0,1,1,4,14,2076,12,0,3,5
231,4,1,1,0,0,1,14,2076,0,0,0,1,1,5,14,2076,12,0,4,6
232,5,1,1,0,0,1,14,2076,0,0,0,1,1,6,14,2076,12,0,5,7
233,6,1,1,0,0,1,14,2076,0,0,0,1,1,7,14,2076,12,0,6,8
234,7,1,1,0,0,1,14,2076,0,0,0,1,1,8,14,2076,12,0,7,9
235,8,1,1,0,0,1,14,2076,0,0,1,1,1,9,14,2076,12,0,8,10
236,9,1,1,0,1,1,14,2076,0,0,0,0,0,10,14,2076,12,0,9,11
237,10,1,1,0,0,1,14,2076,0,0,0,0,0,11,14,2076,12,0,10,12
238,11,1,1,0,0,1,14,2076,0,0,0,0,0,12,14,2076,12,0,11,13
239,12,1,1,0,0,1,14,2076,0,0,0,0,0,13,14,2076,12,0,12,14
240,13,1,1,0,0,1,14,2076,0,0,0,0,0,14,14,2076,12,0,13,15
241,14,1,1,0,0,1,14,2076,0,0,0,0,0,15,14,2422,12,0,14,16
242,15,1,1,0,0,1,14,2422,0,0,0,0,0,0,14,2422,12,0,15,1
243,0,1,1,1,0,1,14,2422,0,0,0,0,0,1,15,2422,12,0,16,2
244,1,1,1,0,0,1,15,2422,0,1,0,0,0,2,15,2422,12,0,1,3
245,2,1,1,0,0,1,15,2422,0,0,0,1,1,3,15,2422,12,0,2,4
246,3,1,1,0,0,1,15,2422,0,0,0,1,1,4,15,2422,12,0,3,5
247,4,1,1,0,0,1,15,2422,0,0,0,1,1,5,15,2422,12,0,4,6
248,5,1,1,0,0,1,15,2422,0,0,0,1,1,6,15,2422,12,0,5,7
249,6,1,1,0,0,1,15,2422,0,0,0,1,1,7,15,2422,12,0,6,8
250,7,1,1,0,0,1,15,2422,0,0,0,1,1,8,15,2422,12,0,7,9
251,8,1,1,0,0,1,15,2422,0,0,1,1,1,9,15,2422,12,0,8,10
252,9,1,1,0,1,1,15,2422,0,0,0,0,0,10,15,2422,12,0,9,11
253,10,1,1,0,0,1,15,2422,0,0,0,0,0,11,15,2422,12,0,10,12
254,11,1,1,0,0,1,15,2422,0,0,0,0,0,12,15,2422,12,0,11,13
255,12,1,1,0,0,1,15,2422,0,0,0,0,0,13,15,2422,12,0,12,14
256,13,1,1,0,0,1,15,2422,0,0,0,0,0,14,15,2422,12,0,13,15
257,14,1,1,0,0,1,15,2422,0,0,0,0,0,15,15,2595,12,0,14,16
258,15,1,1,0,0,1,15,2595,1,0,0,0,0,0,15,2595,15,1,15,1
259,0,1,1,1,0,1,15,2595,0,0,0,0,0,1,16,2595,15,0,16,2
260,1,1,1,0,0,1,16,2595,0,1,0,0,0,2,16,2595,15,0,1,3
261,2,1,1,0,0,1,16,2595,0,0,0,1,1,3,16,2595,15,0,2,4
262,3,1,1,0,0,1,16,2595,0,0,0,1,1,4,16,2595,15,0,3,5
263,4,1,1,0,0,1,16,2595,0,0,0,1,1,5,16,2595,15,0,4,6
264,5,1,1,0,0,1,16,2595,0,0,0,1,1,6,16,2595,15,0,5,7
265,6,1,1,0,0,1,16,2595,0,0,0,1,1,7,16,2595,15,0,6,8
266,7,1,1,0,0,1,16,2595,0,0,0,0,0,8,16,2595,15,0,7,9
267,8,1,1,0,0,1,16,2595,0,0,0,1,1,9,16,2595,15,0,8,10
268,9,1,1,0,1,1,16,2595,0,0,0,0,0,10,16,2595,15,0,9,11
269,10,1,1,0,0,1,16,2595,0,0,0,0,0,11,16,2595,15,0,10,12
270,11,1,1,0,0,1,16,2595,0,0,0,0,0,12,16,2595,15,0,11,13
271,12,1,1,0,0,1,16,2595,0,0,0,0,0,13,16,2595,15,0,12,14
272,13,1,1,0,0,1,16,2595,0,0,0,0,0,14,16,2595,15,0,13,15
273,14,1,1,0,0,1,16,2595,0,0,0,0,0,15,16,2768,15,0,14,16
274,15,1,1,0,0,1,16,2768,1,0,0,0,0,0,16,2768,16,1,15,1
275,0,1,1,1,0,1,16,2768,0,0,0,0,0,1,17,2768,16,0,16,2
276,1,1,1,0,0,0,17,2768,0,1,0,0,0,2,17,2768,16,0,1,3
277,2,1,1,0,0,0,17,2768,0,0,0,1,1,3,17,2768,16,0,2,4
278,3,1,1,0,0,0,17,2768,0,0,0,1,1,4,17,2768,16,0,3,5
279,4,1,1,0,0,0,17,2768,0,0,0,1,1,5,17,2768,16,0,4,6
280,5,1,1,0,0,0,17,2768,0,0,0,1,1,6,17,2768,16,0,5,7
281,6,1,1,0,0,0,17,2768,0,0,0,1,1,7,17,2768,16,0,6,8
282,7,1,1,0,0,0,17,2768,0,0,0,1,1,8,17,2768,16,0,7,9
283,8,1,1,0,0,0,17,2768,0,0,1,1,1,9,17,2768,16,0,8,10
284,9,1,1,0,1,0,17,2768,0,0,0,0,0,10,17,2768,16,0,9,11
285,10,1,1,0,0,0,17,2768,0,0,0,0,0,11,17,2768,16,0,10,12
286,11,1,1,0,0,0,17,2768,0,0,0,0,0,12,17,2768,16,0,11,13
287,12,1,1,0,0,0,17,2768,0,0,0,0,0,13,17,2768,16,0,12,14
288,13,1,1,0,0,0,17,2768,0,0,0,0,0,14,17,2768,16,0,13,15
289,14,1,1,0,0,0,17,2768,0,0,0,0,0,15,17,2768,16,0,14,16
290,15,1,1,0,0,0,17,2768,0,0,0,0,0,0,17,2768,16,0,15,1
291,0,1,1,1,0,0,17,2768,0,0,0,0,0,1,18,2768,16,0,16,2
292,1,1,1,0,0,1,18,2768,0,1,0,0,0,2,18,2768,16,0,1,3
293,2,1,1,0,0,1,18,2768,0,0,0,1,1,3,18,2768,16,0,2,4
294,3,1,1,0,0,1,18,2768,0,0,0,1,1,4,18,2768,16,0,3,5
295,4,1,1,0,0,1,18,2768,0,0,0,1,1,5,18,2768,16,0,4,6
296,5,1,1,0,0,1,18,2768,0,0,0,1,1,6,18,2768,16,0,5,7
297,6,1,1,0,0,1,18,2768,0,0,0,1,1,7,18,2768,16,0,6,8
298,7,1,1,0,0,1,18,2768,0,0,0,1,1,8,18,2768,16,0,7,9
299,8,1,1,0,0,1,18,2768,0,0,1,1,1,9,18,2768,16,0,8,10
300,9,1,1,0,1,1,18,2768,0,0,0,0,0,10,18,2768,16,0,9,11
301,10,1,1,0,0,1,18,2768,0,0,0,0,0,11,18,2768,16,0,10,12
302,11,1,1,0,0,1,18,2768,0,0,0,0,0,12,18,2768,16,0,11,13
303,12,1,1,0,0,1,18,2768,0,0,0,0,0,13,18,2768,16,0,12,14
304,13,1,1,0,0,1,18,2768,0,0,0,0,0,14,18,2768,16,0,13,15
305,14,1,1,0,0,1,18,2768,0,0,0,0,0,15,18,3114,16,0,14,16
306,15,1,1,0,0,1,18,3114,0,0,0,0,0,0,18,3114,16,0,15,1
307,0,1,1,1,0,1,18,3114,0,0,0,0,0,1,19,3114,16,0,16,2
308,1,1,1,0,0,1,19,3114,0,1,0,0,0,2,19,3114,16,0,1,3
309,2,1,1,0,0,1,19,3114,0,0,0,1,1,3,19,3114,16,0,2,4
310,3,1,1,0,0,1,19,3114,0,0,0,1,1,4,19,3114,16,0,3,5
311,4,1,1,0,0,1,19,3114,0,0,0,1,1,5,19,3114,16,0,4,6
312,5,1,1,0,0,1,19,3114,0,0,0,1,1,6,19,3114,16,0,5,7
313,6,1,1,0,0,1,19,3114,0,0,0,1,1,7,19,3114,16,0,6,8
314,7,1,1,0,0,1,19,3114,0,0,0,1,1,8,19,3114,16,0,7,9
315,8,1,1,0,0,1,19,3114,0,0,1,1,1,9,19,3114,16,0,8,10
316,9,1,1,0,1,1,19,3114,0,0,0,0,0,10,19,3114,16,0,9,11
317,10,1,1,0,0,1,19,3114,0,0,0,0,0,11,19,3114,16,0,10,12
318,11,1,1,0,0,1,19,3114,0,0,0,0,0,12,19,3114,16,0,11,13
319,12,1,1,0,0,1,19,3114,0,0,0,0,0,13,19,3114,16,0,12,14
320,13,1,1,0,0,1,19,3114,0,0,0,0,0,14,19,3114,16,0,13,15
321,14,1,1,0,0,1,19,3114,0,0,0,0,0,15,19,3287,16,0,14,16
322,15,1,1,0,0,1,19,3287,1,0,0,0,0,0,19,3287,19,1,15,1
323,0,1,1,1,0,1,19,3287,0,0,0,0,0,1,20,3287,19,0,16,2
324,1,1,1,0,0,1,20,3287,0,1,0,0,0,2,20,3287,19,0,1,3
325,2,1,1,0,0,1,20,3287,0,0,0,1,1,3,20,3287,19,0,2,4
326,3,1,1,0,0,1,20,3287,0,0,0,1,1,4,20,3287,19,0,3,5
327,4,1,1,0,0,1,20,3287,0,0,0,1,1,5,20,3287,19,0,4,6
328,5,1,1,0,0,1,20,3287,0,0,0,1,1,6,20,3287,19,0,5,7
329,6,1,1,0,0,1,20,3287,0,0,0,1,1,7,20,3287,19,0,6,8
330,7,1,1,0,0,1,20,3287,0,0,0,1,1,8,20,3287,19,0,7,9
331,8,1,1,0,0,1,20,3287,0,0,0,0,0,9,20,3287,19,0,8,10
332,9,1,1,0,1,1,20,3287,0,0,0,0,0,10,20,3287,19,0,9,11
333,10,1,1,0,0,1,20,3287,0,0,0,0,0,11,20,3287,19,0,10,12
334,11,1,1,0,0,1,20,3287,0,0,0,0,0,12,20,3287,19,0,11,13
335,12,1,1,0,0,1,20,3287,0,0,0,0,0,13,20,3287,19,0,12,14
336,13,1,1,0,0,1,20,3287,0,0,0,0,0,14,20,3287,19,0,13,15
337,14,1,1,0,0,1,20,3287,0,0,0,0,0,15,20,3460,19,0,14,16
338,15,1,1,0,0,1,20,3460,1,0,0,0,0,0,20,3460,20,1,15,1
339,0,1,1,1,0,1,20,3460,0,0,0,0,0,1,21,3460,20,0,16,2
340,1,1,1,0,0,0,21,3460,0,1,0,0,0,2,21,3460,20,0,1,3
341,2,1,1,0,0,0,21,3460,0,0,0,1,1,3,21,3460,20,0,2,4
342,3,1,1,0,0,0,21,3460,0,0,0,1,1,4,21,3460,20,0,3,5
343,4,1,1,0,0,0,21,3460,0,0,0,1,1,5,21,3460,20,0,4,6
344,5,1,1,0,0,0,21,3460,0,0,0,1,1,6,21,3460,20,0,5,7
345,6,1,1,0,0,0,21,3460,0,0,0,1,1,7,21,3460,20,0,6,8
346,7,1,1,0,0,0,21,3460,0,0,0,1,1,8,21,3460,20,0,7,9
347,8,1,1,0,0,0,21,3460,0,0,1,1,1,9,21,3460,20,0,8,10
348,9,1,1,0,1,0,21,3460,0,0,0,0,0,10,21,3460,20,0,9,11
349,10,1,1,0,0,0,21,3460,0,0,0,0,0,11,21,3460,20,0,10,12
350,11,1,1,0,0,0,21,3460,0,0,0,0,0,12,21,3460,20,0,11,13
351,12,1,1,0,0,0,21,3460,0,0,0,0,0,13,21,3460,20,0,12,14
352,13,1,1,0,0,0,21,3460,0,0,0,0,0,14,21,3460,20,0,13,15
353,14,1,1,0,0,0,21,3460,0,0,0,0,0,15,21,3460,20,0,14,16
354,15,1,1,0,0,0,21,3460,0,0,0,0,0,0,21,3460,20,0,15,1
355,0,1,1,1,0,0,21,3460,0,0,0,0,0,1,22,3460,20,0,16,2
356,1,1,1,0,0,1,22,3460,0,1,0,0,0,2,22,3460,20,0,1,3
357,2,1,1,0,0,1,22,3460,0,0,0,1,1,3,22,3460,20,0,2,4
358,3,1,1,0,0,1,22,3460,0,0,0,1,1,4,22,3460,20,0,3,5
359,4,1,1,0,0,1,22,3460,0,0,0,1,1,5,22,3460,20,0,4,6
360,5,1,1,0,0,1,22,3460,0,0,0,1,1,6,22,3460,20,0,5,7
361,6,1,1,0,0,1,22,3460,0,0,0,1,1,7,22,3460,20,0,6,8
362,7,1,1,0,0,1,22,3460,0,0,0,1,1,8,22,3460,20,0,7,9
363,8,1,1,0,0,1,22,3460,0,0,1,1,1,9,22,3460,20,0,8,10
364,9,1,1,0,1,1,22,3460,0,0,0,0,0,10,22,3460,20,0,9,11
365,10,1,1,0,0,1,22,3460,0,0,0,0,0,11,22,3460,20,0,10,12
366,11,1,1,0,0,1,22,3460,0,0,0,0,0,12,22,3460,20,0,11,13
367,12,1,1,0,0,1,22,3460,0,0,0,0,0,13,22,3460,20,0,12,14
368,13,1,1,0,0,1,22,3460,0,0,0,0,0,14,22,3460,20,0,13,15
369,14,1,1,0,0,1,22,3460,0,0,0,0,0,15,22,3806,20,0,14,16
370,15,1,1,0,0,1,22,3806,0,0,0,0,0,0,22,3806,20,0,15,1
371,0,1,1,1,0,1,22,3806,0,0,0,0,0,1,23,3806,20,0,16,2
372,1,1,1,0,0,1,23,3806,0,1,0,0,0,2,23,3806,20,0,1,3
373,2,1,1,0,0,1,23,3806,0,0,0,1,1,3,23,3806,20,0,2,4
374,3,1,1,0,0,1,23,3806,0,0,0,1,1,4,23,3806,20,0,3,5
375,4,1,1,0,0,1,23,3806,0,0,0,1,1,5,23,3806,20,0,4,6
376,5,1,1,0,0,1,23,3806,0,0,0,1,1,6,23,3806,20,0,5,7
377,6,1,1,0,0,1,23,3806,0,0,0,1,1,7,23,3806,20,0,6,8
378,7,1,1,0,0,1,23,3806,0,0,0,1,1,8,23,3806,20,0,7,9
379,8,1,1,0,0,1,23,3806,0,0,1,1,1,9,23,3806,20,0,8,10
380,9,1,1,0,1,1,23,3806,0,0,0,0,0,10,23,3806,20,0,9,11
381,10,1,1,0,0,1,23,3806,0,0,0,0,0,11,23,3806,20,0,10,12
382,11,1,1,0,0,1,23,3806,0,0,0,0,0,12,23,3806,20,0,11,13
383,12,1,1,0,0,1,23,3806,0,0,0,0,0,13,23,3806,20,0,12,14
384,13,1,1,0,0,1,23,3806,0,0,0,0,0,14,23,3806,20,0,13,15
385,14,1,1,0,0,1,23,3806,0,0,0,0,0,15,23,3979,20,0,14,16
386,15,1,1,0,0,1,23,3979,1,0,0,0,0,0,23,3979,23,1,15,1
387,0,1,1,1,0,1,23,3979,0,0,0,0,0,1,24,3979,23,0,16,2
388,1,1,1,0,0,1,24,3979,0,1,0,0,0,2,24,3979,23,0,1,3
389,2,1,1,0,0,1,24,3979,0,0,0,1,1,3,24,3979,23,0,2,4
390,3,1,1,0,0,1,24,3979,0,0,0,0,0,4,24,3979,23,0,3,5
391,4,1,1,0,0,1,24,3979,0,0,0,1,1,5,24,3979,23,0,4,6
392,5,1,1,0,0,1,24,3979,0,0,0,1,1,6,24,3979,23,0,5,7
393,6,1,1,0,0,1,24,3979,0,0,0,1,1,7,24,3979,23,0,6,8
394,7,1,1,0,0,1,24,3979,0,0,0,1,1,8,24,3979,23,0,7,9
395,8,1,1,0,0,1,24,3979,0,0,0,1,1,9,24,3979,23,0,8,10
396,9,1,1,0,1,1,24,3979,0,0,0,0,0,10,24,3979,23,0,9,11
397,10,1,1,0,0,1,24,3979,0,0,0,0,0,11,24,3979,23,0,10,12
398,11,1,1,0,0,1,24,3979,0,0,0,0,0,12,24,3979,23,0,11,13
399,12,1,1,0,0,1,24,3979,0,0,0,0,0,13,24,3979,23,0,12,14
400,13,1,1,0,0,1,24,3979,0,0,0,0,0,14,24,3979,23,0,13,15
401,14,1,1,0,0,1,24,3979,0,0,0,0,0,15,24,56,23,0,14,16
402,15,1,1,0,0,1,24,56,1,0,0,0,0,0,24,56,24,1,15,1
403,0,1,1,1,0,1,24,56,0,0,0,0,0,1,25,56,24,0,16,2
404,1,1,1,0,0,0,25,56,0,1,0,0,0,2,25,56,24,0,1,3
405,2,1,1,0,0,0,25,56,0,0,0,1,1,3,25,56,24,0,2,4
406,3,1,1,0,0,0,25,56,0,0,0,1,1,4,25,56,24,0,3,5
407,4,1,1,0,0,0,25,56,0,0,0,1,1,5,25,56,24,0,4,6
408,5,1,1,0,0,0,25,56,0,0,0,1,1,6,25,56,24,0,5,7
409,6,1,1,0,0,0,25,56,0,0,0,1,1,7,25,56,24,0,6,8
410,7,1,1,0,0,0,25,56,0,0,0,1,1,8,25,56,24,0,7,9
411,8,1,1,0,0,0,25,56,0,0,1,1,1,9,25,56,24,0,8,10
412,9,1,1,0,1,0,25,56,0,0,0,0,0,10,25,56,24,0,9,11
413,10,1,1,0,0,0,25,56,0,0,0,0,0,11,25,56,24,0,10,12
414,11,1,1,0,0,0,25,56,0,0,0,0,0,12,25,56,24,0,11,13
415,12,1,1,0,0,0,25,56,0,0,0,0,0,13,25,56,24,0,12,14
416,13,1,1,0,0,0,25,56,0,0,0,0,0,14,25,56,24,0,13,15
417,14,1,1,0,0,0,25,56,0,0,0,0,0,15,25,56,24,0,14,16
418,15,1,1,0,0,0,25,56,0,0,0,0,0,0,25,56,24,0,15,1
419,0,1,1,1,0,0,25,56,0,0,0,0,0,1,26,56,24,0,16,2
420,1,1,1,0,0,1,26,56,0,1,0,0,0,2,26,56,24,0,1,3
421,2,1,1,0,0,1,26,56,0,0,0,1,1,3,26,56,24,0,2,4
422,3,1,1,0,0,1,26,56,0,0,0,1,1,4,26,56,24,0,3,5
423,4,1,1,0,0,1,26,56,0,0,0,1,1,5,26,56,24,0,4,6
424,5,1,1,0,0,1,26,56,0,0,0,1,1,6,26,56,24,0,5,7
425,6,1,1,0,0,1,26,56,0,0,0,1,1,7,26,56,24,0,6,8
426,7,1,1,0,0,1,26,56,0,0,0,1,1,8,26,56,24,0,7,9
427,8,1,1,0,0,1,26,56,0,0,1,1,1,9,26,56,24,0,8,10
428,9,1,1,0,1,1,26,56,0,0,0,0,0,10,26,56,24,0,9,11
429,10,1,1,0,0,1,26,56,0,0,0,0,0,11,26,56,24,0,10,12
430,11,1,1,0,0,1,26,56,0,0,0,0,0,12,26,56,24,0,11,13
431,12,1,1,0,0,1,26,56,0,0,0,0,0,13,26,56,24,0,12,14
432,13,1,1,0,0,1,26,56,0,0,0,0,0,14,26,56,24,0,13,15
433,14,1,1,0,0,1,26,56,0,0,0,0,0,15,26,402,24,0,14,16
434,15,1,1,0,0,1,26,402,0,0,0,0,0,0,26,402,24,0,15,1
435,0,1,1,1,0,1,26,402,0,0,0,0,0,1,27,402,24,0,16,2
436,1,1,1,0,0,1,27,402,0,1,0,0,0,2,27,402,24,0,1,3
437,2,1,1,0,0,1,27,402,0,0,0,1,1,3,27,402,24,0,2,4
438,3,1,1,0,0,1,27,402,0,0,0,1,1,4,27,402,24,0,3,5
439,4,1,1,0,0,1,27,402,0,0,0,1,1,5,27,402,24,0,4,6
440,5,1,1,0,0,1,27,402,0,0,0,1,1,6,27,402,24,0,5,7
441,6,1,1,0,0,1,27,402,0,0,0,1,1,7,27,402,24,0,6,8
442,7,1,1,0,0,1,27,402,0,0,0,1,1,8,27,402,24,0,7,9
443,8,1,1,0,0,1,27,402,0,0,1,1,1,9,27,402,24,0,8,10
444,9,1,1,0,1,1,27,402,0,0,0,0,0,10,27,402,24,0,9,11
445,10,1,1,0,0,1,27,402,0,0,0,0,0,11,27,402,24,0,10,12
446,11,1,1,0,0,1,27,402,0,0,0,0,0,12,27,402,24,0,11,13
447,12,1,1,0,0,1,27,402,0,0,0,0,0,13,27,402,24,0,12,14
448,13,1,1,0,0,1,27,402,0,0,0,0,0,14,27,402,24,0,13,15
449,14,1,1,0,0,1,27,402,0,0,0,0,0,15,27,575,24,0,14,16
450,15,1,1,0,0,1,27,575,1,0,0,0,0,0,27,575,27,1,15,1
451,0,1,1,1,0,1,27,575,0,0,0,0,0,1,28,575,27,0,16,2
452,1,1,1,0,0,1,28,575,0,1,0,0,0,2,28,575,27,0,1,3
453,2,1,1,0,0,1,28,575,0,0,0,1,1,3,28,575,27,0,2,4
454,3,1,1,0,0,1,28,575,0,0,0,1,1,4,28,575,27,0,3,5
455,4,1,1,0,0,1,28,575,0,0,0,0,0,5,28,575,27,0,4,6
456,5,1,1,0,0,1,28,575,0,0,0,1,1,6,28,575,27,0,5,7
457,6,1,1,0,0,1,28,575,0,0,0,1,1,7,28,575,27,0,6,8
458,7,1,1,0,0,1,28,575,0,0,0,1,1,8,28,575,27,0,7,9
459,8,1,1,0,0,1,28,575,0,0,0,1,1,9,28,575,27,0,8,10
460,9,1,1,0,1,1,28,575,0,0,0,0,0,10,28,575,27,0,9,11
461,10,1,1,0,0,1,28,575,0,0,0,0,0,11,28,575,27,0,10,12
462,11,1,1,0,0,1,28,575,0,0,0,0,0,12,28,575,27,0,11,13
463,12,1,1,0,0,1,28,575,0,0,0,0,0,13,28,575,27,0,12,14
464,13,1,1,0,0,1,28,575,0,0,0,0,0,14,28,575,27,0,13,15
465,14,1,1,0,0,1,28,575,0,0,0,0,0,15,28,748,27,0,14,16
466,15,1,1,0,0,1,28,748,1,0,0,0,0,0,28,748,28,1,15,1
467,0,1,1,1,0,1,28,748,0,0,0,0,0,1,29,748,28,0,16,2
468,1,1,1,0,0,0,29,748,0,1,0,0,0,2,29,748,28,0,1,3
469,2,1,1,0,0,0,29,748,0,0,0,1,1,3,29,748,28,0,2,4
470,3,1,1,0,0,0,29,748,0,0,0,1,1,4,29,748,28,0,3,5
471,4,1,1,0,0,0,29,748,0,0,0,1,1,5,29,748,28,0,4,6
472,5,1,1,0,0,0,29,748,0,0,0,1,1,6,29,748,28,0,5,7
473,6,1,1,0,0,0,29,748,0,0,0,1,1,7,29,748,28,0,6,8
474,7,1,1,0,0,0,29,748,0,0,0,1,1,8,29,748,28,0,7,9
475,8,1,1,0,0,0,29,748,0,0,1,1,1,9,29,748,28,0,8,10
476,9,1,1,0,1,0,29,748,0,0,0,0,0,10,29,748,28,0,9,11
477,10,1,1,0,0,0,29,748,0,0,0,0,0,11,29,748,28,0,10,12
478,11,1,1,0,0,0,29,748,0,0,0,0,0,12,29,748,28,0,11,13
479,12,1,1,0,0,0,29,748,0,0,0,0,0,13,29,748,28,0,12,14
480,13,1,1,0,0,0,29,748,0,0,0,0,0,14,29,748,28,0,13,15
481,14,1,1,0,0,0,29,748,0,0,0,0,0,15,29,748,28,0,14,16
482,15,1,1,0,0,0,29,748,0,0,0,0,0,0,29,748,28,0,15,1
483,0,1,1,1,0,0,29,748,0,0,0,0,0,1,30,748,28,0,16,2
484,1,1,1,0,0,1,30,748,0,1,0,0,0,2,30,748,28,0,1,3
485,2,1,1,0,0,1,30,748,0,0,0,1,1,3,30,748,28,0,2,4
486,3,1,1,0,0,1,30,748,0,0,0,1,1,4,30,748,28,0,3,5
487,4,1,1,0,0,1,30,748,0,0,0,1,1,5,30,748,28,0,4,6
488,5,1,1,0,0,1,30,748,0,0,0,1,1,6,30,748,28,0,5,7
489,6,1,1,0,0,1,30,748,0,0,0,1,1,7,30,748,28,0,6,8
490,7,1,1,0,0,1,30,748,0,0,0,1,1,8,30,748,28,0,7,9
491,8,1,1,0,0,1,30,748,0,0,1,1,1,9,30,748,28,0,8,10
492,9,1,1,0,1,1,30,748,0,0,0,0,0,10,30,748,28,0,9,11
493,10,1,1,0,0,1,30,748,0,0,0,0,0,11,30,748,28,0,10,12
494,11,1,1,0,0,1,30,748,0,0,0,0,0,12,30,748,28,0,11,13
495,12,1,1,0,0,1,30,748,0,0,0,0,0,13,30,748,28,0,12,14
496,13,1,1,0,0,1,30,748,0,0,0,0,0,14,30,748,28,0,13,15
497,14,1,1,0,0,1,30,748,0,0,0,0,0,15,30,1094,28,0,14,16
498,15,1,1,0,0,1,30,1094,0,0,0,0,0,0,30,1094,28,0,15,1
499,0,1,1,1,0,1,30,1094,0,0,0,0,0,1,31,1094,28,0,16,2
500,1,1,1,0,0,1,31,1094,0,1,0,0,0,2,31,1094,28,0,1,3
501,2,1,1,0,0,1,31,1094,0,0,0,1,1,3,31,1094,28,0,2,4
502,3,1,1,0,0,1,31,1094,0,0,0,1,1,4,31,1094,28,0,3,5
503,4,1,1,0,0,1,31,1094,0,0,0,1,1,5,31,1094,28,0,4,6
504,5,1,1,0,0,1,31,1094,0,0,0,1,1,6,31,1094,28,0,5,7
505,6,1,1,0,0,1,31,1094,0,0,0,1,1,7,31,1094,28,0,6,8
506,7,1,1,0,0,1,31,1094,0,0,0,1,1,8,31,1094,28,0,7,9
507,8,1,1,0,0,1,31,1094,0,0,1,1,1,9,31,1094,28,0,8,10
508,9,1,1,0,1,1,31,1094,0,0,0,0,0,10,31,1094,28,0,9,11
509,10,1,1,0,0,1,31,1094,0,0,0,0,0,11,31,1094,28,0,10,12
510,11,1,1,0,0,1,31,1094,0,0,0,0,0,12,31,1094,28,0,11,13
511,12,1,1,0,0,1,31,1094,0,0,0,0,0,13,31,1094,28,0,12,14
512,13,1,1,0,0,1,31,1094,0,0,0,0,0,14,31,1094,28,0,13,15
513,14,1,1,0,0,1,31,1094,0,0,0,0,0,15,31,1267,28,0,14,16
514,15,1,1,0,0,1,31,1267,1,0,0,0,0,0,31,1267,31,1,15,1
515,0,1,1,1,0,1,31,1267,0,0,0,0,0,1,32,1267,31,0,16,2
516,1,1,1,0,0,1,32,1267,0,1,0,0,0,2,32,1267,31,0,1,3
517,2,1,1,0,0,1,32,1267,0,0,0,1,1,3,32,1267,31,0,2,4
518,3,1,1,0,0,1,32,1267,0,0,0,1,1,4,32,1267,31,0,3,5
519,4,1,1,0,0,1,32,1267,0,0,0,1,1,5,32,1267,31,0,4,6
520,5,1,1,0,0,1,32,1267,0,0,0,0,0,6,32,1267,31,0,5,7
521,6,1,1,0,0,1,32,1267,0,0,0,1,1,7,32,1267,31,0,6,8
522,7,1,1,0,0,1,32,1267,0,0,0,1,1,8,32,1267,31,0,7,9
523,8,1,1,0,0,1,32,1267,0,0,0,1,1,9,32,1267,31,0,8,10
524,9,1,1,0,1,1,32,1267,0,0,0,0,0,10,32,1267,31,0,9,11
525,10,1,1,0,0,1,32,1267,0,0,0,0,0,11,32,1267,31,0,10,12
526,11,1,1,0,0,1,32,1267,0,0,0,0,0,12,32,1267,31,0,11,13
527,12,1,1,0,0,1,32,1267,0,0,0,0,0,13,32,1267,31,0,12,14
528,13,1,1,0,0,1,32,1267,0,0,0,0,0,14,32,1267,31,0,13,15
529,14,1,1,0,0,1,32,1267,0,0,0,0,0,15,32,1440,31,0,14,16
530,15,1,1,0,0,1,32,1440,1,0,0,0,0,0,32,1440,32,1,15,1
531,0,1,1,1,0,1,32,1440,0,0,0,0,0,1,33,1440,32,0,16,2
532,1,1,1,0,0,0,33,1440,0,1,0,0,0,2,33,1440,32,0,1,3
533,2,1,1,0,0,0,33,1440,0,0,0,1,1,3,33,1440,32,0,2,4
534,3,1,1,0,0,0,33,1440,0,0,0,1,1,4,33,1440,32,0,3,5
535,4,1,1,0,0,0,33,1440,0,0,0,1,1,5,33,1440,32,0,4,6
536,5,1,1,0,0,0,33,1440,0,0,0,1,1,6,33,1440,32,0,5,7
537,6,1,1,0,0,0,33,1440,0,0,0,1,1,7,33,1440,32,0,6,8
538,7,1,1,0,0,0,33,1440,0,0,0,1,1,8,33,1440,32,0,7,9
539,8,1,1,0,0,0,33,1440,0,0,1,1,1,9,33,1440,32,0,8,10
540,9,1,1,0,1,0,33,1440,0,0,0,0,0,10,33,1440,32,0,9,11
541,10,1,1,0,0,0,33,1440,0,0,0,0,0,11,33,1440,32,0,10,12
542,11,1,1,0,0,0,33,1440,0,0,0,0,0,12,33,1440,32,0,11,13
543,12,1,1,0,0,0,33,1440,0,0,0,0,0,13,33,1440,32,0,12,14
544,13,1,1,0,0,0,33,1440,0,0,0,0,0,14,33,1440,32,0,13,15
545,14,1,1,0,0,0,33,1440,0,0,0,0,0,15,33,1440,32,0,14,16
546,15,1,1,0,0,0,33,1440,0,0,0,0,0,0,33,1440,32,0,15,1
547,0,1,1,1,0,0,33,1440,0,0,0,0,0,1,34,1440,32,0,16,2
548,1,1,1,0,0,1,34,1440,0,0,0,0,0,2,34,1440,32,0,1,3
549,2,1,1,0,0,1,34,1440,0,0,0,0,0,3,34,1440,32,0,2,4
550,3,1,1,0,0,1,34,1440,0,0,0,0,0,4,34,1440,32,0,3,5
551,4,1,1,0,0,1,34,1440,0,0,0,0,0,5,34,1440,32,0,4,6
552,5,1,1,0,0,1,34,1440,0,0,0,0,0,6,34,1440,32,0,5,7
553,6,1,1,0,0,1,34,1440,0,0,0,0,0,7,34,1440,32,0,6,8
554,7,1,1,0,0,1,34,1440,0,0,0,0,0,8,34,1440,32,0,7,9
555,8,1,1,0,0,1,34,1440,0,0,0,0,0,9,34,1440,32,0,8,10
556,9,1,1,0,1,1,34,1440,0,0,0,0,0,10,34,1440,32,0,9,11
557,10,1,1,0,0,1,34,1440,0,0,0,0,0,11,34,1440,32,0,10,12
558,11,1,1,0,0,1,34,1440,0,0,0,0,0,12,34,1440,32,0,11,13
559,12,1,1,0,0,1,34,1440,0,0,0,0,0,13,34,1440,32,0,12,14
560,13,1,1,0,0,1,34,1440,0,0,0,0,0,14,34,1440,32,0,13,15
561,14,1,1,0,0,1,34,1440,0,0,0,0,0,15,34,1786,32,0,14,16
562,15,1,1,0,0,1,34,1786,0,0,0,0,0,0,34,1786,32,0,15,1
563,0,1,1,1,0,1,34,1786,0,0,0,0,0,1,35,1786,32,0,16,2
564,1,1,1,0,0,0,35,1786,0,1,0,0,0,2,35,1786,32,0,1,3
565,2,1,1,0,0,0,35,1786,0,0,0,1,1,3,35,1786,32,0,2,4
566,3,1,1,0,0,0,35,1786,0,0,0,1,1,4,35,1786,32,0,3,5
567,4,1,1,0,0,0,35,1786,0,0,0,1,1,5,35,1786,32,0,4,6
568,5,1,1,0,0,0,35,1786,0,0,0,1,1,6,35,1786,32,0,5,7
569,6,1,1,0,0,0,35,1786,0,0,0,1,1,7,35,1786,32,0,6,8
570,7,1,1,0,0,0,35,1786,0,0,0,1,1,8,35,1786,32,0,7,9
571,8,1,1,0,0,0,35,1786,0,0,1,1,1,9,35,1786,32,0,8,10
572,9,1,1,0,1,0,35,1786,0,0,0,0,0,10,35,1786,32,0,9,11
573,10,1,1,0,0,0,35,1786,0,0,0,0,0,11,35,1786,32,0,10,12
574,11,1,1,0,0,0,35,1786,0,0,0,0,0,12,35,1786,32,0,11,13
575,12,1,1,0,0,0,35,1786,0,0,0,0,0,13,35,1786,32,0,12,14
576,13,1,1,0,0,0,35,1786,0,0,0,0,0,14,35,1786,32,0,13,15
577,14,1,1,0,0,0,35,1786,0,0,0,0,0,15,35,1786,32,0,14,16
578,15,1,1,0,0,0,35,1786,0,0,0,0,0,0,35,1786,32,0,15,1
579,0,1,1,1,0,0,35,1786,0,0,0,0,0,1,36,1786,32,0,16,2
580,1,1,1,0,0,1,36,1786,0,1,0,0,0,2,36,1786,32,0,1,3
581,2,1,1,0,0,1,36,1786,0,0,0,1,1,3,36,1786,32,0,2,4
582,3,1,1,0,0,1,36,1786,0,0,0,1,1,4,36,1786,32,0,3,5
583,4,1,1,0,0,1,36,1786,0,0,0,1,1,5,36,1786,32,0,4,6
584,5,1,1,0,0,1,36,1786,0,0,0,1,1,6,36,1786,32,0,5,7
585,6,1,1,0,0,1,36,1786,0,0,0,0,0,7,36,1786,32,0,6,8
586,7,1,1,0,0,1,36,1786,0,0,0,1,1,8,36,1786,32,0,7,9
587,8,1,1,0,0,1,36,1786,0,0,0,1,1,9,36,1786,32,0,8,10
588,9,1,1,0,1,1,36,1786,0,0,0,0,0,10,36,1786,32,0,9,11
589,10,1,1,0,0,1,36,1786,0,0,0,0,0,11,36,1786,32,0,10,12
590,11,1,1,0,0,1,36,1786,0,0,0,0,0,12,36,1786,32,0,11,13
591,12,1,1,0,0,1,36,1786,0,0,0,0,0,13,36,1786,32,0,12,14
592,13,1,1,0,0,1,36,1786,0,0,0,0,0,14,36,1786,32,0,13,15
593,14,1,1,0,0,1,36,1786,0,0,0,0,0,15,36,2132,32,0,14,16
594,15,1,1,0,0,1,36,2132,1,0,0,0,0,0,36,2132,36,1,15,1
595,0,1,1,1,0,1,36,2132,0,0,0,0,0,1,37,2132,36,0,16,2
596,1,1,1,0,0,0,37,2132,0,1,0,0,0,2,37,2132,36,0,1,3
597,2,1,1,0,0,0,37,2132,0,0,0,1,1,3,37,2132,36,0,2,4
598,3,1,1,0,0,0,37,2132,0,0,0,1,1,4,37,2132,36,0,3,5
599,4,1,1,0,0,0,37,2132,0,0,0,1,1,5,37,2132,36,0,4,6
600,5,1,1,0,0,0,37,2132,0,0,0,1,1,6,37,2132,36,0,5,7
601,6,1,1,0,0,0,37,2132,0,0,0,1,1,7,37,2132,36,0,6,8
602,7,1,1,0,0,0,37,2132,0,0,0,1,1,8,37,2132,36,0,7,9
603,8,1,1,0,0,0,37,2132,0,0,1,1,1,9,37,2132,36,0,8,10
604,9,1,1,0,1,0,37,2132,0,0,0,0,0,10,37,2132,36,0,9,11
605,10,1,1,0,0,0,37,2132,0,0,0,0,0,11,37,2132,36,0,10,12
606,11,1,1,0,0,0,37,2132,0,0,0,0,0,12,37,2132,36,0,11,13
607,12,1,1,0,0,0,37,2132,0,0,0,0,0,13,37,2132,36,0,12,14
608,13,1,1,0,0,0,37,2132,0,0,0,0,0,14,37,2132,36,0,13,15
609,14,1,1,0,0,0,37,2132,0,0,0,0,0,15,37,2132,36,0,14,16
610,15,1,1,0,0,0,37,2132,0,0,0,0,0,0,37,2132,36,0,15,1
611,0,1,1,1,0,0,37,2132,0,0,0,0,0,1,38,2132,36,0,16,2
612,1,1,1,0,0,1,38,2132,0,1,0,0,0,2,38,2132,36,0,1,3
613,2,1,1,0,0,1,38,2132,0,0,0,1,1,3,38,2132,36,0,2,4
614,3,1,1,0,0,1,38,2132,0,0,0,1,1,4,38,2132,36,0,3,5
615,4,1,1,0,0,1,38,2132,0,0,0,1,1,5,38,2132,36,0,4,6
616,5,1,1,0,0,1,38,2132,0,0,0,1,1,6,38,2132,36,0,5,7
617,6,1,1,0,0,1,38,2132,0,0,0,1,1,7,38,2132,36,0,6,8
618,7,1,1,0,0,1,38,2132,0,0,0,1,1,8,38,2132,36,0,7,9
619,8,1,1,0,0,1,38,2132,0,0,1,1,1,9,38,2132,36,0,8,10
620,9,1,1,0,1,1,38,2132,0,0,0,0,0,10,38,2132,36,0,9,11
621,10,1,1,0,0,1,38,2132,0,0,0,0,0,11,38,2132,36,0,10,12
622,11,1,1,0,0,1,38,2132,0,0,0,0,0,12,38,2132,36,0,11,13
623,12,1,1,0,0,1,38,2132,0,0,0,0,0,13,38,2132,36,0,12,14
624,13,1,1,0,0,1,38,2132,0,0,0,0,0,14,38,2132,36,0,13,15
625,14,1,1,0,0,1,38,2132,0,0,0,0,0,15,38,2478,36,0,14,16
626,15,1,1,0,0,1,38,2478,0,0,0,0,0,0,38,2478,36,0,15,1
627,0,1,1,1,0,1,38,2478,0,0,0,0,0,1,39,2478,36,0,16,2
628,1,1,1,0,0,1,39,2478,0,1,0,0,0,2,39,2478,36,0,1,3
629,2,1,1,0,0,1,39,2478,0,0,0,1,1,3,39,2478,36,0,2,4
630,3,1,1,0,0,1,39,2478,0,0,0,1,1,4,39,2478,36,0,3,5
631,4,1,1,0,0,1,39,2478,0,0,0,1,1,5,39,2478,36,0,4,6
632,5,1,1,0,0,1,39,2478,0,0,0,1,1,6,39,2478,36,0,5,7
633,6,1,1,0,0,1,39,2478,0,0,0,1,1,7,39,2478,36,0,6,8
634,7,1,1,0,0,1,39,2478,0,0,0,1,1,8,39,2478,36,0,7,9
635,8,1,1,0,0,1,39,2478,0,0,1,1,1,9,39,2478,36,0,8,10
636,9,1,1,0,1,1,39,2478,0,0,0,0,0,10,39,2478,36,0,9,11
637,10,1,1,0,0,1,39,2478,0,0,0,0,0,11,39,2478,36,0,10,12
638,11,1,1,0,0,1,39,2478,0,0,0,0,0,12,39,2478,36,0,11,13
639,12,1,1,0,0,1,39,2478,0,0,0,0,0,13,39,2478,36,0,12,14
640,13,1,1,0,0,1,39,2478,0,0,0,0,0,14,39,2478,36,0,13,15
641,14,1,1,0,0,1,39,2478,0,0,0,0,0,15,39,2651,36,0,14,16
642,15,1,1,0,0,1,39,2651,1,0,0,0,0,0,39,2651,39,1,15,1
643,0,1,1,1,0,1,39,2651,0,0,0,0,0,1,40,2651,39,0,16,2
644,1,1,1,0,0,1,40,2651,0,1,0,0,0,2,40,2651,39,0,1,3
645,2,1,1,0,0,1,40,2651,0,0,0,1,1,3,40,2651,39,0,2,4
646,3,1,1,0,0,1,40,2651,0,0,0,1,1,4,40,2651,39,0,3,5
647,4,1,1,0,0,1,40,2651,0,0,0,1,1,5,40,2651,39,0,4,6
648,5,1,1,0,0,1,40,2651,0,0,0,1,1,6,40,2651,39,0,5,7
649,6,1,1,0,0,1,40,2651,0,0,0,1,1,7,40,2651,39,0,6,8
650,7,1,1,0,0,1,40,2651,0,0,0,0,0,8,40,2651,39,0,7,9
651,8,1,1,0,0,1,40,2651,0,0,0,1,1,9,40,2651,39,0,8,10
652,9,1,1,0,1,1,40,2651,0,0,0,0,0,10,40,2651,39,0,9,11
653,10,1,1,0,0,1,40,2651,0,0,0,0,0,11,40,2651,39,0,10,12
654,11,1,1,0,0,1,40,2651,0,0,0,0,0,12,40,2651,39,0,11,13
655,12,1,1,0,0,1,40,2651,0,0,0,0,0,13,40,2651,39,0,12,14
656,13,1,1,0,0,1,40,2651,0,0,0,0,0,14,40,2651,39,0,13,15
657,14,1,1,0,0,1,40,2651,0,0,0,0,0,15,40,2824,39,0,14,16
658,15,1,1,0,0,1,40,2824,1,0,0,0,0,0,40,2824,40,1,15,1
659,0,1,1,1,0,1,40,2824,0,0,0,0,0,1,41,2824,40,0,16,2
660,1,1,1,0,0,0,41,2824,0,1,0,0,0,2,41,2824,40,0,1,3
661,2,1,1,0,0,0,41,2824,0,0,0,1,1,3,41,2824,40,0,2,4
662,3,1,1,0,0,0,41,2824,0,0,0,1,1,4,41,2824,40,0,3,5
663,4,1,1,0,0,0,41,2824,0,0,0,1,1,5,41,2824,40,0,4,6
664,5,1,1,0,0,0,41,2824,0,0,0,1,1,6,41,2824,40,0,5,7
665,6,1,1,0,0,0,41,2824,0,0,0,1,1,7,41,2824,40,0,6,8
666,7,1,1,0,0,0,41,2824,0,0,0,1,1,8,41,2824,40,0,7,9
667,8,1,1,0,0,0,41,2824,0,0,1,1,1,9,41,2824,40,0,8,10
668,9,1,1,0,1,0,41,2824,0,0,0,0,0,10,41,2824,40,0,9,11
669,10,1,1,0,0,0,41,2824,0,0,0,0,0,11,41,2824,40,0,10,12
670,11,1,1,0,0,0,41,2824,0,0,0,0,0,12,41,2824,40,0,11,13
671,12,1,1,0,0,0,41,2824,0,0,0,0,0,13,41,2824,40,0,12,14
672,13,1,1,0,0,0,41,2824,0,0,0,0,0,14,41,2824,40,0,13,15
673,14,1,1,0,0,0,41,2824,0,0,0,0,0,15,41,2824,40,0,14,16
674,15,1,1,0,0,0,41,2824,0,0,0,0,0,0,41,2824,40,0,15,1
675,0,1,1,1,0,0,41,2824,0,0,0,0,0,1,42,2824,40,0,16,2
676,1,1,1,0,0,1,42,2824,0,1,0,0,0,2,42,2824,40,0,1,3
677,2,1,1,0,0,1,42,2824,0,0,0,1,1,3,42,2824,40,0,2,4
678,3,1,1,0,0,1,42,2824,0,0,0,1,1,4,42,2824,40,0,3,5
679,4,1,1,0,0,1,42,2824,0,0,0,1,1,5,42,2824,40,0,4,6
680,5,1,1,0,0,1,42,2824,0,0,0,1,1,6,42,2824,40,0,5,7
681,6,1,1,0,0,1,42,2824,0,0,0,1,1,7,42,2824,40,0,6,8
682,7,1,1,0,0,1,42,2824,0,0,0,1,1,8,42,2824,40,0,7,9
683,8,1,1,0,0,1,42,2824,0,0,1,1,1,9,42,2824,40,0,8,10
684,9,1,1,0,1,1,42,2824,0,0,0,0,0,10,42,2824,40,0,9,11
685,10,1,1,0,0,1,42,2824,0,0,0,0,0,11,42,2824,40,0,10,12
686,11,1,1,0,0,1,42,2824,0,0,0,0,0,12,42,2824,40,0,11,13
687,12,1,1,0,0,1,42,2824,0,0,0,0,0,13,42,2824,40,0,12,14
688,13,1,1,0,0,1,42,2824,0,0,0,0,0,14,42,2824,40,0,13,15
689,14,1,1,0,0,1,42,2824,0,0,0,0,0,15,42,3170,40,0,14,16
690,15,1,1,0,0,1,42,3170,0,0,0,0,0,0,42,3170,40,0,15,1
691,0,1,1,1,0,1,42,3170,0,0,0,0,0,1,43,3170,40,0,16,2
692,1,1,1,0,0,1,43,3170,0,1,0,0,0,2,43,3170,40,0,1,3
693,2,1,1,0,0,1,43,3170,0,0,0,1,1,3,43,3170,40,0,2,4
694,3,1,1,0,0,1,43,3170,0,0,0,1,1,4,43,3170,40,0,3,5
695,4,1,1,0,0,1,43,3170,0,0,0,1,1,5,43,3170,40,0,4,6
696,5,1,1,0,0,1,43,3170,0,0,0,1,1,6,43,3170,40,0,5,7
697,6,1,1,0,0,1,43,3170,0,0,0,1,1,7,43,3170,40,0,6,8
698,7,1,1,0,0,1,43,3170,0,0,0,1,1,8,43,3170,40,0,7,9
699,8,1,1,0,0,1,43,3170,0,0,1,1,1,9,43,3170,40,0,8,10
700,9,1,1,0,1,1,43,3170,0,0,0,0,0,10,43,3170,40,0,9,11
701,10,1,1,0,0,1,43,3170,0,0,0,0,0,11,43,3170,40,0,10,12
702,11,1,1,0,0,1,43,3170,0,0,0,0,0,12,43,3170,40,0,11,13
703,12,1,1,0,0,1,43,3170,0,0,0,0,0,13,43,3170,40,0,12,14
704,13,1,1,0,0,1,43,3170,0,0,0,0,0,14,43,3170,40,0,13,15
705,14,1,1,0,0,1,43,3170,0,0,0,0,0,15,43,3343,40,0,14,16
706,15,1,1,0,0,1,43,3343,1,0,0,0,0,0,43,3343,43,1,15,1
707,0,1,1,1,0,1,43,3343,0,0,0,0,0,1,44,3343,43,0,16,2
708,1,1,1,0,0,1,44,3343,0,1,0,0,0,2,44,3343,43,0,1,3
709,2,1,1,0,0,1,44,3343,0,0,0,1,1,3,44,3343,43,0,2,4
710,3,1,1,0,0,1,44,3343,0,0,0,1,1,4,44,3343,43,0,3,5
711,4,1,1,0,0,1,44,3343,0,0,0,1,1,5,44,3343,43,0,4,6
712,5,1,1,0,0,1,44,3343,0,0,0,1,1,6,44,3343,43,0,5,7
713,6,1,1,0,0,1,44,3343,0,0,0,1,1,7,44,3343,43,0,6,8
714,7,1,1,0,0,1,44,3343,0,0,0,1,1,8,44,3343,43,0,7,9
715,8,1,1,0,0,1,44,3343,0,0,0,0,0,9,44,3343,43,0,8,10
716,9,1,1,0,1,1,44,3343,0,0,0,0,0,10,44,3343,43,0,9,11
717,10,1,1,0,0,1,44,3343,0,0,0,0,0,11,44,3343,43,0,10,12
718,11,1,1,0,0,1,44,3343,0,0,0,0,0,12,44,3343,43,0,11,13
719,12,1,1,0,0,1,44,3343,0,0,0,0,0,13,44,3343,43,0,12,14
720,13,1,1,0,0,1,44,3343,0,0,0,0,0,14,44,3343,43,0,13,15
721,14,1,1,0,0,1,44,3343,0,0,0,0,0,15,44,3516,43,0,14,16
722,15,1,1,0,0,1,44,3516,1,0,0,0,0,0,44,3516,44,1,15,1
723,0,1,1,1,0,1,44,3516,0,0,0,0,0,1,45,3516,44,0,16,2
724,1,1,1,0,0,0,45,3516,0,1,0,0,0,2,45,3516,44,0,1,3
725,2,1,1,0,0,0,45,3516,0,0,0,1,1,3,45,3516,44,0,2,4
726,3,1,1,0,0,0,45,3516,0,0,0,1,1,4,45,3516,44,0,3,5
727,4,1,1,0,0,0,45,3516,0,0,0,1,1,5,45,3516,44,0,4,6
728,5,1,1,0,0,0,45,3516,0,0,0,1,1,6,45,3516,44,0,5,7
729,6,1,1,0,0,0,45,3516,0,0,0,1,1,7,45,3516,44,0,6,8
730,7,1,1,0,0,0,45,3516,0,0,0,1,1,8,45,3516,44,0,7,9
731,8,1,1,0,0,0,45,3516,0,0,1,1,1,9,45,3516,44,0,8,10
732,9,1,1,0,1,0,45,3516,0,0,0,0,0,10,45,3516,44,0,9,11
733,10,1,1,0,0,0,45,3516,0,0,0,0,0,11,45,3516,44,0,10,12
734,11,1,1,0,0,0,45,3516,0,0,0,0,0,12,45,3516,44,0,11,13
735,12,1,1,0,0,0,45,3516,0,0,0,0,0,13,45,3516,44,0,12,14
736,13,1,1,0,0,0,45,3516,0,0,0,0,0,14,45,3516,44,0,13,15
737,14,1,1,0,0,0,45,3516,0,0,0,0,0,15,45,3516,44,0,14,16
738,15,1,1,0,0,0,45,3516,0,0,0,0,0,0,45,3516,44,0,15,1
739,0,1,1,1,0,0,45,3516,0,0,0,0,0,1,46,3516,44,0,16,2
740,1,1,1,0,0,1,46,3516,0,1,0,0,0,2,46,3516,44,0,1,3
741,2,1,1,0,0,1,46,3516,0,0,0,1,1,3,46,3516,44,0,2,4
742,3,1,1,0,0,1,46,3516,0,0,0,1,1,4,46,3516,44,0,3,5
743,4,1,1,0,0,1,46,3516,0,0,0,1,1,5,46,3516,44,0,4,6
744,5,1,1,0,0,1,46,3516,0,0,0,1,1,6,46,3516,44,0,5,7
745,6,1,1,0,0,1,46,3516,0,0,0,1,1,7,46,3516,44,0,6,8
746,7,1,1,0,0,1,46,3516,0,0,0,1,1,8,46,3516,44,0,7,9
747,8,1,1,0,0,1,46,3516,0,0,1,1,1,9,46,3516,44,0,8,10
748,9,1,1,0,1,1,46,3516,0,0,0,0,0,10,46,3516,44,0,9,11
749,10,1,1,0,0,1,46,3516,0,0,0,0,0,11,46,3516,44,0,10,12
750,11,1,1,0,0,1,46,3516,0,0,0,0,0,12,46,3516,44,0,11,13
751,12,1,1,0,0,1,46,3516,0,0,0,0,0,13,46,3516,44,0,12,14
752,13,1,1,0,0,1,46,3516,0,0,0,0,0,14,46,3516,44,0,13,15
753,14,1,1,0,0,1,46,3516,0,0,0,0,0,15,46,3862,44,0,14,16
754,15,1,1,0,0,1,46,3862,0,0,0,0,0,0,46,3862,44,0,15,1
755,0,1,1,1,0,1,46,3862,0,0,0,0,0,1,47,3862,44,0,16,2
756,1,1,1,0,0,1,47,3862,0,1,0,0,0,2,47,3862,44,0,1,3
757,2,1,1,0,0,1,47,3862,0,0,0,1,1,3,47,3862,44,0,2,4
758,3,1,1,0,0,1,47,3862,0,0,0,1,1,4,47,3862,44,0,3,5
759,4,1,1,0,0,1,47,3862,0,0,0,1,1,5,47,3862,44,0,4,6
760,5,1,1,0,0,1,47,3862,0,0,0,1,1,6,47,3862,44,0,5,7
761,6,1,1,0,0,1,47,3862,0,0,0,1,1,7,47,3862,44,0,6,8
762,7,1,1,0,0,1,47,3862,0,0,0,1,1,8,47,3862,44,0,7,9
763,8,1,1,0,0,1,47,3862,0,0,1,1,1,9,47,3862,44,0,8,10
764,9,1,1,0,1,1,47,3862,0,0,0,0,0,10,47,3862,44,0,9,11
765,10,1,1,0,0,1,47,3862,0,0,0,0,0,11,47,3862,44,0,10,12
766,11,1,1,0,0,1,47,3862,0,0,0,0,0,12,47,3862,44,0,11,13
767,12,1,1,0,0,1,47,3862,0,0,0,0,0,13,47,3862,44,0,12,14
768,13,1,1,0,0,1,47,3862,0,0,0,0,0,14,47,3862,44,0,13,15
769,14,1,1,0,0,1,47,3862,0,0,0,0,0,15,47,4035,44,0,14,16
770,15,1,1,0,0,1,47,4035,1,0,0,0,0,0,47,4035,47,1,15,1
771,0,1,1,1,0,1,47,4035,0,0,0,0,0,1,48,4035,47,0,16,2
772,1,1,1,0,0,1,48,4035,0,1,0,0,0,2,48,4035,47,0,1,3
773,2,1,1,0,0,1,48,4035,0,0,0,1,1,3,48,4035,47,0,2,4
774,3,1,1,0,0,1,48,4035,0,0,0,0,0,4,48,4035,47,0,3,5
775,4,1,1,0,0,1,48,4035,0,0,0,1,1,5,48,4035,47,0,4,6
776,5,1,1,0,0,1,48,4035,0,0,0,1,1,6,48,4035,47,0,5,7
777,6,1,1,0,0,1,48,4035,0,0,0,1,1,7,48,4035,47,0,6,8
778,7,1,1,0,0,1,48,4035,0,0,0,1,1,8,48,4035,47,0,7,9
779,8,1,1,0,0,1,48,4035,0,0,0,1,1,9,48,4035,47,0,8,10
780,9,1,1,0,1,1,48,4035,0,0,0,0,0,10,48,4035,47,0,9,11
781,10,1,1,0,0,1,48,4035,0,0,0,0,0,11,48,4035,47,0,10,12
782,11,1,1,0,0,1,48,4035,0,0,0,0,0,12,48,4035,47,0,11,13
783,12,1,1,0,0,1,48,4035,0,0,0,0,0,13,48,4035,47,0,12,14
784,13,1,1,0,0,1,48,4035,0,0,0,0,0,14,48,4035,47,0,13,15
785,14,1,1,0,0,1,48,4035,0,0,0,0,0,15,48,112,47,0,14,16
786,15,1,1,0,0,1,48,112,1,0,0,0,0,0,48,112,48,1,15,1
787,0,1,1,1,0,1,48,112,0,0,0,0,0,1,49,112,48,0,16,2
788,1,1,1,0,0,0,49,112,0,1,0,0,0,2,49,112,48,0,1,3
789,2,1,1,0,0,0,49,112,0,0,0,1,1,3,49,112,48,0,2,4
790,3,1,1,0,0,0,49,112,0,0,0,1,1,4,49,112,48,0,3,5
791,4,1,1,0,0,0,49,112,0,0,0,1,1,5,49,112,48,0,4,6
792,5,1,1,0,0,0,49,112,0,0,0,1,1,6,49,112,48,0,5,7
793,6,1,1,0,0,0,49,112,0,0,0,1,1,7,49,112,48,0,6,8
794,7,1,1,0,0,0,49,112,0,0,0,1,1,8,49,112,48,0,7,9
795,8,1,1,0,0,0,49,112,0,0,1,1,1,9,49,112,48,0,8,10
796,9,1,1,0,1,0,49,112,0,0,0,0,0,10,49,112,48,0,9,11
797,10,1,1,0,0,0,49,112,0,0,0,0,0,11,49,112,48,0,10,12
798,11,1,1,0,0,0,49,112,0,0,0,0,0,12,49,112,48,0,11,13
799,12,1,1,0,0,0,49,112,0,0,0,0,0,13,49,112,48,0,12,14
800,13,1,1,0,0,0,49,112,0,0,0,0,0,14,49,112,48,0,13,15
801,14,1,1,0,0,0,49,112,0,0,0,0,0,15,49,112,48,0,14,16
802,15,1,1,0,0,0,49,112,0,0,0,0,0,0,49,112,48,0,15,1
803,0,1,1,1,0,0,49,112,0,0,0,0,0,1,50,112,48,0,16,2
804,1,1,1,0,0,1,50,112,0,1,0,0,0,2,50,112,48,0,1,3
805,2,1,1,0,0,1,50,112,0,0,0,1,1,3,50,112,48,0,2,4
806,3,1,1,0,0,1,50,112,0,0,0,1,1,4,50,112,48,0,3,5
807,4,1,1,0,0,1,50,112,0,0,0,1,1,5,50,112,48,0,4,6
808,5,1,1,0,0,1,50,112,0,0,0,1,1,6,50,112,48,0,5,7
809,6,1,1,0,0,1,50,112,0,0,0,1,1,7,50,112,48,0,6,8
810,7,1,1,0,0,1,50,112,0,0,0,1,1,8,50,112,48,0,7,9
811,8,1,1,0,0,1,50,112,0,0,1,1,1,9,50,112,48,0,8,10
812,9,1,1,0,1,1,50,112,0,0,0,0,0,10,50,112,48,0,9,11
813,10,1,1,0,0,1,50,112,0,0,0,0,0,11,50,112,48,0,10,12
814,11,1,1,0,0,1,50,112,0,0,0,0,0,12,50,112,48,0,11,13
815,12,1,1,0,0,1,50,112,0,0,0,0,0,13,50,112,48,0,12,14
816,13,1,1,0,0,1,50,112,0,0,0,0,0,14,50,112,48,0,13,15
817,14,1,1,0,0,1,50,112,0,0,0,0,0,15,50,458,48,0,14,16
818,15,1,1,0,0,1,50,458,0,0,0,0,0,0,50,458,48,0,15,1
819,0,1,1,1,0,1,50,458,0,0,0,0,0,1,51,458,48,0,16,2
820,1,1,1,0,0,1,51,458,0,1,0,0,0,2,51,458,48,0,1,3
821,2,1,1,0,0,1,51,458,0,0,0,1,1,3,51,458,48,0,2,4
822,3,1,1,0,0,1,51,458,0,0,0,1,1,4,51,458,48,0,3,5
823,4,1,1,0,0,1,51,458,0,0,0,1,1,5,51,458,48,0,4,6
824,5,1,1,0,0,1,51,458,0,0,0,1,1,6,51,458,48,0,5,7
825,6,1,1,0,0,1,51,458,0,0,0,1,1,7,51,458,48,0,6,8
826,7,1,1,0,0,1,51,458,0,0,0,1,1,8,51,458,48,0,7,9
827,8,1,1,0,0,1,51,458,0,0,1,1,1,9,51,458,48,0,8,10
828,9,1,1,0,1,1,51,458,0,0,0,0,0,10,51,458,48,0,9,11
829,10,1,1,0,0,1,51,458,0,0,0,0,0,11,51,458,48,0,10,12
830,11,1,1,0,0,1,51,458,0,0,0,0,0,12,51,458,48,0,11,13
831,12,1,1,0,0,1,51,458,0,0,0,0,0,13,51,458,48,0,12,14
832,13,1,1,0,0,1,51,458,0,0,0,0,0,14,51,458,48,0,13,15
833,14,1,1,0,0,1,51,458,0,0,0,0,0,15,51,631,48,0,14,16
834,15,1,1,0,0,1,51,631,1,0,0,0,0,0,51,631,51,1,15,1
835,0,1,1,1,0,1,51,631,0,0,0,0,0,1,52,631,51,0,16,2
836,1,1,1,0,0,1,52,631,0,1,0,0,0,2,52,631,51,0,1,3
837,2,1,1,0,0,1,52,631,0,0,0,1,1,3,52,631,51,0,2,4
838,3,1,1,0,0,1,52,631,0,0,0,1,1,4,52,631,51,0,3,5
839,4,1,1,0,0,1,52,631,0,0,0,0,0,5,52,631,51,0,4,6
840,5,1,1,0,0,1,52,631,0,0,0,1,1,6,52,631,51,0,5,7
841,6,1,1,0,0,1,52,631,0,0,0,1,1,7,52,631,51,0,6,8
842,7,1,1,0,0,1,52,631,0,0,0,1,1,8,52,631,51,0,7,9
843,8,1,1,0,0,1,52,631,0,0,0,1,1,9,52,631,51,0,8,10
844,9,1,1,0,1,1,52,631,0,0,0,0,0,10,52,631,51,0,9,11
845,10,1,1,0,0,1,52,631,0,0,0,0,0,11,52,631,51,0,10,12
846,11,1,1,0,0,1,52,631,0,0,0,0,0,12,52,631,51,0,11,13
847,12,1,1,0,0,1,52,631,0,0,0,0,0,13,52,631,51,0,12,14
848,13,1,1,0,0,1,52,631,0,0,0,0,0,14,52,631,51,0,13,15
849,14,1,1,0,0,1,52,631,0,0,0,0,0,15,52,804,51,0,14,16
850,15,1,1,0,0,1,52,804,1,0,0,0,0,0,52,804,52,1,15,1
851,0,1,1,1,0,1,52,804,0,0,0,0,0,1,53,804,52,0,16,2
852,1,1,1,0,0,0,53,804,0,1,0,0,0,2,53,804,52,0,1,3
853,2,1,1,0,0,0,53,804,0,0,0,1,1,3,53,804,52,0,2,4
854,3,1,1,0,0,0,53,804,0,0,0,1,1,4,53,804,52,0,3,5
855,4,1,1,0,0,0,53,804,0,0,0,1,1,5,53,804,52,0,4,6
856,5,1,1,0,0,0,53,804,0,0,0,1,1,6,53,804,52,0,5,7
857,6,1,1,0,0,0,53,804,0,0,0,1,1,7,53,804,52,0,6,8
858,7,1,1,0,0,0,53,804,0,0,0,1,1,8,53,804,52,0,7,9
859,8,1,1,0,0,0,53,804,0,0,1,1,1,9,53,804,52,0,8,10
860,9,1,1,0,1,0,53,804,0,0,0,0,0,10,53,804,52,0,9,11
861,10,1,1,0,0,0,53,804,0,0,0,0,0,11,53,804,52,0,10,12
862,11,1,1,0,0,0,53,804,0,0,0,0,0,12,53,804,52,0,11,13
863,12,1,1,0,0,0,53,804,0,0,0,0,0,13,53,804,52,0,12,14
864,13,1,1,0,0,0,53,804,0,0,0,0,0,14,53,804,52,0,13,15
865,14,1,1,0,0,0,53,804,0,0,0,0,0,15,53,804,52,0,14,16
866,15,1,1,0,0,0,53,804,0,0,0,0,0,0,53,804,52,0,15,1
867,0,1,1,1,0,0,53,804,0,0,0,0,0,1,54,804,52,0,16,2
868,1,1,1,0,0,1,54,804,0,1,0,0,0,2,54,804,52,0,1,3
869,2,1,1,0,0,1,54,804,0,0,0,1,1,3,54,804,52,0,2,4
870,3,1,1,0,0,1,54,804,0,0,0,1,1,4,54,804,52,0,3,5
871,4,1,1,0,0,1,54,804,0,0,0,1,1,5,54,804,52,0,4,6
872,5,1,1,0,0,1,54,804,0,0,0,1,1,6,54,804,52,0,5,7
873,6,1,1,0,0,1,54,804,0,0,0,1,1,7,54,804,52,0,6,8
874,7,1,1,0,0,1,54,804,0,0,0,1,1,8,54,804,52,0,7,9
875,8,1,1,0,0,1,54,804,0,0,1,1,1,9,54,804,52,0,8,10
876,9,1,1,0,1,1,54,804,0,0,0,0,0,10,54,804,52,0,9,11
877,10,1,1,0,0,1,54,804,0,0,0,0,0,11,54,804,52,0,10,12
878,11,1,1,0,0,1,54,804,0,0,0,0,0,12,54,804,52,0,11,13
879,12,1,1,0,0,1,54,804,0,0,0,0,0,13,54,804,52,0,12,14
880,13,1,1,0,0,1,54,804,0,0,0,0,0,14,54,804,52,0,13,15
881,14,1,1,0,0,1,54,804,0,0,0,0,0,15,54,1150,52,0,14,16
882,15,1,1,0,0,1,54,1150,0,0,0,0,0,0,54,1150,52,0,15,1
883,0,1,1,1,0,1,54,1150,0,0,0,0,0,1,55,1150,52,0,16,2
884,1,1,1,0,0,1,55,1150,0,1,0,0,0,2,55,1150,52,0,1,3
885,2,1,1,0,0,1,55,1150,0,0,0,1,1,3,55,1150,52,0,2,4
886,3,1,1,0,0,1,55,1150,0,0,0,1,1,4,55,1150,52,0,3,5
887,4,1,1,0,0,1,55,1150,0,0,0,1,1,5,55,1150,52,0,4,6
888,5,1,1,0,0,1,55,1150,0,0,0,1,1,6,55,1150,52,0,5,7
889,6,1,1,0,0,1,55,1150,0,0,0,1,1,7,55,1150,52,0,6,8
890,7,1,1,0,0,1,55,1150,0,0,0,1,1,8,55,1150,52,0,7,9
891,8,1,1,0,0,1,55,1150,0,0,1,1,1,9,55,1150,52,0,8,10
892,9,1,1,0,1,1,55,1150,0,0,0,0,0,10,55,1150,52,0,9,11
893,10,1,1,0,0,1,55,1150,0,0,0,0,0,11,55,1150,52,0,10,12
894,11,1,1,0,0,1,55,1150,0,0,0,0,0,12,55,1150,52,0,11,13
895,12,1,1,0,0,1,55,1150,0,0,0,0,0,13,55,1150,52,0,12,14
896,13,1,1,0,0,1,55,1150,0,0,0,0,0,14,55,1150,52,0,13,15
897,14,1,1,0,0,1,55,1150,0,0,0,0,0,15,55,1323,52,0,14,16
898,15,1,1,0,0,1,55,1323,1,0,0,0,0,0,55,1323,55,1,15,1
899,0,1,1,1,0,1,55,1323,0,0,0,0,0,1,56,1323,55,0,16,2
900,1,1,1,0,0,1,56,1323,0,1,0,0,0,2,56,1323,55,0,1,3
901,2,1,1,0,0,1,56,1323,0,0,0,1,1,3,56,1323,55,0,2,4
902,3,1,1,0,0,1,56,1323,0,0,0,1,1,4,56,1323,55,0,3,5
903,4,1,1,0,0,1,56,1323,0,0,0,1,1,5,56,1323,55,0,4,6
904,5,1,1,0,0,1,56,1323,0,0,0,0,0,6,56,1323,55,0,5,7
905,6,1,1,0,0,1,56,1323,0,0,0,1,1,7,56,1323,55,0,6,8
906,7,1,1,0,0,1,56,1323,0,0,0,1,1,8,56,1323,55,0,7,9
907,8,1,1,0,0,1,56,1323,0,0,0,1,1,9,56,1323,55,0,8,10
908,9,1,1,0,1,1,56,1323,0,0,0,0,0,10,56,1323,55,0,9,11
909,10,1,1,0,0,1,56,1323,0,0,0,0,0,11,56,1323,55,0,10,12
910,11,1,1,0,0,1,56,1323,0,0,0,0,0,12,56,1323,55,0,11,13
911,12,1,1,0,0,1,56,1323,0,0,0,0,0,13,56,1323,55,0,12,14
912,13,1,1,0,0,1,56,1323,0,0,0,0,0,14,56,1323,55,0,13,15
913,14,1,1,0,0,1,56,1323,0,0,0,0,0,15,56,1496,55,0,14,16
914,15,1,1,0,0,1,56,1496,1,0,0,0,0,0,56,1496,56,1,15,1
915,0,1,1,1,0,1,56,1496,0,0,0,0,0,1,57,1496,56,0,16,2
916,1,1,1,0,0,0,57,1496,0,1,0,0,0,2,57,1496,56,0,1,3
917,2,1,1,0,0,0,57,1496,0,0,0,1,1,3,57,1496,56,0,2,4
918,3,1,1,0,0,0,57,1496,0,0,0,1,1,4,57,1496,56,0,3,5
919,4,1,1,0,0,0,57,1496,0,0,0,1,1,5,57,1496,56,0,4,6
920,5,1,1,0,0,0,57,1496,0,0,0,1,1,6,57,1496,56,0,5,7
921,6,1,1,0,0,0,57,1496,0,0,0,1,1,7,57,1496,56,0,6,8
922,7,1,1,0,0,0,57,1496,0,0,0,1,1,8,57,1496,56,0,7,9
923,8,1,1,0,0,0,57,1496,0,0,1,1,1,9,57,1496,56,0,8,10
924,9,1,1,0,1,0,57,1496,0,0,0,0,0,10,57,1496,56,0,9,11
925,10,1,1,0,0,0,57,1496,0,0,0,0,0,11,57,1496,56,0,10,12
926,11,1,1,0,0,0,57,1496,0,0,0,0,0,12,57,1496,56,0,11,13
927,12,1,1,0,0,0,57,1496,0,0,0,0,0,13,57,1496,56,0,12,14
928,13,1,1,0,0,0,57,1496,0,0,0,0,0,14,57,1496,56,0,13,15
929,14,1,1,0,0,0,57,1496,0,0,0,0,0,15,57,1496,56,0,14,16
930,15,1,1,0,0,0,57,1496,0,0,0,0,0,0,57,1496,56,0,15,1
931,0,1,1,1,0,0,57,1496,0,0,0,0,0,1,58,1496,56,0,16,2
932,1,1,1,0,0,1,58,1496,0,1,0,0,0,2,58,1496,56,0,1,3
933,2,1,1,0,0,1,58,1496,0,0,0,1,1,3,58,1496,56,0,2,4
934,3,1,1,0,0,1,58,1496,0,0,0,1,1,4,58,1496,56,0,3,5
935,4,1,1,0,0,1,58,1496,0,0,0,1,1,5,58,1496,56,0,4,6
936,5,1,1,0,0,1,58,1496,0,0,0,1,1,6,58,1496,56,0,5,7
937,6,1,1,0,0,1,58,1496,0,0,0,1,1,7,58,1496,56,0,6,8
938,7,1,1,0,0,1,58,1496,0,0,0,1,1,8,58,1496,56,0,7,9
939,8,1,1,0,0,1,58,1496,0,0,1,1,1,9,58,1496,56,0,8,10
940,9,1,1,0,1,1,58,1496,0,0,0,0,0,10,58,1496,56,0,9,11
941,10,1,1,0,0,1,58,1496,0,0,0,0,0,11,58,1496,56,0,10,12
942,11,1,1,0,0,1,58,1496,0,0,0,0,0,12,58,1496,56,0,11,13
943,12,1,1,0,0,1,58,1496,0,0,0,0,0,13,58,1496,56,0,12,14
944,13,1,1,0,0,1,58,1496,0,0,0,0,0,14,58,1496,56,0,13,15
945,14,1,1,0,0,1,58,1496,0,0,0,0,0,15,58,1842,56,0,14,16
946,15,1,1,0,0,1,58,1842,0,0,0,0,0,0,58,1842,56,0,15,1
947,0,1,1,1,0,1,58,1842,0,0,0,0,0,1,59,1842,56,0,16,2
948,1,1,1,0,0,1,59,1842,0,1,0,0,0,2,59,1842,56,0,1,3
949,2,1,1,0,0,1,59,1842,0,0,0,1,1,3,59,1842,56,0,2,4
950,3,1,1,0,0,1,59,1842,0,0,0,1,1,4,59,1842,56,0,3,5
951,4,1,1,0,0,1,59,1842,0,0,0,1,1,5,59,1842,56,0,4,6
952,5,1,1,0,0,1,59,1842,0,0,0,1,1,6,59,1842,56,0,5,7
953,6,1,1,0,0,1,59,1842,0,0,0,1,1,7,59,1842,56,0,6,8
954,7,1,1,0,0,1,59,1842,0,0,0,1,1,8,59,1842,56,0,7,9
955,8,1,1,0,0,1,59,1842,0,0,1,1,1,9,59,1842,56,0,8,10
956,9,1,1,0,1,1,59,1842,0,0,0,0,0,10,59,1842,56,0,9,11
957,10,1,1,0,0,1,59,1842,0,0,0,0,0,11,59,1842,56,0,10,12
958,11,1,1,0,0,1,59,1842,0,0,0,0,0,12,59,1842,56,0,11,13
959,12,1,1,0,0,1,59,1842,0,0,0,0,0,13,59,1842,56,0,12,14
960,13,1,1,0,0,1,59,1842,0,0,0,0,0,14,59,1842,56,0,13,15
961,14,1,1,0,0,1,59,1842,0,0,0,0,0,15,59,2015,56,0,14,16
962,15,1,1,0,0,1,59,2015,1,0,0,0,0,0,59,2015,59,1,15,1
963,0,1,1,1,0,1,59,2015,0,0,0,0,0,1,60,2015,59,0,16,2
964,1,1,1,0,0,1,60,2015,0,1,0,0,0,2,60,2015,59,0,1,3
965,2,1,1,0,0,1,60,2015,0,0,0,1,1,3,60,2015,59,0,2,4
966,3,1,1,0,0,1,60,2015,0,0,0,1,1,4,60,2015,59,0,3,5
967,4,1,1,0,0,1,60,2015,0,0,0,1,1,5,60,2015,59,0,4,6
968,5,1,1,0,0,1,60,2015,0,0,0,1,1,6,60,2015,59,0,5,7
969,6,1,1,0,0,1,60,2015,0,0,0,0,0,7,60,2015,59,0,6,8
970,7,1,1,0,0,1,60,2015,0,0,0,1,1,8,60,2015,59,0,7,9
971,8,1,1,0,0,1,60,2015,0,0,0,1,1,9,60,2015,59,0,8,10
972,9,1,1,0,1,1,60,2015,0,0,0,0,0,10,60,2015,59,0,9,11
973,10,1,1,0,0,1,60,2015,0,0,0,0,0,11,60,2015,59,0,10,12
974,11,1,1,0,0,1,60,2015,0,0,0,0,0,12,60,2015,59,0,11,13
975,12,1,1,0,0,1,60,2015,0,0,0,0,0,13,60,2015,59,0,12,14
976,13,1,1,0,0,1,60,2015,0,0,0,0,0,14,60,2015,59,0,13,15
977,14,1,1,0,0,1,60,2015,0,0,0,0,0,15,60,2188,59,0,14,16
978,15,1,1,0,0,1,60,2188,1,0,0,0,0,0,60,2188,60,1,15,1
979,0,1,1,1,0,1,60,2188,0,0,0,0,0,1,61,2188,60,0,16,2
980,1,1,1,0,0,0,61,2188,0,1,0,0,0,2,61,2188,60,0,1,3
981,2,1,1,0,0,0,61,2188,0,0,0,1,1,3,61,2188,60,0,2,4
982,3,1,1,0,0,0,61,2188,0,0,0,1,1,4,61,2188,60,0,3,5
983,4,1,1,0,0,0,61,2188,0,0,0,1,1,5,61,2188,60,0,4,6
984,5,1,1,0,0,0,61,2188,0,0,0,1,1,6,61,2188,60,0,5,7
985,6,1,1,0,0,0,61,2188,0,0,0,1,1,7,61,2188,60,0,6,8
986,7,1,1,0,0,0,61,2188,0,0,0,1,1,8,61,2188,60,0,7,9
987,8,1,1,0,0,0,61,2188,0,0,1,1,1,9,61,2188,60,0,8,10
988,9,1,1,0,1,0,61,2188,0,0,0,0,0,10,61,2188,60,0,9,11
989,10,1,1,0,0,0,61,2188,0,0,0,0,0,11,61,2188,60,0,10,12
990,11,1,1,0,0,0,61,2188,0,0,0,0,0,12,61,2188,60,0,11,13
991,12,1,1,0,0,0,61,2188,0,0,0,0,0,13,61,2188,60,0,12,14
992,13,1,1,0,0,0,61,2188,0,0,0,0,0,14,61,2188,60,0,13,15
993,14,1,1,0,0,0,61,2188,0,0,0,0,0,15,61,2188,60,0,14,16
994,15,1,1,0,0,0,61,2188,0,0,0,0,0,0,61,2188,60,0,15,1
995,0,1,1,1,0,0,61,2188,0,0,0,0,0,1,62,2188,60,0,16,2
996,1,1,1,0,0,1,62,2188,0,1,0,0,0,2,62,2188,60,0,1,3
997,2,1,1,0,0,1,62,2188,0,0,0,1,1,3,62,2188,60,0,2,4
998,3,1,1,0,0,1,62,2188,0,0,0,1,1,4,62,2188,60,0,3,5
999,4,1,1,0,0,1,62,2188,0,0,0,1,1,5,62,2188,60,0,4,6
1000,5,1,1,0,0,1,62,2188,0,0,0,1,1,6,62,2188,60,0,5,7
1001,6,1,1,0,0,1,62,2188,0,0,0,1,1,7,62,2188,60,0,6,8
1002,7,1,1,0,0,1,62,2188,0,0,0,1,1,8,62,2188,60,0,7,9
1003,8,1,1,0,0,1,62,2188,0,0,1,1,1,9,62,2188,60,0,8,10
1004,9,1,1,0,1,1,62,2188,0,0,0,0,0,10,62,2188,60,0,9,11
1005,10,1,1,0,0,1,62,2188,0,0,0,0,0,11,62,2188,60,0,10,12
1006,11,1,1,0,0,1,62,2188,0,0,0,0,0,12,62,2188,60,0,11,13
1007,12,1,1,0,0,1,62,2188,0,0,0,0,0,13,62,2188,60,0,12,14
1008,13,1,1,0,0,1,62,2188,0,0,0,0,0,14,62,2188,60,0,13,15
1009,14,1,1,0,0,1,62,2188,0,0,0,0,0,15,62,2534,60,0,14,16
1010,15,1,1,0,0,1,62,2534,0,0,0,0,0,0,62,2534,60,0,15,1
1011,0,1,1,1,0,1,62,2534,0,0,0,0,0,1,63,2534,60,0,16,2
1012,1,1,1,0,0,1,63,2534,0,0,0,0,0,2,63,2534,60,0,1,3
1013,2,1,1,0,0,1,63,2534,0,0,0,0,0,3,63,2534,60,0,2,4
1014,3,1,1,0,0,1,63,2534,0,0,0,0,0,4,63,2534,60,0,3,5
1015,4,1,1,0,0,1,63,2534,0,0,0,0,0,5,63,2534,60,0,4,6
1016,5,1,1,0,0,1,63,2534,0,0,0,0,0,6,63,2534,60,0,5,7
1017,6,1,1,0,0,1,63,2534,0,0,0,0,0,7,63,2534,60,0,6,8
1018,7,1,1,0,0,1,63,2534,0,0,0,0,0,8,63,2534,60,0,7,9
1019,8,1,1,0,0,1,63,2534,0,0,0,0,0,9,63,2534,60,0,8,10
1020,9,1,1,0,1,1,63,2534,0,0,0,0,0,10,63,2534,60,0,9,11
1021,10,1,1,0,0,1,63,2534,0,0,0,0,0,11,63,2534,60,0,10,12
1022,11,1,1,0,0,1,63,2534,0,0,0,0,0,12,63,2534,60,0,11,13
1023,12,1,1,0,0,1,63,2534,0,0,0,0,0,13,63,2534,60,0,12,14
1024,13,1,1,0,0,1,63,2534,0,0,0,0,0,14,63,2534,60,0,13,15
1025,14,1,1,0,0,1,63,2534,0,0,0,0,0,15,63,2707,60,0,14,16
1026,15,1,1,0,0,1,63,2707,1,0,0,0,0,0,63,2707,63,1,15,1
1027,0,1,1,1,0,1,63,2707,0,0,0,0,0,1,64,2707,63,0,16,2
1028,1,1,1,0,0,0,64,2707,0,1,0,0,0,2,64,2707,63,0,1,3
1029,2,1,1,0,0,0,64,2707,0,0,0,1,1,3,64,2707,63,0,2,4
1030,3,1,1,0,0,0,64,2707,0,0,0,1,1,4,64,2707,63,0,3,5
1031,4,1,1,0,0,0,64,2707,0,0,0,1,1,5,64,2707,63,0,4,6
1032,5,1,1,0,0,0,64,2707,0,0,0,1,1,6,64,2707,63,0,5,7
1033,6,1,1,0,0,0,64,2707,0,0,0,1,1,7,64,2707,63,0,6,8
1034,7,1,1,0,0,0,64,2707,0,0,0,0,0,8,64,2707,63,0,7,9
1035,8,1,1,0,0,0,64,2707,0,0,0,1,1,9,64,2707,63,0,8,10
1036,9,1,1,0,1,0,64,2707,0,0,0,0,0,10,64,2707,63,0,9,11
1037,10,1,1,0,0,0,64,2707,0,0,0,0,0,11,64,2707,63,0,10,12
1038,11,1,1,0,0,0,64,2707,0,0,0,0,0,12,64,2707,63,0,11,13
1039,12,1,1,0,0,0,64,2707,0,0,0,0,0,13,64,2707,63,0,12,14
1040,13,1,1,0,0,0,64,2707,0,0,0,0,0,14,64,2707,63,0,13,15
1041,14,1,1,0,0,0,64,2707,0,0,0,0,0,15,64,2707,63,0,14,16
1042,15,1,1,0,0,0,64,2707,0,0,0,0,0,0,64,2707,63,0,15,1
1043,0,1,1,1,0,0,64,2707,0,0,0,0,0,1,65,2707,63,0,16,2
1044,1,1,1,0,0,0,65,2707,0,1,0,0,0,2,65,2707,63,0,1,3
1045,2,1,1,0,0,0,65,2707,0,0,0,1,1,3,65,2707,63,0,2,4
1046,3,1,1,0,0,0,65,2707,0,0,0,1,1,4,65,2707,63,0,3,5
1047,4,1,1,0,0,0,65,2707,0,0,0,1,1,5,65,2707,63,0,4,6
1048,5,1,1,0,0,0,65,2707,0,0,0,1,1,6,65,2707,63,0,5,7
1049,6,1,1,0,0,0,65,2707,0,0,0,1,1,7,65,2707,63,0,6,8
1050,7,1,1,0,0,0,65,2707,0,0,0,1,1,8,65,2707,63,0,7,9
1051,8,1,1,0,0,0,65,2707,0,0,1,1,1,9,65,2707,63,0,8,10
1052,9,1,1,0,1,0,65,2707,0,0,0,0,0,10,65,2707,63,0,9,11
1053,10,1,1,0,0,0,65,2707,0,0,0,0,0,11,65,2707,63,0,10,12
1054,11,1,1,0,0,0,65,2707,0,0,0,0,0,12,65,2707,63,0,11,13
1055,12,1,1,0,0,0,65,2707,0,0,0,0,0,13,65,2707,63,0,12,14
1056,13,1,1,0,0,0,65,2707,0,0,0,0,0,14,65,2707,63,0,13,15
1057,14,1,1,0,0,0,65,2707,0,0,0,0,0,15,65,2707,63,0,14,16
1058,15,1,1,0,0,0,65,2707,0,0,0,0,0,0,65,2707,63,0,15,1
1059,0,1,1,1,0,0,65,2707,0,0,0,0,0,1,66,2707,63,0,16,2
1060,1,1,1,0,0,1,66,2707,0,1,0,0,0,2,66,2707,63,0,1,3
1061,2,1,1,0,0,1,66,2707,0,0,0,1,1,3,66,2707,63,0,2,4
1062,3,1,1,0,0,1,66,2707,0,0,0,1,1,4,66,2707,63,0,3,5
1063,4,1,1,0,0,1,66,2707,0,0,0,1,1,5,66,2707,63,0,4,6
1064,5,1,1,0,0,1,66,2707,0,0,0,1,1,6,66,2707,63,0,5,7
1065,6,1,1,0,0,1,66,2707,0,0,0,1,1,7,66,2707,63,0,6,8
1066,7,1,1,0,0,1,66,2707,0,0,0,1,1,8,66,2707,63,0,7,9
1067,8,1,1,0,0,1,66,2707,0,0,1,1,1,9,66,2707,63,0,8,10
1068,9,1,1,0,1,1,66,2707,0,0,0,0,0,10,66,2707,63,0,9,11
1069,10,1,1,0,0,1,66,2707,0,0,0,0,0,11,66,2707,63,0,10,12
1070,11,1,1,0,0,1,66,2707,0,0,0,0,0,12,66,2707,63,0,11,13
1071,12,1,1,0,0,1,66,2707,0,0,0,0,0,13,66,2707,63,0,12,14
1072,13,1,1,0,0,1,66,2707,0,0,0,0,0,14,66,2707,63,0,13,15
1073,14,1,1,0,0,1,66,2707,0,0,0,0,0,15,66,3226,63,0,14,16
1074,15,1,1,0,0,1,66,3226,0,0,0,0,0,0,66,3226,63,0,15,1
1075,0,1,1,1,0,1,66,3226,0,0,0,0,0,1,67,3226,63,0,16,2
1076,1,1,1,0,0,1,67,3226,0,1,0,0,0,2,67,3226,63,0,1,3
1077,2,1,1,0,0,1,67,3226,0,0,0,1,1,3,67,3226,63,0,2,4
1078,3,1,1,0,0,1,67,3226,0,0,0,1,1,4,67,3226,63,0,3,5
1079,4,1,1,0,0,1,67,3226,0,0,0,1,1,5,67,3226,63,0,4,6
1080,5,1,1,0,0,1,67,3226,0,0,0,1,1,6,67,3226,63,0,5,7
1081,6,1,1,0,0,1,67,3226,0,0,0,1,1,7,67,3226,63,0,6,8
1082,7,1,1,0,0,1,67,3226,0,0,0,1,1,8,67,3226,63,0,7,9
1083,8,1,1,0,0,1,67,3226,0,0,1,1,1,9,67,3226,63,0,8,10
1084,9,1,1,0,1,1,67,3226,0,0,0,0,0,10,67,3226,63,0,9,11
1085,10,1,1,0,0,1,67,3226,0,0,0,0,0,11,67,3226,63,0,10,12
1086,11,1,1,0,0,1,67,3226,0,0,0,0,0,12,67,3226,63,0,11,13
1087,12,1,1,0,0,1,67,3226,0,0,0,0,0,13,67,3226,63,0,12,14
1088,13,1,1,0,0,1,67,3226,0,0,0,0,0,14,67,3226,63,0,13,15
1089,14,1,1,0,0,1,67,3226,0,0,0,0,0,15,67,3399,63,0,14,16
1090,15,1,1,0,0,1,67,3399,1,0,0,0,0,0,67,3399,67,1,15,1
1091,0,1,1,1,0,1,67,3399,0,0,0,0,0,1,68,3399,67,0,16,2
1092,1,1,1,0,0,1,68,3399,0,1,0,0,0,2,68,3399,67,0,1,3
1093,2,1,1,0,0,1,68,3399,0,0,0,1,1,3,68,3399,67,0,2,4
1094,3,1,1,0,0,1,68,3399,0,0,0,1,1,4,68,3399,67,0,3,5
1095,4,1,1,0,0,1,68,3399,0,0,0,1,1,5,68,3399,67,0,4,6
1096,5,1,1,0,0,1,68,3399,0,0,0,1,1,6,68,3399,67,0,5,7
1097,6,1,1,0,0,1,68,3399,0,0,0,1,1,7,68,3399,67,0,6,8
1098,7,1,1,0,0,1,68,3399,0,0,0,1,1,8,68,3399,67,0,7,9
1099,8,1,1,0,0,1,68,3399,0,0,0,0,0,9,68,3399,67,0,8,10
1100,9,1,1,0,1,1,68,3399,0,0,0,0,0,10,68,3399,67,0,9,11
1101,10,1,1,0,0,1,68,3399,0,0,0,0,0,11,68,3399,67,0,10,12
1102,11,1,1,0,0,1,68,3399,0,0,0,0,0,12,68,3399,67,0,11,13
1103,12,1,1,0,0,1,68,3399,0,0,0,0,0,13,68,3399,67,0,12,14
1104,13,1,1,0,0,1,68,3399,0,0,0,0,0,14,68,3399,67,0,13,15
1105,14,1,1,0,0,1,68,3399,0,0,0,0,0,15,68,3572,67,0,14,16
1106,15,1,1,0,0,1,68,3572,1,0,0,0,0,0,68,3572,68,1,15,1
1107,0,1,1,1,0,1,68,3572,0,0,0,0,0,1,69,3572,68,0,16,2
1108,1,1,1,0,0,0,69,3572,0,1,0,0,0,2,69,3572,68,0,1,3
1109,2,1,1,0,0,0,69,3572,0,0,0,1,1,3,69,3572,68,0,2,4
1110,3,1,1,0,0,0,69,3572,0,0,0,1,1,4,69,3572,68,0,3,5
1111,4,1,1,0,0,0,69,3572,0,0,0,1,1,5,69,3572,68,0,4,6
1112,5,1,1,0,0,0,69,3572,0,0,0,1,1,6,69,3572,68,0,5,7
1113,6,1,1,0,0,0,69,3572,0,0,0,1,1,7,69,3572,68,0,6,8
1114,7,1,1,0,0,0,69,3572,0,0,0,1,1,8,69,3572,68,0,7,9
1115,8,1,1,0,0,0,69,3572,0,0,1,1,1,9,69,3572,68,0,8,10
1116,9,1,1,0,1,0,69,3572,0,0,0,0,0,10,69,3572,68,0,9,11
1117,10,1,1,0,0,0,69,3572,0,0,0,0,0,11,69,3572,68,0,10,12
1118,11,1,1,0,0,0,69,3572,0,0,0,0,0,12,69,3572,68,0,11,13
1119,12,1,1,0,0,0,69,3572,0,0,0,0,0,13,69,3572,68,0,12,14
1120,13,1,1,0,0,0,69,3572,0,0,0,0,0,14,69,3572,68,0,13,15
1121,14,1,1,0,0,0,69,3572,0,0,0,0,0,15,69,3572,68,0,14,16
1122,15,1,1,0,0,0,69,3572,0,0,0,0,0,0,69,3572,68,0,15,1
1123,0,1,1,1,0,0,69,3572,0,0,0,0,0,1,70,3572,68,0,16,2
1124,1,1,1,0,0,1,70,3572,0,1,0,0,0,2,70,3572,68,0,1,3
1125,2,1,1,0,0,1,70,3572,0,0,0,1,1,3,70,3572,68,0,2,4
1126,3,1,1,0,0,1,70,3572,0,0,0,1,1,4,70,3572,68,0,3,5
1127,4,1,1,0,0,1,70,3572,0,0,0,1,1,5,70,3572,68,0,4,6
1128,5,1,1,0,0,1,70,3572,0,0,0,1,1,6,70,3572,68,0,5,7
1129,6,1,1,0,0,1,70,3572,0,0,0,1,1,7,70,3572,68,0,6,8
1130,7,1,1,0,0,1,70,3572,0,0,0,1,1,8,70,3572,68,0,7,9
1131,8,1,1,0,0,1,70,3572,0,0,1,1,1,9,70,3572,68,0,8,10
1132,9,1,1,0,1,1,70,3572,0,0,0,0,0,10,70,3572,68,0,9,11
1133,10,1,1,0,0,1,70,3572,0,0,0,0,0,11,70,3572,68,0,10,12
1134,11,1,1,0,0,1,70,3572,0,0,0,0,0,12,70,3572,68,0,11,13
1135,12,1,1,0,0,1,70,3572,0,0,0,0,0,13,70,3572,68,0,12,14
1136,13,1,1,0,0,1,70,3572,0,0,0,0,0,14,70,3572,68,0,13,15
1137,14,1,1,0,0,1,70,3572,0,0,0,0,0,15,70,3918,68,0,14,16
1138,15,1,1,0,0,1,70,3918,0,0,0,0,0,0,70,3918,68,0,15,1
1139,0,1,1,1,0,1,70,3918,0,0,0,0,0,1,71,3918,68,0,16,2
1140,1,1,1,0,0,1,71,3918,0,1,0,0,0,2,71,3918,68,0,1,3
1141,2,1,1,0,0,1,71,3918,0,0,0,1,1,3,71,3918,68,0,2,4
1142,3,1,1,0,0,1,71,3918,0,0,0,1,1,4,71,3918,68,0,3,5
1143,4,1,1,0,0,1,71,3918,0,0,0,1,1,5,71,3918,68,0,4,6
1144,5,1,1,0,0,1,71,3918,0,0,0,1,1,6,71,3918,68,0,5,7
1145,6,1,1,0,0,1,71,3918,0,0,0,1,1,7,71,3918,68,0,6,8
1146,7,1,1,0,0,1,71,3918,0,0,0,1,1,8,71,3918,68,0,7,9
1147,8,1,1,0,0,1,71,3918,0,0,1,1,1,9,71,3918,68,0,8,10
1148,9,1,1,0,1,1,71,3918,0,0,0,0,0,10,71,3918,68,0,9,11
1149,10,1,1,0,0,1,71,3918,0,0,0,0,0,11,71,3918,68,0,10,12
1150,11,1,1,0,0,1,71,3918,0,0,0,0,0,12,71,3918,68,0,11,13
1151,12,1,1,0,0,1,71,3918,0,0,0,0,0,13,71,3918,68,0,12,14
1152,13,1,1,0,0,1,71,3918,0,0,0,0,0,14,71,3918,68,0,13,15
1153,14,1,1,0,0,1,71,3918,0,0,0,0,0,15,71,4091,68,0,14,16
1154,15,1,1,0,0,1,71,4091,1,0,0,0,0,0,71,4091,71,1,15,1
1155,0,1,1,1,0,1,71,4091,0,0,0,0,0,1,72,4091,71,0,16,2
1156,1,1,1,0,0,1,72,4091,0,1,0,0,0,2,72,4091,71,0,1,3
1157,2,1,1,0,0,1,72,4091,0,0,0,1,1,3,72,4091,71,0,2,4
1158,3,1,1,0,0,1,72,4091,0,0,0,0,0,4,72,4091,71,0,3,5
1159,4,1,1,0,0,1,72,4091,0,0,0,1,1,5,72,4091,71,0,4,6
1160,5,1,1,0,0,1,72,4091,0,0,0,1,1,6,72,4091,71,0,5,7
1161,6,1,1,0,0,1,72,4091,0,0,0,1,1,7,72,4091,71,0,6,8
1162,7,1,1,0,0,1,72,4091,0,0,0,1,1,8,72,4091,71,0,7,9
1163,8,1,1,0,0,1,72,4091,0,0,0,1,1,9,72,4091,71,0,8,10
1164,9,1,1,0,1,1,72,4091,0,0,0,0,0,10,72,4091,71,0,9,11
1165,10,1,1,0,0,1,72,4091,0,0,0,0,0,11,72,4091,71,0,10,12
1166,11,1,1,0,0,1,72,4091,0,0,0,0,0,12,72,4091,71,0,11,13
1167,12,1,1,0,0,1,72,4091,0,0,0,0,0,13,72,4091,71,0,12,14
1168,13,1,1,0,0,1,72,4091,0,0,0,0,0,14,72,4091,71,0,13,15
1169,14,1,1,0,0,1,72,4091,0,0,0,0,0,15,72,168,71,0,14,16
1170,15,1,1,0,0,1,72,168,1,0,0,0,0,0,72,168,72,1,15,1
1171,0,1,1,1,0,1,72,168,0,0,0,0,0,1,73,168,72,0,16,2
1172,1,1,1,0,0,0,73,168,0,1,0,0,0,2,73,168,72,0,1,3
1173,2,1,1,0,0,0,73,168,0,0,0,1,1,3,73,168,72,0,2,4
1174,3,1,1,0,0,0,73,168,0,0,0,1,1,4,73,168,72,0,3,5
1175,4,1,1,0,0,0,73,168,0,0,0,1,1,5,73,168,72,0,4,6
1176,5,1,1,0,0,0,73,168,0,0,0,1,1,6,73,168,72,0,5,7
1177,6,1,1,0,0,0,73,168,0,0,0,1,1,7,73,168,72,0,6,8
1178,7,1,1,0,0,0,73,168,0,0,0,1,1,8,73,168,72,0,7,9
1179,8,1,1,0,0,0,73,168,0,0,1,1,1,9,73,168,72,0,8,10
1180,9,1,1,0,1,0,73,168,0,0,0,0,0,10,73,168,72,0,9,11
1181,10,1,1,0,0,0,73,168,0,0,0,0,0,11,73,168,72,0,10,12
1182,11,1,1,0,0,0,73,168,0,0,0,0,0,12,73,168,72,0,11,13
1183,12,1,1,0,0,0,73,168,0,0,0,0,0,13,73,168,72,0,12,14
1184,13,1,1,0,0,0,73,168,0,0,0,0,0,14,73,168,72,0,13,15
1185,14,1,1,0,0,0,73,168,0,0,0,0,0,15,73,168,72,0,14,16
1186,15,1,1,0,0,0,73,168,0,0,0,0,0,0,73,168,72,0,15,1
1187,0,1,1,1,0,0,73,168,0,0,0,0,0,1,74,168,72,0,16,2
1188,1,1,1,0,0,1,74,168,0,1,0,0,0,2,74,168,72,0,1,3
1189,2,1,1,0,0,1,74,168,0,0,0,1,1,3,74,168,72,0,2,4
1190,3,1,1,0,0,1,74,168,0,0,0,1,1,4,74,168,72,0,3,5
1191,4,1,1,0,0,1,74,168,0,0,0,1,1,5,74,168,72,0,4,6
1192,5,1,1,0,0,1,74,168,0,0,0,1,1,6,74,168,72,0,5,7
1193,6,1,1,0,0,1,74,168,0,0,0,1,1,7,74,168,72,0,6,8
1194,7,1,1,0,0,1,74,168,0,0,0,1,1,8,74,168,72,0,7,9
1195,8,1,1,0,0,1,74,168,0,0,1,1,1,9,74,168,72,0,8,10
1196,9,1,1,0,1,1,74,168,0,0,0,0,0,10,74,168,72,0,9,11
1197,10,1,1,0,0,1,74,168,0,0,0,0,0,11,74,168,72,0,10,12
1198,11,1,1,0,0,1,74,168,0,0,0,0,0,12,74,168,72,0,11,13
1199,12,1,1,0,0,1,74,168,0,0,0,0,0,13,74,168,72,0,12,14
1200,13,1,1,0,0,1,74,168,0,0,0,0,0,14,74,168,72,0,13,15
1201,14,1,1,0,0,1,74,168,0,0,0,0,0,15,74,514,72,0,14,16
1202,15,1,1,0,0,1,74,514,0,0,0,0,0,0,74,514,72,0,15,1
1203,0,1,1,1,0,1,74,514,0,0,0,0,0,1,75,514,72,0,16,2
1204,1,1,1,0,0,1,75,514,0,1,0,0,0,2,75,514,72,0,1,3
1205,2,1,1,0,0,1,75,514,0,0,0,1,1,3,75,514,72,0,2,4
1206,3,1,1,0,0,1,75,514,0,0,0,1,1,4,75,514,72,0,3,5
1207,4,1,1,0,0,1,75,514,0,0,0,1,1,5,75,514,72,0,4,6
1208,5,1,1,0,0,1,75,514,0,0,0,1,1,6,75,514,72,0,5,7
1209,6,1,1,0,0,1,75,514,0,0,0,1,1,7,75,514,72,0,6,8
1210,7,1,1,0,0,1,75,514,0,0,0,1,1,8,75,514,72,0,7,9
1211,8,1,1,0,0,1,75,514,0,0,1,1,1,9,75,514,72,0,8,10
1212,9,1,1,0,1,1,75,514,0,0,0,0,0,10,75,514,72,0,9,11
1213,10,1,1,0,0,1,75,514,0,0,0,0,0,11,75,514,72,0,10,12
1214,11,1,1,0,0,1,75,514,0,0,0,0,0,12,75,514,72,0,11,13
1215,12,1,1,0,0,1,75,514,0,0,0,0,0,13,75,514,72,0,12,14
1216,13,1,1,0,0,1,75,514,0,0,0,0,0,14,75,514,72,0,13,15
1217,14,1,1,0,0,1,75,514,0,0,0,0,0,15,75,687,72,0,14,16
1218,15,1,1,0,0,1,75,687,1,0,0,0,0,0,75,687,75,1,15,1
1219,0,1,1,1,0,1,75,687,0,0,0,0,0,1,76,687,75,0,16,2
1220,1,1,1,0,0,1,76,687,0,1,0,0,0,2,76,687,75,0,1,3
1221,2,1,1,0,0,1,76,687,0,0,0,1,1,3,76,687,75,0,2,4
1222,3,1,1,0,0,1,76,687,0,0,0,1,1,4,76,687,75,0,3,5
1223,4,1,1,0,0,1,76,687,0,0,0,0,0,5,76,687,75,0,4,6
1224,5,1,1,0,0,1,76,687,0,0,0,1,1,6,76,687,75,0,5,7
1225,6,1,1,0,0,1,76,687,0,0,0,1,1,7,76,687,75,0,6,8
1226,7,1,1,0,0,1,76,687,0,0,0,1,1,8,76,687,75,0,7,9
1227,8,1,1,0,0,1,76,687,0,0,0,1,1,9,76,687,75,0,8,10
1228,9,1,1,0,1,1,76,687,0,0,0,0,0,10,76,687,75,0,9,11
1229,10,1,1,0,0,1,76,687,0,0,0,0,0,11,76,687,75,0,10,12
1230,11,1,1,0,0,1,76,687,0,0,0,0,0,12,76,687,75,0,11,13
1231,12,1,1,0,0,1,76,687,0,0,0,0,0,13,76,687,75,0,12,14
1232,13,1,1,0,0,1,76,687,0,0,0,0,0,14,76,687,75,0,13,15
1233,14,1,1,0,0,1,76,687,0,0,0,0,0,15,76,860,75,0,14,16
1234,15,1,1,0,0,1,76,860,1,0,0,0,0,0,76,860,76,1,15,1
1235,0,1,1,1,0,1,76,860,0,0,0,0,0,1,77,860,76,0,16,2
1236,1,1,1,0,0,0,77,860,0,1,0,0,0,2,77,860,76,0,1,3
1237,2,1,1,0,0,0,77,860,0,0,0,1,1,3,77,860,76,0,2,4
1238,3,1,1,0,0,0,77,860,0,0,0,1,1,4,77,860,76,0,3,5
1239,4,1,1,0,0,0,77,860,0,0,0,1,1,5,77,860,76,0,4,6
1240,5,1,1,0,0,0,77,860,0,0,0,1,1,6,77,860,76,0,5,7
1241,6,1,1,0,0,0,77,860,0,0,0,1,1,7,77,860,76,0,6,8
1242,7,1,1,0,0,0,77,860,0,0,0,1,1,8,77,860,76,0,7,9
1243,8,1,1,0,0,0,77,860,0,0,1,1,1,9,77,860,76,0,8,10
1244,9,1,1,0,1,0,77,860,0,0,0,0,0,10,77,860,76,0,9,11
1245,10,1,1,0,0,0,77,860,0,0,0,0,0,11,77,860,76,0,10,12
1246,11,1,1,0,0,0,77,860,0,0,0,0,0,12,77,860,76,0,11,13
1247,12,1,1,0,0,0,77,860,0,0,0,0,0,13,77,860,76,0,12,14
1248,13,1,1,0,0,0,77,860,0,0,0,0,0,14,77,860,76,0,13,15
1249,14,1,1,0,0,0,77,860,0,0,0,0,0,15,77,860,76,0,14,16
1250,15,1,1,0,0,0,77,860,0,0,0,0,0,0,77,860,76,0,15,1
1251,0,1,1,1,0,0,77,860,0,0,0,0,0,1,78,860,76,0,16,2
1252,1,1,1,0,0,1,78,860,0,1,0,0,0,2,78,860,76,0,1,3
1253,2,1,1,0,0,1,78,860,0,0,0,1,1,3,78,860,76,0,2,4
1254,3,1,1,0,0,1,78,860,0,0,0,1,1,4,78,860,76,0,3,5
1255,4,1,1,0,0,1,78,860,0,0,0,1,1,5,78,860,76,0,4,6
1256,5,1,1,0,0,1,78,860,0,0,0,1,1,6,78,860,76,0,5,7
1257,6,1,1,0,0,1,78,860,0,0,0,1,1,7,78,860,76,0,6,8
1258,7,1,1,0,0,1,78,860,0,0,0,1,1,8,78,860,76,0,7,9
1259,8,1,1,0,0,1,78,860,0,0,1,1,1,9,78,860,76,0,8,10
1260,9,1,1,0,1,1,78,860,0,0,0,0,0,10,78,860,76,0,9,11
1261,10,1,1,0,0,1,78,860,0,0,0,0,0,11,78,860,76,0,10,12
1262,11,1,1,0,0,1,78,860,0,0,0,0,0,12,78,860,76,0,11,13
1263,12,1,1,0,0,1,78,860,0,0,0,0,0,13,78,860,76,0,12,14
1264,13,1,1,0,0,1,78,860,0,0,0,0,0,14,78,860,76,0,13,15
1265,14,1,1,0,0,1,78,860,0,0,0,0,0,15,78,1206,76,0,14,16
1266,15,1,1,0,0,1,78,1206,0,0,0,0,0,0,78,1206,76,0,15,1
1267,0,1,1,1,0,1,78,1206,0,0,0,0,0,1,79,1206,76,0,16,2
1268,1,1,1,0,0,1,79,1206,0,1,0,0,0,2,79,1206,76,0,1,3
1269,2,1,1,0,0,1,79,1206,0,0,0,1,1,3,79,1206,76,0,2,4
1270,3,1,1,0,0,1,79,1206,0,0,0,1,1,4,79,1206,76,0,3,5
1271,4,1,1,0,0,1,79,1206,0,0,0,1,1,5,79,1206,76,0,4,6
1272,5,1,1,0,0,1,79,1206,0,0,0,1,1,6,79,1206,76,0,5,7
1273,6,1,1,0,0,1,79,1206,0,0,0,1,1,7,79,1206,76,0,6,8
1274,7,1,1,0,0,1,79,1206,0,0,0,1,1,8,79,1206,76,0,7,9
1275,8,1,1,0,0,1,79,1206,0,0,1,1,1,9,79,1206,76,0,8,10
1276,9,1,1,0,1,1,79,1206,0,0,0,0,0,10,79,1206,76,0,9,11
1277,10,1,1,0,0,1,79,1206,0,0,0,0,0,11,79,1206,76,0,10,12
1278,11,1,1,0,0,1,79,1206,0,0,0,0,0,12,79,1206,76,0,11,13
1279,12,1,1,0,0,1,79,1206,0,0,0,0,0,13,79,1206,76,0,12,14
1280,13,1,1,0,0,1,79,1206,0,0,0,0,0,14,79,1206,76,0,13,15
1281,14,1,1,0,0,1,79,1206,0,0,0,0,0,15,79,1379,76,0,14,16
1282,15,1,1,0,0,1,79,1379,1,0,0,0,0,0,79,1379,79,1,15,1
1283,0,1,1,1,0,1,79,1379,0,0,0,0,0,1,80,1379,79,0,16,2
1284,1,1,1,0,0,1,80,1379,0,1,0,0,0,2,80,1379,79,0,1,3
1285,2,1,1,0,0,1,80,1379,0,0,0,1,1,3,80,1379,79,0,2,4
1286,3,1,1,0,0,1,80,1379,0,0,0,1,1,4,80,1379,79,0,3,5
1287,4,1,1,0,0,1,80,1379,0,0,0,1,1,5,80,1379,79,0,4,6
1288,5,1,1,0,0,1,80,1379,0,0,0,0,0,6,80,1379,79,0,5,7
1289,6,1,1,0,0,1,80,1379,0,0,0,1,1,7,80,1379,79,0,6,8
1290,7,1,1,0,0,1,80,1379,0,0,0,1,1,8,80,1379,79,0,7,9
1291,8,1,1,0,0,1,80,1379,0,0,0,1,1,9,80,1379,79,0,8,10
1292,9,1,1,0,1,1,80,1379,0,0,0,0,0,10,80,1379,79,0,9,11
1293,10,1,1,0,0,1,80,1379,0,0,0,0,0,11,80,1379,79,0,10,12
1294,11,1,1,0,0,1,80,1379,0,0,0,0,0,12,80,1379,79,0,11,13
1295,12,1,1,0,0,1,80,1379,0,0,0,0,0,13,80,1379,79,0,12,14
1296,13,1,1,0,0,1,80,1379,0,0,0,0,0,14,80,1379,79,0,13,15
1297,14,1,1,0,0,1,80,1379,0,0,0,0,0,15,80,1552,79,0,14,16
1298,15,1,1,0,0,1,80,1552,1,0,0,0,0,0,80,1552,80,1,15,1
1299,0,1,1,1,0,1,80,1552,0,0,0,0,0,1,81,1552,80,0,16,2
1300,1,1,1,0,0,0,81,1552,0,1,0,0,0,2,81,1552,80,0,1,3
1301,2,1,1,0,0,0,81,1552,0,0,0,1,1,3,81,1552,80,0,2,4
1302,3,1,1,0,0,0,81,1552,0,0,0,1,1,4,81,1552,80,0,3,5
1303,4,1,1,0,0,0,81,1552,0,0,0,1,1,5,81,1552,80,0,4,6
1304,5,1,1,0,0,0,81,1552,0,0,0,1,1,6,81,1552,80,0,5,7
1305,6,1,1,0,0,0,81,1552,0,0,0,1,1,7,81,1552,80,0,6,8
1306,7,1,1,0,0,0,81,1552,0,0,0,1,1,8,81,1552,80,0,7,9
1307,8,1,1,0,0,0,81,1552,0,0,1,1,1,9,81,1552,80,0,8,10
1308,9,1,1,0,1,0,81,1552,0,0,0,0,0,10,81,1552,80,0,9,11
1309,10,1,1,0,0,0,81,1552,0,0,0,0,0,11,81,1552,80,0,10,12
1310,11,1,1,0,0,0,81,1552,0,0,0,0,0,12,81,1552,80,0,11,13
1311,12,1,1,0,0,0,81,1552,0,0,0,0,0,13,81,1552,80,0,12,14
1312,13,1,1,0,0,0,81,1552,0,0,0,0,0,14,81,1552,80,0,13,15
1313,14,1,1,0,0,0,81,1552,0,0,0,0,0,15,81,1552,80,0,14,16
1314,15,1,1,0,0,0,81,1552,0,0,0,0,0,0,81,1552,80,0,15,1
1315,0,1,1,1,0,0,81,1552,0,0,0,0,0,1,82,1552,80,0,16,2
1316,1,1,1,0,0,1,82,1552,0,1,0,0,0,2,82,1552,80,0,1,3
1317,2,1,1,0,0,1,82,1552,0,0,0,1,1,3,82,1552,80,0,2,4
1318,3,1,1,0,0,1,82,1552,0,0,0,1,1,4,82,1552,80,0,3,5
1319,4,1,1,0,0,1,82,1552,0,0,0,1,1,5,82,1552,80,0,4,6
1320,5,1,1,0,0,1,82,1552,0,0,0,1,1,6,82,1552,80,0,5,7
1321,6,1,1,0,0,1,82,1552,0,0,0,1,1,7,82,1552,80,0,6,8
1322,7,1,1,0,0,1,82,1552,0,0,0,1,1,8,82,1552,80,0,7,9
1323,8,1,1,0,0,1,82,1552,0,0,1,1,1,9,82,1552,80,0,8,10
1324,9,1,1,0,1,1,82,1552,0,0,0,0,0,10,82,1552,80,0,9,11
1325,10,1,1,0,0,1,82,1552,0,0,0,0,0,11,82,1552,80,0,10,12
1326,11,1,1,0,0,1,82,1552,0,0,0,0,0,12,82,1552,80,0,11,13
1327,12,1,1,0,0,1,82,1552,0,0,0,0,0,13,82,1552,80,0,12,14
1328,13,1,1,0,0,1,82,1552,0,0,0,0,0,14,82,1552,80,0,13,15
1329,14,1,1,0,0,1,82,1552,0,0,0,0,0,15,82,1898,80,0,14,16
1330,15,1,1,0,0,1,82,1898,0,0,0,0,0,0,82,1898,80,0,15,1
1331,0,1,1,1,0,1,82,1898,0,0,0,0,0,1,83,1898,80,0,16,2
1332,1,1,1,0,0,1,83,1898,0,1,0,0,0,2,83,1898,80,0,1,3
1333,2,1,1,0,0,1,83,1898,0,0,0,1,1,3,83,1898,80,0,2,4
1334,3,1,1,0,0,1,83,1898,0,0,0,1,1,4,83,1898,80,0,3,5
1335,4,1,1,0,0,1,83,1898,0,0,0,1,1,5,83,1898,80,0,4,6
1336,5,1,1,0,0,1,83,1898,0,0,0,1,1,6,83,1898,80,0,5,7
1337,6,1,1,0,0,1,83,1898,0,0,0,1,1,7,83,1898,80,0,6,8
1338,7,1,1,0,0,1,83,1898,0,0,0,1,1,8,83,1898,80,0,7,9
1339,8,1,1,0,0,1,83,1898,0,0,1,1,1,9,83,1898,80,0,8,10
1340,9,1,1,0,1,1,83,1898,0,0,0,0,0,10,83,1898,80,0,9,11
1341,10,1,1,0,0,1,83,1898,0,0,0,0,0,11,83,1898,80,0,10,12
1342,11,1,1,0,0,1,83,1898,0,0,0,0,0,12,83,1898,80,0,11,13
1343,12,1,1,0,0,1,83,1898,0,0,0,0,0,13,83,1898,80,0,12,14
1344,13,1,1,0,0,1,83,1898,0,0,0,0,0,14,83,1898,80,0,13,15
1345,14,1,1,0,0,1,83,1898,0,0,0,0,0,15,83,2071,80,0,14,16
1346,15,1,1,0,0,1,83,2071,1,0,0,0,0,0,83,2071,83,1,15,1
1347,0,1,1,1,0,1,83,2071,0,0,0,0,0,1,84,2071,83,0,16,2
1348,1,1,1,0,0,1,84,2071,0,1,0,0,0,2,84,2071,83,0,1,3
1349,2,1,1,0,0,1,84,2071,0,0,0,1,1,3,84,2071,83,0,2,4
1350,3,1,1,0,0,1,84,2071,0,0,0,1,1,4,84,2071,83,0,3,5
1351,4,1,1,0,0,1,84,2071,0,0,0,1,1,5,84,2071,83,0,4,6
1352,5,1,1,0,0,1,84,2071,0,0,0,1,1,6,84,2071,83,0,5,7
1353,6,1,1,0,0,1,84,2071,0,0,0,0,0,7,84,2071,83,0,6,8
1354,7,1,1,0,0,1,84,2071,0,0,0,1,1,8,84,2071,83,0,7,9
1355,8,1,1,0,0,1,84,2071,0,0,0,1,1,9,84,2071,83,0,8,10
1356,9,1,1,0,1,1,84,2071,0,0,0,0,0,10,84,2071,83,0,9,11
1357,10,1,1,0,0,1,84,2071,0,0,0,0,0,11,84,2071,83,0,10,12
1358,11,1,1,0,0,1,84,2071,0,0,0,0,0,12,84,2071,83,0,11,13
1359,12,1,1,0,0,1,84,2071,0,0,0,0,0,13,84,2071,83,0,12,14
1360,13,1,1,0,0,1,84,2071,0,0,0,0,0,14,84,2071,83,0,13,15
1361,14,1,1,0,0,1,84,2071,0,0,0,0,0,15,84,2244,83,0,14,16
1362,15,1,1,0,0,1,84,2244,1,0,0,0,0,0,84,2244,84,1,15,1
1363,0,1,1,1,0,1,84,2244,0,0,0,0,0,1,85,2244,84,0,16,2
1364,1,1,1,0,0,0,85,2244,0,1,0,0,0,2,85,2244,84,0,1,3
1365,2,1,1,0,0,0,85,2244,0,0,0,1,1,3,85,2244,84,0,2,4
1366,3,1,1,0,0,0,85,2244,0,0,0,1,1,4,85,2244,84,0,3,5
1367,4,1,1,0,0,0,85,2244,0,0,0,1,1,5,85,2244,84,0,4,6
1368,5,1,1,0,0,0,85,2244,0,0,0,1,1,6,85,2244,84,0,5,7
1369,6,1,1,0,0,0,85,2244,0,0,0,1,1,7,85,2244,84,0,6,8
1370,7,1,1,0,0,0,85,2244,0,0,0,1,1,8,85,2244,84,0,7,9
1371,8,1,1,0,0,0,85,2244,0,0,1,1,1,9,85,2244,84,0,8,10
1372,9,1,1,0,1,0,85,2244,0,0,0,0,0,10,85,2244,84,0,9,11
1373,10,1,1,0,0,0,85,2244,0,0,0,0,0,11,85,2244,84,0,10,12
1374,11,1,1,0,0,0,85,2244,0,0,0,0,0,12,85,2244,84,0,11,13
1375,12,1,1,0,0,0,85,2244,0,0,0,0,0,13,85,2244,84,0,12,14
1376,13,1,1,0,0,0,85,2244,0,0,0,0,0,14,85,2244,84,0,13,15
1377,14,1,1,0,0,0,85,2244,0,0,0,0,0,15,85,2244,84,0,14,16
1378,15,1,1,0,0,0,85,2244,0,0,0,0,0,0,85,2244,84,0,15,1
1379,0,1,1,1,0,0,85,2244,0,0,0,0,0,1,86,2244,84,0,16,2
1380,1,1,1,0,0,1,86,2244,0,1,0,0,0,2,86,2244,84,0,1,3
1381,2,1,1,0,0,1,86,2244,0,0,0,1,1,3,86,2244,84,0,2,4
1382,3,1,1,0,0,1,86,2244,0,0,0,1,1,4,86,2244,84,0,3,5
1383,4,1,1,0,0,1,86,2244,0,0,0,1,1,5,86,2244,84,0,4,6
1384,5,1,1,0,0,1,86,2244,0,0,0,1,1,6,86,2244,84,0,5,7
1385,6,1,1,0,0,1,86,2244,0,0,0,1,1,7,86,2244,84,0,6,8
1386,7,1,1,0,0,1,86,2244,0,0,0,1,1,8,86,2244,84,0,7,9
1387,8,1,1,0,0,1,86,2244,0,0,1,1,1,9,86,2244,84,0,8,10
1388,9,1,1,0,1,1,86,2244,0,0,0,0,0,10,86,2244,84,0,9,11
1389,10,1,1,0,0,1,86,2244,0,0,0,0,0,11,86,2244,84,0,10,12
1390,11,1,1,0,0,1,86,2244,0,0,0,0,0,12,86,2244,84,0,11,13
1391,12,1,1,0,0,1,86,2244,0,0,0,0,0,13,86,2244,84,0,12,14
1392,13,1,1,0,0,1,86,2244,0,0,0,0,0,14,86,2244,84,0,13,15
1393,14,1,1,0,0,1,86,2244,0,0,0,0,0,15,86,2590,84,0,14,16
1394,15,1,1,0,0,1,86,2590,0,0,0,0,0,0,86,2590,84,0,15,1
1395,0,1,1,1,0,1,86,2590,0,0,0,0,0,1,87,2590,84,0,16,2
1396,1,1,1,0,0,1,87,2590,0,1,0,0,0,2,87,2590,84,0,1,3
1397,2,1,1,0,0,1,87,2590,0,0,0,1,1,3,87,2590,84,0,2,4
1398,3,1,1,0,0,1,87,2590,0,0,0,1,1,4,87,2590,84,0,3,5
1399,4,1,1,0,0,1,87,2590,0,0,0,1,1,5,87,2590,84,0,4,6
1400,5,1,1,0,0,1,87,2590,0,0,0,1,1,6,87,2590,84,0,5,7
1401,6,1,1,0,0,1,87,2590,0,0,0,1,1,7,87,2590,84,0,6,8
1402,7,1,1,0,0,1,87,2590,0,0,0,1,1,8,87,2590,84,0,7,9
1403,8,1,1,0,0,1,87,2590,0,0,1,1,1,9,87,2590,84,0,8,10
1404,9,1,1,0,1,1,87,2590,0,0,0,0,0,10,87,2590,84,0,9,11
1405,10,1,1,0,0,1,87,2590,0,0,0,0,0,11,87,2590,84,0,10,12
1406,11,1,1,0,0,1,87,2590,0,0,0,0,0,12,87,2590,84,0,11,13
1407,12,1,1,0,0,1,87,2590,0,0,0,0,0,13,87,2590,84,0,12,14
1408,13,1,1,0,0,1,87,2590,0,0,0,0,0,14,87,2590,84,0,13,15
1409,14,1,1,0,0,1,87,2590,0,0,0,0,0,15,87,2763,84,0,14,16
1410,15,1,1,0,0,1,87,2763,1,0,0,0,0,0,87,2763,87,1,15,1
1411,0,1,1,1,0,1,87,2763,0,0,0,0,0,1,88,2763,87,0,16,2
1412,1,1,1,0,0,1,88,2763,0,1,0,0,0,2,88,2763,87,0,1,3
1413,2,1,1,0,0,1,88,2763,0,0,0,1,1,3,88,2763,87,0,2,4
1414,3,1,1,0,0,1,88,2763,0,0,0,1,1,4,88,2763,87,0,3,5
1415,4,1,1,0,0,1,88,2763,0,0,0,1,1,5,88,2763,87,0,4,6
1416,5,1,1,0,0,1,88,2763,0,0,0,1,1,6,88,2763,87,0,5,7
1417,6,1,1,0,0,1,88,2763,0,0,0,1,1,7,88,2763,87,0,6,8
1418,7,1,1,0,0,1,88,2763,0,0,0,0,0,8,88,2763,87,0,7,9
1419,8,1,1,0,0,1,88,2763,0,0,0,1,1,9,88,2763,87,0,8,10
1420,9,1,1,0,1,1,88,2763,0,0,0,0,0,10,88,2763,87,0,9,11
1421,10,1,1,0,0,1,88,2763,0,0,0,0,0,11,88,2763,87,0,10,12
1422,11,1,1,0,0,1,88,2763,0,0,0,0,0,12,88,2763,87,0,11,13
1423,12,1,1,0,0,1,88,2763,0,0,0,0,0,13,88,2763,87,0,12,14
1424,13,1,1,0,0,1,88,2763,0,0,0,0,0,14,88,2763,87,0,13,15
1425,14,1,1,0,0,1,88,2763,0,0,0,0,0,15,88,2936,87,0,14,16
1426,15,1,1,0,0,1,88,2936,1,0,0,0,0,0,88,2936,88,1,15,1
1427,0,1,1,1,0,1,88,2936,0,0,0,0,0,1,89,2936,88,0,16,2
1428,1,1,1,0,0,0,89,2936,0,1,0,0,0,2,89,2936,88,0,1,3
1429,2,1,1,0,0,0,89,2936,0,0,0,1,1,3,89,2936,88,0,2,4
1430,3,1,1,0,0,0,89,2936,0,0,0,1,1,4,89,2936,88,0,3,5
1431,4,1,1,0,0,0,89,2936,0,0,0,1,1,5,89,2936,88,0,4,6
1432,5,1,1,0,0,0,89,2936,0,0,0,1,1,6,89,2936,88,0,5,7
1433,6,1,1,0,0,0,89,2936,0,0,0,1,1,7,89,2936,88,0,6,8
1434,7,1,1,0,0,0,89,2936,0,0,0,1,1,8,89,2936,88,0,7,9
1435,8,1,1,0,0,0,89,2936,0,0,1,1,1,9,89,2936,88,0,8,10
1436,9,1,1,0,1,0,89,2936,0,0,0,0,0,10,89,2936,88,0,9,11
1437,10,1,1,0,0,0,89,2936,0,0,0,0,0,11,89,2936,88,0,10,12
1438,11,1,1,0,0,0,89,2936,0,0,0,0,0,12,89,2936,88,0,11,13
1439,12,1,1,0,0,0,89,2936,0,0,0,0,0,13,89,2936,88,0,12,14
1440,13,1,1,0,0,0,89,2936,0,0,0,0,0,14,89,2936,88,0,13,15
1441,14,1,1,0,0,0,89,2936,0,0,0,0,0,15,89,2936,88,0,14,16
1442,15,1,1,0,0,0,89,2936,0,0,0,0,0,0,89,2936,88,0,15,1
1443,0,1,1,1,0,0,89,2936,0,0,0,0,0,1,90,2936,88,0,16,2
1444,1,1,1,0,0,1,90,2936,0,1,0,0,0,2,90,2936,88,0,1,3
1445,2,1,1,0,0,1,90,2936,0,0,0,1,1,3,90,2936,88,0,2,4
1446,3,1,1,0,0,1,90,2936,0,0,0,1,1,4,90,2936,88,0,3,5
1447,4,1,1,0,0,1,90,2936,0,0,0,1,1,5,90,2936,88,0,4,6
1448,5,1,1,0,0,1,90,2936,0,0,0,1,1,6,90,2936,88,0,5,7
1449,6,1,1,0,0,1,90,2936,0,0,0,1,1,7,90,2936,88,0,6,8
1450,7,1,1,0,0,1,90,2936,0,0,0,1,1,8,90,2936,88,0,7,9
1451,8,1,1,0,0,1,90,2936,0,0,1,1,1,9,90,2936,88,0,8,10
1452,9,1,1,0,1,1,90,2936,0,0,0,0,0,10,90,2936,88,0,9,11
1453,10,1,1,0,0,1,90,2936,0,0,0,0,0,11,90,2936,88,0,10,12
1454,11,1,1,0,0,1,90,2936,0,0,0,0,0,12,90,2936,88,0,11,13
1455,12,1,1,0,0,1,90,2936,0,0,0,0,0,13,90,2936,88,0,12,14
1456,13,1,1,0,0,1,90,2936,0,0,0,0,0,14,90,2936,88,0,13,15
1457,14,1,1,0,0,1,90,2936,0,0,0,0,0,15,90,3282,88,0,14,16
1458,15,1,1,0,0,1,90,3282,0,0,0,0,0,0,90,3282,88,0,15,1
1459,0,1,1,1,0,1,90,3282,0,0,0,0,0,1,91,3282,88,0,16,2
1460,1,1,1,0,0,1,91,3282,0,1,0,0,0,2,91,3282,88,0,1,3
1461,2,1,1,0,0,1,91,3282,0,0,0,1,1,3,91,3282,88,0,2,4
1462,3,1,1,0,0,1,91,3282,0,0,0,1,1,4,91,3282,88,0,3,5
1463,4,1,1,0,0,1,91,3282,0,0,0,1,1,5,91,3282,88,0,4,6
1464,5,1,1,0,0,1,91,3282,0,0,0,1,1,6,91,3282,88,0,5,7
1465,6,1,1,0,0,1,91,3282,0,0,0,1,1,7,91,3282,88,0,6,8
1466,7,1,1,0,0,1,91,3282,0,0,0,1,1,8,91,3282,88,0,7,9
1467,8,1,1,0,0,1,91,3282,0,0,1,1,1,9,91,3282,88,0,8,10
1468,9,1,1,0,1,1,91,3282,0,0,0,0,0,10,91,3282,88,0,9,11
1469,10,1,1,0,0,1,91,3282,0,0,0,0,0,11,91,3282,88,0,10,12
1470,11,1,1,0,0,1,91,3282,0,0,0,0,0,12,91,3282,88,0,11,13
1471,12,1,1,0,0,1,91,3282,0,0,0,0,0,13,91,3282,88,0,12,14
1472,13,1,1,0,0,1,91,3282,0,0,0,0,0,14,91,3282,88,0,13,15
1473,14,1,1,0,0,1,91,3282,0,0,0,0,0,15,91,3455,88,0,14,16
1474,15,1,1,0,0,1,91,3455,1,0,0,0,0,0,91,3455,91,1,15,1
1475,0,1,1,1,0,1,91,3455,0,0,0,0,0,1,92,3455,91,0,16,2
1476,1,1,1,0,0,1,92,3455,0,0,0,0,0,2,92,3455,91,0,1,3
1477,2,1,1,0,0,1,92,3455,0,0,0,0,0,3,92,3455,91,0,2,4
1478,3,1,1,0,0,1,92,3455,0,0,0,0,0,4,92,3455,91,0,3,5
1479,4,1,1,0,0,1,92,3455,0,0,0,0,0,5,92,3455,91,0,4,6
1480,5,1,1,0,0,1,92,3455,0,0,0,0,0,6,92,3455,91,0,5,7
1481,6,1,1,0,0,1,92,3455,0,0,0,0,0,7,92,3455,91,0,6,8
1482,7,1,1,0,0,1,92,3455,0,0,0,0,0,8,92,3455,91,0,7,9
1483,8,1,1,0,0,1,92,3455,0,0,0,0,0,9,92,3455,91,0,8,10
1484,9,1,1,0,1,1,92,3455,0,0,0,0,0,10,92,3455,91,0,9,11
1485,10,1,1,0,0,1,92,3455,0,0,0,0,0,11,92,3455,91,0,10,12
1486,11,1,1,0,0,1,92,3455,0,0,0,0,0,12,92,3455,91,0,11,13
1487,12,1,1,0,0,1,92,3455,0,0,0,0,0,13,92,3455,91,0,12,14
1488,13,1,1,0,0,1,92,3455,0,0,0,0,0,14,92,3455,91,0,13,15
1489,14,1,1,0,0,1,92,3455,0,0,0,0,0,15,92,3628,91,0,14,16
1490,15,1,1,0,0,1,92,3628,1,0,0,0,0,0,92,3628,92,1,15,1
1491,0,1,1,1,0,1,92,3628,0,0,0,0,0,1,93,3628,92,0,16,2
1492,1,1,1,0,0,0,93,3628,0,1,0,0,0,2,93,3628,92,0,1,3
1493,2,1,1,0,0,0,93,3628,0,0,0,1,1,3,93,3628,92,0,2,4
1494,3,1,1,0,0,0,93,3628,0,0,0,1,1,4,93,3628,92,0,3,5
1495,4,1,1,0,0,0,93,3628,0,0,0,1,1,5,93,3628,92,0,4,6
1496,5,1,1,0,0,0,93,3628,0,0,0,1,1,6,93,3628,92,0,5,7
1497,6,1,1,0,0,0,93,3628,0,0,0,1,1,7,93,3628,92,0,6,8
1498,7,1,1,0,0,0,93,3628,0,0,0,1,1,8,93,3628,92,0,7,9
1499,8,1,1,0,0,0,93,3628,0,0,1,1,1,9,93,3628,92,0,8,10
1500,9,1,1,0,1,0,93,3628,0,0,0,0,0,10,93,3628,92,0,9,11
1501,10,1,1,0,0,0,93,3628,0,0,0,0,0,11,93,3628,92,0,10,12
1502,11,1,1,0,0,0,93,3628,0,0,0,0,0,12,93,3628,92,0,11,13
1503,12,1,1,0,0,0,93,3628,0,0,0,0,0,13,93,3628,92,0,12,14
1504,13,1,1,0,0,0,93,3628,0,0,0,0,0,14,93,3628,92,0,13,15
1505,14,1,1,0,0,0,93,3628,0,0,0,0,0,15,93,3628,92,0,14,16
1506,15,1,1,0,0,0,93,3628,0,0,0,0,0,0,93,3628,92,0,15,1
1507,0,1,1,1,0,0,93,3628,0,0,0,0,0,1,94,3628,92,0,16,2
1508,1,1,1,0,0,1,94,3628,0,1,0,0,0,2,94,3628,92,0,1,3
1509,2,1,1,0,0,1,94,3628,0,0,0,1,1,3,94,3628,92,0,2,4
1510,3,1,1,0,0,1,94,3628,0,0,0,1,1,4,94,3628,92,0,3,5
1511,4,1,1,0,0,1,94,3628,0,0,0,1,1,5,94,3628,92,0,4,6
1512,5,1,1,0,0,1,94,3628,0,0,0,1,1,6,94,3628,92,0,5,7
1513,6,1,1,0,0,1,94,3628,0,0,0,1,1,7,94,3628,92,0,6,8
1514,7,1,1,0,0,1,94,3628,0,0,0,1,1,8,94,3628,92,0,7,9
1515,8,1,1,0,0,1,94,3628,0,0,1,1,1,9,94,3628,92,0,8,10
1516,9,1,1,0,1,1,94,3628,0,0,0,0,0,10,94,3628,92,0,9,11
1517,10,1,1,0,0,1,94,3628,0,0,0,0,0,11,94,3628,92,0,10,12
1518,11,1,1,0,0,1,94,3628,0,0,0,0,0,12,94,3628,92,0,11,13
1519,12,1,1,0,0,1,94,3628,0,0,0,0,0,13,94,3628,92,0,12,14
1520,13,1,1,0,0,1,94,3628,0,0,0,0,0,14,94,3628,92,0,13,15
1521,14,1,1,0,0,1,94,3628,0,0,0,0,0,15,94,3974,92,0,14,16
1522,15,1,1,0,0,1,94,3974,0,0,0,0,0,0,94,3974,92,0,15,1
1523,0,1,1,1,0,1,94,3974,0,0,0,0,0,1,95,3974,92,0,16,2
1524,1,1,1,0,0,1,95,3974,0,1,0,0,0,2,95,3974,92,0,1,3
1525,2,1,1,0,0,1,95,3974,0,0,0,1,1,3,95,3974,92,0,2,4
1526,3,1,1,0,0,1,95,3974,0,0,0,1,1,4,95,3974,92,0,3,5
1527,4,1,1,0,0,1,95,3974,0,0,0,1,1,5,95,3974,92,0,4,6
1528,5,1,1,0,0,1,95,3974,0,0,0,1,1,6,95,3974,92,0,5,7
1529,6,1,1,0,0,1,95,3974,0,0,0,1,1,7,95,3974,92,0,6,8
1530,7,1,1,0,0,1,95,3974,0,0,0,1,1,8,95,3974,92,0,7,9
1531,8,1,1,0,0,1,95,3974,0,0,1,1,1,9,95,3974,92,0,8,10
1532,9,1,1,0,1,1,95,3974,0,0,0,0,0,10,95,3974,92,0,9,11
1533,10,1,1,0,0,1,95,3974,0,0,0,0,0,11,95,3974,92,0,10,12
1534,11,1,1,0,0,1,95,3974,0,0,0,0,0,12,95,3974,92,0,11,13
1535,12,1,1,0,0,1,95,3974,0,0,0,0,0,13,95,3974,92,0,12,14
1536,13,1,1,0,0,1,95,3974,0,0,0,0,0,14,95,3974,92,0,13,15
1537,14,1,1,0,0,1,95,3974,0,0,0,0,0,15,95,51,92,0,14,16
1538,15,1,1,0,0,1,95,51,1,0,0,0,0,0,95,51,95,1,15,1
1539,0,1,1,1,0,1,95,51,0,0,0,0,0,1,96,51,95,0,16,2
1540,1,1,1,0,0,1,96,51,0,1,0,0,0,2,96,51,95,0,1,3
1541,2,1,1,0,0,1,96,51,0,0,0,1,1,3,96,51,95,0,2,4
1542,3,1,1,0,0,1,96,51,0,0,0,0,0,4,96,51,95,0,3,5
1543,4,1,1,0,0,1,96,51,0,0,0,1,1,5,96,51,95,0,4,6
1544,5,1,1,0,0,1,96,51,0,0,0,1,1,6,96,51,95,0,5,7
1545,6,1,1,0,0,1,96,51,0,0,0,1,1,7,96,51,95,0,6,8
1546,7,1,1,0,0,1,96,51,0,0,0,1,1,8,96,51,95,0,7,9
1547,8,1,1,0,0,1,96,51,0,0,0,1,1,9,96,51,95,0,8,10
1548,9,1,1,0,1,1,96,51,0,0,0,0,0,10,96,51,95,0,9,11
1549,10,1,1,0,0,1,96,51,0,0,0,0,0,11,96,51,95,0,10,12
1550,11,1,1,0,0,1,96,51,0,0,0,0,0,12,96,51,95,0,11,13
1551,12,1,1,0,0,1,96,51,0,0,0,0,0,13,96,51,95,0,12,14
1552,13,1,1,0,0,1,96,51,0,0,0,0,0,14,96,51,95,0,13,15
1553,14,1,1,0,0,1,96,51,0,0,0,0,0,15,96,224,95,0,14,16
1554,15,1,1,0,0,1,96,224,1,0,0,0,0,0,96,224,96,1,15,1
1555,0,1,1,1,0,1,96,224,0,0,0,0,0,1,97,224,96,0,16,2
1556,1,1,1,0,0,0,97,224,0,1,0,0,0,2,97,224,96,0,1,3
1557,2,1,1,0,0,0,97,224,0,0,0,1,1,3,97,224,96,0,2,4
1558,3,1,1,0,0,0,97,224,0,0,0,1,1,4,97,224,96,0,3,5
1559,4,1,1,0,0,0,97,224,0,0,0,1,1,5,97,224,96,0,4,6
1560,5,1,1,0,0,0,97,224,0,0,0,1,1,6,97,224,96,0,5,7
1561,6,1,1,0,0,0,97,224,0,0,0,1,1,7,97,224,96,0,6,8
1562,7,1,1,0,0,0,97,224,0,0,0,1,1,8,97,224,96,0,7,9
1563,8,1,1,0,0,0,97,224,0,0,1,1,1,9,97,224,96,0,8,10
1564,9,1,1,0,1,0,97,224,0,0,0,0,0,10,97,224,96,0,9,11
1565,10,1,1,0,0,0,97,224,0,0,0,0,0,11,97,224,96,0,10,12
1566,11,1,1,0,0,0,97,224,0,0,0,0,0,12,97,224,96,0,11,13
1567,12,1,1,0,0,0,97,224,0,0,0,0,0,13,97,224,96,0,12,14
1568,13,1,1,0,0,0,97,224,0,0,0,0,0,14,97,224,96,0,13,15
1569,14,1,1,0,0,0,97,224,0,0,0,0,0,15,97,224,96,0,14,16
1570,15,1,1,0,0,0,97,224,0,0,0,0,0,0,97,224,96,0,15,1
1571,0,1,1,1,0,0,97,224,0,0,0,0,0,1,98,224,96,0,16,2
1572,1,1,1,0,0,1,98,224,0,1,0,0,0,2,98,224,96,0,1,3
1573,2,1,1,0,0,1,98,224,0,0,0,1,1,3,98,224,96,0,2,4
1574,3,1,1,0,0,1,98,224,0,0,0,1,1,4,98,224,96,0,3,5
1575,4,1,1,0,0,1,98,224,0,0,0,1,1,5,98,224,96,0,4,6
1576,5,1,1,0,0,1,98,224,0,0,0,1,1,6,98,224,96,0,5,7
1577,6,1,1,0,0,1,98,224,0,0,0,1,1,7,98,224,96,0,6,8
1578,7,1,1,0,0,1,98,224,0,0,0,1,1,8,98,224,96,0,7,9
1579,8,1,1,0,0,1,98,224,0,0,1,1,1,9,98,224,96,0,8,10
1580,9,1,1,0,1,1,98,224,0,0,0,0,0,10,98,224,96,0,9,11
1581,10,1,1,0,0,1,98,224,0,0,0,0,0,11,98,224,96,0,10,12
1582,11,1,1,0,0,1,98,224,0,0,0,0,0,12,98,224,96,0,11,13
1583,12,1,1,0,0,1,98,224,0,0,0,0,0,13,98,224,96,0,12,14
1584,13,1,1,0,0,1,98,224,0,0,0,0,0,14,98,224,96,0,13,15
1585,14,1,1,0,0,1,98,224,0,0,0,0,0,15,98,570,96,0,14,16
1586,15,1,1,0,0,1,98,570,0,0,0,0,0,0,98,570,96,0,15,1
1587,0,1,1,1,0,1,98,570,0,0,0,0,0,1,99,570,96,0,16,2
1588,1,1,1,0,0,1,99,570,0,1,0,0,0,2,99,570,96,0,1,3
1589,2,1,1,0,0,1,99,570,0,0,0,1,1,3,99,570,96,0,2,4
1590,3,1,1,0,0,1,99,570,0,0,0,1,1,4,99,570,96,0,3,5
1591,4,1,1,0,0,1,99,570,0,0,0,1,1,5,99,570,96,0,4,6
1592,5,1,1,0,0,1,99,570,0,0,0,1,1,6,99,570,96,0,5,7
1593,6,1,1,0,0,1,99,570,0,0,0,1,1,7,99,570,96,0,6,8
1594,7,1,1,0,0,1,99,570,0,0,0,1,1,8,99,570,96,0,7,9
1595,8,1,1,0,0,1,99,570,0,0,1,1,1,9,99,570,96,0,8,10
1596,9,1,1,0,1,1,99,570,0,0,0,0,0,10,99,570,96,0,9,11
1597,10,1,1,0,0,1,99,570,0,0,0,0,0,11,99,570,96,0,10,12
1598,11,1,1,0,0,1,99,570,0,0,0,0,0,12,99,570,96,0,11,13
1599,12,1,1,0,0,1,99,570,0,0,0,0,0,13,99,570,96,0,12,14
1600,13,1,1,0,0,1,99,570,0,0,0,0,0,14,99,570,96,0,13,15
1601,14,1,1,0,0,1,99,570,0,0,0,0,0,15,99,743,96,0,14,16
1602,15,1,1,0,0,1,99,743,1,0,0,0,0,0,99,743,99,1,15,1
1603,0,1,1,1,0,1,99,743,0,0,0,0,0,1,100,743,99,0,16,2
1604,1,1,1,0,0,1,100,743,0,1,0,0,0,2,100,743,99,0,1,3
1605,2,1,1,0,0,1,100,743,0,0,0,1,1,3,100,743,99,0,2,4
1606,3,1,1,0,0,1,100,743,0,0,0,1,1,4,100,743,99,0,3,5
1607,4,1,1,0,0,1,100,743,0,0,0,0,0,5,100,743,99,0,4,6
1608,5,1,1,0,0,1,100,743,0,0,0,1,1,6,100,743,99,0,5,7
1609,6,1,1,0,0,1,100,743,0,0,0,1,1,7,100,743,99,0,6,8
1610,7,1,1,0,0,1,100,743,0,0,0,1,1,8,100,743,99,0,7,9
1611,8,1,1,0,0,1,100,743,0,0,0,1,1,9,100,743,99,0,8,10
1612,9,1,1,0,1,1,100,743,0,0,0,0,0,10,100,743,99,0,9,11
1613,10,1,1,0,0,1,100,743,0,0,0,0,0,11,100,743,99,0,10,12
1614,11,1,1,0,0,1,100,743,0,0,0,0,0,12,100,743,99,0,11,13
1615,12,1,1,0,0,1,100,743,0,0,0,0,0,13,100,743,99,0,12,14
1616,13,1,1,0,0,1,100,743,0,0,0,0,0,14,100,743,99,0,13,15
1617,14,1,1,0,0,1,100,743,0,0,0,0,0,15,100,916,99,0,14,16
1618,15,1,1,0,0,1,100,916,1,0,0,0,0,0,100,916,100,1,15,1
1619,0,1,1,1,0,1,100,916,0,0,0,0,0,1,101,916,100,0,16,2
1620,1,1,1,0,0,0,101,916,0,1,0,0,0,2,101,916,100,0,1,3
1621,2,1,1,0,0,0,101,916,0,0,0,1,1,3,101,916,100,0,2,4
1622,3,1,1,0,0,0,101,916,0,0,0,1,1,4,101,916,100,0,3,5
1623,4,1,1,0,0,0,101,916,0,0,0,1,1,5,101,916,100,0,4,6
1624,5,1,1,0,0,0,101,916,0,0,0,1,1,6,101,916,100,0,5,7
1625,6,1,1,0,0,0,101,916,0,0,0,1,1,7,101,916,100,0,6,8
1626,7,1,1,0,0,0,101,916,0,0,0,1,1,8,101,916,100,0,7,9
1627,8,1,1,0,0,0,101,916,0,0,1,1,1,9,101,916,100,0,8,10
1628,9,1,1,0,1,0,101,916,0,0,0,0,0,10,101,916,100,0,9,11
1629,10,1,1,0,0,0,101,916,0,0,0,0,0,11,101,916,100,0,10,12
1630,11,1,1,0,0,0,101,916,0,0,0,0,0,12,101,916,100,0,11,13
1631,12,1,1,0,0,0,101,916,0,0,0,0,0,13,101,916,100,0,12,14
1632,13,1,1,0,0,0,101,916,0,0,0,0,0,14,101,916,100,0,13,15
1633,14,1,1,0,0,0,101,916,0,0,0,0,0,15,101,916,100,0,14,16
1634,15,1,1,0,0,0,101,916,0,0,0,0,0,0,101,916,100,0,15,1
1635,0,1,1,1,0,0,101,916,0,0,0,0,0,1,102,916,100,0,16,2
1636,1,1,1,0,0,1,102,916,0,1,0,0,0,2,102,916,100,0,1,3
1637,2,1,1,0,0,1,102,916,0,0,0,1,1,3,102,916,100,0,2,4
1638,3,1,1,0,0,1,102,916,0,0,0,1,1,4,102,916,100,0,3,5
1639,4,1,1,0,0,1,102,916,0,0,0,1,1,5,102,916,100,0,4,6
1640,5,1,1,0,0,1,102,916,0,0,0,1,1,6,102,916,100,0,5,7
1641,6,1,1,0,0,1,102,916,0,0,0,1,1,7,102,916,100,0,6,8
1642,7,1,1,0,0,1,102,916,0,0,0,1,1,8,102,916,100,0,7,9
1643,8,1,1,0,0,1,102,916,0,0,1,1,1,9,102,916,100,0,8,10
1644,9,1,1,0,1,1,102,916,0,0,0,0,0,10,102,916,100,0,9,11
1645,10,1,1,0,0,1,102,916,0,0,0,0,0,11,102,916,100,0,10,12
1646,11,1,1,0,0,1,102,916,0,0,0,0,0,12,102,916,100,0,11,13
1647,12,1,1,0,0,1,102,916,0,0,0,0,0,13,102,916,100,0,12,14
1648,13,1,1,0,0,1,102,916,0,0,0,0,0,14,102,916,100,0,13,15
1649,14,1,1,0,0,1,102,916,0,0,0,0,0,15,102,1262,100,0,14,16
1650,15,1,1,0,0,1,102,1262,0,0,0,0,0,0,102,1262,100,0,15,1
1651,0,1,1,1,0,1,102,1262,0,0,0,0,0,1,103,1262,100,0,16,2
1652,1,1,1,0,0,1,103,1262,0,1,0,0,0,2,103,1262,100,0,1,3
1653,2,1,1,0,0,1,103,1262,0,0,0,1,1,3,103,1262,100,0,2,4
1654,3,1,1,0,0,1,103,1262,0,0,0,1,1,4,103,1262,100,0,3,5
1655,4,1,1,0,0,1,103,1262,0,0,0,1,1,5,103,1262,100,0,4,6
1656,5,1,1,0,0,1,103,1262,0,0,0,1,1,6,103,1262,100,0,5,7
1657,6,1,1,0,0,1,103,1262,0,0,0,1,1,7,103,1262,100,0,6,8
1658,7,1,1,0,0,1,103,1262,0,0,0,1,1,8,103,1262,100,0,7,9
1659,8,1,1,0,0,1,103,1262,0,0,1,1,1,9,103,1262,100,0,8,10
1660,9,1,1,0,1,1,103,1262,0,0,0,0,0,10,103,1262,100,0,9,11
1661,10,1,1,0,0,1,103,1262,0,0,0,0,0,11,103,1262,100,0,10,12
1662,11,1,1,0,0,1,103,1262,0,0,0,0,0,12,103,1262,100,0,11,13
1663,12,1,1,0,0,1,103,1262,0,0,0,0,0,13,103,1262,100,0,12,14
1664,13,1,1,0,0,1,103,1262,0,0,0,0,0,14,103,1262,100,0,13,15
1665,14,1,1,0,0,1,103,1262,0,0,0,0,0,15,103,1435,100,0,14,16
1666,15,1,1,0,0,1,103,1435,1,0,0,0,0,0,103,1435,103,1,15,1
1667,0,1,1,1,0,1,103,1435,0,0,0,0,0,1,104,1435,103,0,16,2
1668,1,1,1,0,0,1,104,1435,0,1,0,0,0,2,104,1435,103,0,1,3
1669,2,1,1,0,0,1,104,1435,0,0,0,1,1,3,104,1435,103,0,2,4
1670,3,1,1,0,0,1,104,1435,0,0,0,1,1,4,104,1435,103,0,3,5
1671,4,1,1,0,0,1,104,1435,0,0,0,1,1,5,104,1435,103,0,4,6
1672,5,1,1,0,0,1,104,1435,0,0,0,0,0,6,104,1435,103,0,5,7
1673,6,1,1,0,0,1,104,1435,0,0,0,1,1,7,104,1435,103,0,6,8
1674,7,1,1,0,0,1,104,1435,0,0,0,1,1,8,104,1435,103,0,7,9
1675,8,1,1,0,0,1,104,1435,0,0,0,1,1,9,104,1435,103,0,8,10
1676,9,1,1,0,1,1,104,1435,0,0,0,0,0,10,104,1435,103,0,9,11
1677,10,1,1,0,0,1,104,1435,0,0,0,0,0,11,104,1435,103,0,10,12
1678,11,1,1,0,0,1,104,1435,0,0,0,0,0,12,104,1435,103,0,11,13
1679,12,1,1,0,0,1,104,1435,0,0,0,0,0,13,104,1435,103,0,12,14
1680,13,1,1,0,0,1,104,1435,0,0,0,0,0,14,104,1435,103,0,13,15
1681,14,1,1,0,0,1,104,1435,0,0,0,0,0,15,104,1608,103,0,14,16
1682,15,1,1,0,0,1,104,1608,1,0,0,0,0,0,104,1608,104,1,15,1
1683,0,1,1,1,0,1,104,1608,0,0,0,0,0,1,105,1608,104,0,16,2
1684,1,1,1,0,0,0,105,1608,0,1,0,0,0,2,105,1608,104,0,1,3
1685,2,1,1,0,0,0,105,1608,0,0,0,1,1,3,105,1608,104,0,2,4
1686,3,1,1,0,0,0,105,1608,0,0,0,1,1,4,105,1608,104,0,3,5
1687,4,1,1,0,0,0,105,1608,0,0,0,1,1,5,105,1608,104,0,4,6
1688,5,1,1,0,0,0,105,1608,0,0,0,1,1,6,105,1608,104,0,5,7
1689,6,1,1,0,0,0,105,1608,0,0,0,1,1,7,105,1608,104,0,6,8
1690,7,1,1,0,0,0,105,1608,0,0,0,1,1,8,105,1608,104,0,7,9
1691,8,1,1,0,0,0,105,1608,0,0,1,1,1,9,105,1608,104,0,8,10
1692,9,1,1,0,1,0,105,1608,0,0,0,0,0,10,105,1608,104,0,9,11
1693,10,1,1,0,0,0,105,1608,0,0,0,0,0,11,105,1608,104,0,10,12
1694,11,1,1,0,0,0,105,1608,0,0,0,0,0,12,105,1608,104,0,11,13
1695,12,1,1,0,0,0,105,1608,0,0,0,0,0,13,105,1608,104,0,12,14
1696,13,1,1,0,0,0,105,1608,0,0,0,0,0,14,105,1608,104,0,13,15
1697,14,1,1,0,0,0,105,1608,0,0,0,0,0,15,105,1608,104,0,14,16
1698,15,1,1,0,0,0,105,1608,0,0,0,0,0,0,105,1608,104,0,15,1
1699,0,1,1,1,0,0,105,1608,0,0,0,0,0,1,106,1608,104,0,16,2
1700,1,1,1,0,0,1,106,1608,0,1,0,0,0,2,106,1608,104,0,1,3
1701,2,1,1,0,0,1,106,1608,0,0,0,1,1,3,106,1608,104,0,2,4
1702,3,1,1,0,0,1,106,1608,0,0,0,1,1,4,106,1608,104,0,3,5
1703,4,1,1,0,0,1,106,1608,0,0,0,1,1,5,106,1608,104,0,4,6
1704,5,1,1,0,0,1,106,1608,0,0,0,1,1,6,106,1608,104,0,5,7
1705,6,1,1,0,0,1,106,1608,0,0,0,1,1,7,106,1608,104,0,6,8
1706,7,1,1,0,0,1,106,1608,0,0,0,1,1,8,106,1608,104,0,7,9
1707,8,1,1,0,0,1,106,1608,0,0,1,1,1,9,106,1608,104,0,8,10
1708,9,1,1,0,1,1,106,1608,0,0,0,0,0,10,106,1608,104,0,9,11
1709,10,1,1,0,0,1,106,1608,0,0,0,0,0,11,106,1608,104,0,10,12
1710,11,1,1,0,0,1,106,1608,0,0,0,0,0,12,106,1608,104,0,11,13
1711,12,1,1,0,0,1,106,1608,0,0,0,0,0,13,106,1608,104,0,12,14
1712,13,1,1,0,0,1,106,1608,0,0,0,0,0,14,106,1608,104,0,13,15
1713,14,1,1,0,0,1,106,1608,0,0,0,0,0,15,106,1954,104,0,14,16
1714,15,1,1,0,0,1,106,1954,0,0,0,0,0,0,106,1954,104,0,15,1
1715,0,1,1,1,0,1,106,1954,0,0,0,0,0,1,107,1954,104,0,16,2
1716,1,1,1,0,0,1,107,1954,0,1,0,0,0,2,107,1954,104,0,1,3
1717,2,1,1,0,0,1,107,1954,0,0,0,1,1,3,107,1954,104,0,2,4
1718,3,1,1,0,0,1,107,1954,0,0,0,1,1,4,107,1954,104,0,3,5
1719,4,1,1,0,0,1,107,1954,0,0,0,1,1,5,107,1954,104,0,4,6
1720,5,1,1,0,0,1,107,1954,0,0,0,1,1,6,107,1954,104,0,5,7
1721,6,1,1,0,0,1,107,1954,0,0,0,1,1,7,107,1954,104,0,6,8
1722,7,1,1,0,0,1,107,1954,0,0,0,1,1,8,107,1954,104,0,7,9
1723,8,1,1,0,0,1,107,1954,0,0,1,1,1,9,107,1954,104,0,8,10
1724,9,1,1,0,1,1,107,1954,0,0,0,0,0,10,107,1954,104,0,9,11
1725,10,1,1,0,0,1,107,1954,0,0,0,0,0,11,107,1954,104,0,10,12
1726,11,1,1,0,0,1,107,1954,0,0,0,0,0,12,107,1954,104,0,11,13
1727,12,1,1,0,0,1,107,1954,0,0,0,0,0,13,107,1954,104,0,12,14
1728,13,1,1,0,0,1,107,1954,0,0,0,0,0,14,107,1954,104,0,13,15
1729,14,1,1,0,0,1,107,1954,0,0,0,0,0,15,107,2127,104,0,14,16
1730,15,1,1,0,0,1,107,2127,1,0,0,0,0,0,107,2127,107,1,15,1
1731,0,1,1,1,0,1,107,2127,0,0,0,0,0,1,108,2127,107,0,16,2
1732,1,1,1,0,0,1,108,2127,0,1,0,0,0,2,108,2127,107,0,1,3
1733,2,1,1,0,0,1,108,2127,0,0,0,1,1,3,108,2127,107,0,2,4
1734,3,1,1,0,0,1,108,2127,0,0,0,1,1,4,108,2127,107,0,3,5
1735,4,1,1,0,0,1,108,2127,0,0,0,1,1,5,108,2127,107,0,4,6
1736,5,1,1,0,0,1,108,2127,0,0,0,1,1,6,108,2127,107,0,5,7
1737,6,1,1,0,0,1,108,2127,0,0,0,0,0,7,108,2127,107,0,6,8
1738,7,1,1,0,0,1,108,2127,0,0,0,1,1,8,108,2127,107,0,7,9
1739,8,1,1,0,0,1,108,2127,0,0,0,1,1,9,108,2127,107,0,8,10
1740,9,1,1,0,1,1,108,2127,0,0,0,0,0,10,108,2127,107,0,9,11
1741,10,1,1,0,0,1,108,2127,0,0,0,0,0,11,108,2127,107,0,10,12
1742,11,1,1,0,0,1,108,2127,0,0,0,0,0,12,108,2127,107,0,11,13
1743,12,1,1,0,0,1,108,2127,0,0,0,0,0,13,108,2127,107,0,12,14
1744,13,1,1,0,0,1,108,2127,0,0,0,0,0,14,108,2127,107,0,13,15
1745,14,1,1,0,0,1,108,2127,0,0,0,0,0,15,108,2300,107,0,14,16
1746,15,1,1,0,0,1,108,2300,1,0,0,0,0,0,108,2300,108,1,15,1
1747,0,1,1,1,0,1,108,2300,0,0,0,0,0,1,109,2300,108,0,16,2
1748,1,1,1,0,0,0,109,2300,0,1,0,0,0,2,109,2300,108,0,1,3
1749,2,1,1,0,0,0,109,2300,0,0,0,1,1,3,109,2300,108,0,2,4
1750,3,1,1,0,0,0,109,2300,0,0,0,1,1,4,109,2300,108,0,3,5
1751,4,1,1,0,0,0,109,2300,0,0,0,1,1,5,109,2300,108,0,4,6
1752,5,1,1,0,0,0,109,2300,0,0,0,1,1,6,109,2300,108,0,5,7
1753,6,1,1,0,0,0,109,2300,0,0,0,1,1,7,109,2300,108,0,6,8
1754,7,1,1,0,0,0,109,2300,0,0,0,1,1,8,109,2300,108,0,7,9
1755,8,1,1,0,0,0,109,2300,0,0,1,1,1,9,109,2300,108,0,8,10
1756,9,1,1,0,1,0,109,2300,0,0,0,0,0,10,109,2300,108,0,9,11
1757,10,1,1,0,0,0,109,2300,0,0,0,0,0,11,109,2300,108,0,10,12
1758,11,1,1,0,0,0,109,2300,0,0,0,0,0,12,109,2300,108,0,11,13
1759,12,1,1,0,0,0,109,2300,0,0,0,0,0,13,109,2300,108,0,12,14
1760,13,1,1,0,0,0,109,2300,0,0,0,0,0,14,109,2300,108,0,13,15
1761,14,1,1,0,0,0,109,2300,0,0,0,0,0,15,109,2300,108,0,14,16
1762,15,1,1,0,0,0,109,2300,0,0,0,0,0,0,109,2300,108,0,15,1
1763,0,1,1,1,0,0,109,2300,0,0,0,0,0,1,110,2300,108,0,16,2
1764,1,1,1,0,0,1,110,2300,0,1,0,0,0,2,110,2300,108,0,1,3
1765,2,1,1,0,0,1,110,2300,0,0,0,1,1,3,110,2300,108,0,2,4
1766,3,1,1,0,0,1,110,2300,0,0,0,1,1,4,110,2300,108,0,3,5
1767,4,1,1,0,0,1,110,2300,0,0,0,1,1,5,110,2300,108,0,4,6
1768,5,1,1,0,0,1,110,2300,0,0,0,1,1,6,110,2300,108,0,5,7
1769,6,1,1,0,0,1,110,2300,0,0,0,1,1,7,110,2300,108,0,6,8
1770,7,1,1,0,0,1,110,2300,0,0,0,1,1,8,110,2300,108,0,7,9
1771,8,1,1,0,0,1,110,2300,0,0,1,1,1,9,110,2300,108,0,8,10
1772,9,1,1,0,1,1,110,2300,0,0,0,0,0,10,110,2300,108,0,9,11
1773,10,1,1,0,0,1,110,2300,0,0,0,0,0,11,110,2300,108,0,10,12
1774,11,1,1,0,0,1,110,2300,0,0,0,0,0,12,110,2300,108,0,11,13
1775,12,1,1,0,0,1,110,2300,0,0,0,0,0,13,110,2300,108,0,12,14
1776,13,1,1,0,0,1,110,2300,0,0,0,0,0,14,110,2300,108,0,13,15
1777,14,1,1,0,0,1,110,2300,0,0,0,0,0,15,110,2646,108,0,14,16
1778,15,1,1,0,0,1,110,2646,0,0,0,0,0,0,110,2646,108,0,15,1
1779,0,1,1,1,0,1,110,2646,0,0,0,0,0,1,111,2646,108,0,16,2
1780,1,1,1,0,0,1,111,2646,0,1,0,0,0,2,111,2646,108,0,1,3
1781,2,1,1,0,0,1,111,2646,0,0,0,1,1,3,111,2646,108,0,2,4
1782,3,1,1,0,0,1,111,2646,0,0,0,1,1,4,111,2646,108,0,3,5
1783,4,1,1,0,0,1,111,2646,0,0,0,1,1,5,111,2646,108,0,4,6
1784,5,1,1,0,0,1,111,2646,0,0,0,1,1,6,111,2646,108,0,5,7
1785,6,1,1,0,0,1,111,2646,0,0,0,1,1,7,111,2646,108,0,6,8
1786,7,1,1,0,0,1,111,2646,0,0,0,1,1,8,111,2646,108,0,7,9
1787,8,1,1,0,0,1,111,2646,0,0,1,1,1,9,111,2646,108,0,8,10
1788,9,1,1,0,1,1,111,2646,0,0,0,0,0,10,111,2646,108,0,9,11
1789,10,1,1,0,0,1,111,2646,0,0,0,0,0,11,111,2646,108,0,10,12
1790,11,1,1,0,0,1,111,2646,0,0,0,0,0,12,111,2646,108,0,11,13
1791,12,1,1,0,0,1,111,2646,0,0,0,0,0,13,111,2646,108,0,12,14
1792,13,1,1,0,0,1,111,2646,0,0,0,0,0,14,111,2646,108,0,13,15
1793,14,1,1,0,0,1,111,2646,0,0,0,0,0,15,111,2819,108,0,14,16
1794,15,1,1,0,0,1,111,2819,1,0,0,0,0,0,111,2819,111,1,15,1
1795,0,1,1,1,0,1,111,2819,0,0,0,0,0,1,112,2819,111,0,16,2
1796,1,1,1,0,0,1,112,2819,0,1,0,0,0,2,112,2819,111,0,1,3
1797,2,1,1,0,0,1,112,2819,0,0,0,1,1,3,112,2819,111,0,2,4
1798,3,1,1,0,0,1,112,2819,0,0,0,1,1,4,112,2819,111,0,3,5
1799,4,1,1,0,0,1,112,2819,0,0,0,1,1,5,112,2819,111,0,4,6
1800,5,1,1,0,0,1,112,2819,0,0,0,1,1,6,112,2819,111,0,5,7
1801,6,1,1,0,0,1,112,2819,0,0,0,1,1,7,112,2819,111,0,6,8
1802,7,1,1,0,0,1,112,2819,0,0,0,0,0,8,112,2819,111,0,7,9
1803,8,1,1,0,0,1,112,2819,0,0,0,1,1,9,112,2819,111,0,8,10
1804,9,1,1,0,1,1,112,2819,0,0,0,0,0,10,112,2819,111,0,9,11
1805,10,1,1,0,0,1,112,2819,0,0,0,0,0,11,112,2819,111,0,10,12
1806,11,1,1,0,0,1,112,2819,0,0,0,0,0,12,112,2819,111,0,11,13
1807,12,1,1,0,0,1,112,2819,0,0,0,0,0,13,112,2819,111,0,12,14
1808,13,1,1,0,0,1,112,2819,0,0,0,0,0,14,112,2819,111,0,13,15
1809,14,1,1,0,0,1,112,2819,0,0,0,0,0,15,112,2992,111,0,14,16
1810,15,1,1,0,0,1,112,2992,1,0,0,0,0,0,112,2992,112,1,15,1
1811,0,1,1,1,0,1,112,2992,0,0,0,0,0,1,113,2992,112,0,16,2
1812,1,1,1,0,0,0,113,2992,0,1,0,0,0,2,113,2992,112,0,1,3
1813,2,1,1,0,0,0,113,2992,0,0,0,1,1,3,113,2992,112,0,2,4
1814,3,1,1,0,0,0,113,2992,0,0,0,1,1,4,113,2992,112,0,3,5
1815,4,1,1,0,0,0,113,2992,0,0,0,1,1,5,113,2992,112,0,4,6
1816,5,1,1,0,0,0,113,2992,0,0,0,1,1,6,113,2992,112,0,5,7
1817,6,1,1,0,0,0,113,2992,0,0,0,1,1,7,113,2992,112,0,6,8
1818,7,1,1,0,0,0,113,2992,0,0,0,1,1,8,113,2992,112,0,7,9
1819,8,1,1,0,0,0,113,2992,0,0,1,1,1,9,113,2992,112,0,8,10
1820,9,1,1,0,1,0,113,2992,0,0,0,0,0,10,113,2992,112,0,9,11
1821,10,1,1,0,0,0,113,2992,0,0,0,0,0,11,113,2992,112,0,10,12
1822,11,1,1,0,0,0,113,2992,0,0,0,0,0,12,113,2992,112,0,11,13
1823,12,1,1,0,0,0,113,2992,0,0,0,0,0,13,113,2992,112,0,12,14
1824,13,1,1,0,0,0,113,2992,0,0,0,0,0,14,113,2992,112,0,13,15
1825,14,1,1,0,0,0,113,2992,0,0,0,0,0,15,113,2992,112,0,14,16
1826,15,1,1,0,0,0,113,2992,0,0,0,0,0,0,113,2992,112,0,15,1
1827,0,1,1,1,0,0,113,2992,0,0,0,0,0,1,114,2992,112,0,16,2
1828,1,1,1,0,0,1,114,2992,0,1,0,0,0,2,114,2992,112,0,1,3
1829,2,1,1,0,0,1,114,2992,0,0,0,1,1,3,114,2992,112,0,2,4
1830,3,1,1,0,0,1,114,2992,0,0,0,1,1,4,114,2992,112,0,3,5
1831,4,1,1,0,0,1,114,2992,0,0,0,1,1,5,114,2992,112,0,4,6
1832,5,1,1,0,0,1,114,2992,0,0,0,1,1,6,114,2992,112,0,5,7
1833,6,1,1,0,0,1,114,2992,0,0,0,1,1,7,114,2992,112,0,6,8
1834,7,1,1,0,0,1,114,2992,0,0,0,1,1,8,114,2992,112,0,7,9
1835,8,1,1,0,0,1,114,2992,0,0,1,1,1,9,114,2992,112,0,8,10
1836,9,1,1,0,1,1,114,2992,0,0,0,0,0,10,114,2992,112,0,9,11
1837,10,1,1,0,0,1,114,2992,0,0,0,0,0,11,114,2992,112,0,10,12
1838,11,1,1,0,0,1,114,2992,0,0,0,0,0,12,114,2992,112,0,11,13
1839,12,1,1,0,0,1,114,2992,0,0,0,0,0,13,114,2992,112,0,12,14
1840,13,1,1,0,0,1,114,2992,0,0,0,0,0,14,114,2992,112,0,13,15
1841,14,1,1,0,0,1,114,2992,0,0,0,0,0,15,114,3338,112,0,14,16
1842,15,1,1,0,0,1,114,3338,0,0,0,0,0,0,114,3338,112,0,15,1
1843,0,1,1,1,0,1,114,3338,0,0,0,0,0,1,115,3338,112,0,16,2
1844,1,1,1,0,0,1,115,3338,0,1,0,0,0,2,115,3338,112,0,1,3
1845,2,1,1,0,0,1,115,3338,0,0,0,1,1,3,115,3338,112,0,2,4
1846,3,1,1,0,0,1,115,3338,0,0,0,1,1,4,115,3338,112,0,3,5
1847,4,1,1,0,0,1,115,3338,0,0,0,1,1,5,115,3338,112,0,4,6
1848,5,1,1,0,0,1,115,3338,0,0,0,1,1,6,115,3338,112,0,5,7
1849,6,1,1,0,0,1,115,3338,0,0,0,1,1,7,115,3338,112,0,6,8
1850,7,1,1,0,0,1,115,3338,0,0,0,1,1,8,115,3338,112,0,7,9
1851,8,1,1,0,0,1,115,3338,0,0,1,1,1,9,115,3338,112,0,8,10
1852,9,1,1,0,1,1,115,3338,0,0,0,0,0,10,115,3338,112,0,9,11
1853,10,1,1,0,0,1,115,3338,0,0,0,0,0,11,115,3338,112,0,10,12
1854,11,1,1,0,0,1,115,3338,0,0,0,0,0,12,115,3338,112,0,11,13
1855,12,1,1,0,0,1,115,3338,0,0,0,0,0,13,115,3338,112,0,12,14
1856,13,1,1,0,0,1,115,3338,0,0,0,0,0,14,115,3338,112,0,13,15
1857,14,1,1,0,0,1,115,3338,0,0,0,0,0,15,115,3511,112,0,14,16
1858,15,1,1,0,0,1,115,3511,1,0,0,0,0,0,115,3511,115,1,15,1
1859,0,1,1,1,0,1,115,3511,0,0,0,0,0,1,116,3511,115,0,16,2
1860,1,1,1,0,0,1,116,3511,0,1,0,0,0,2,116,3511,115,0,1,3
1861,2,1,1,0,0,1,116,3511,0,0,0,1,1,3,116,3511,115,0,2,4
1862,3,1,1,0,0,1,116,3511,0,0,0,1,1,4,116,3511,115,0,3,5
1863,4,1,1,0,0,1,116,3511,0,0,0,1,1,5,116,3511,115,0,4,6
1864,5,1,1,0,0,1,116,3511,0,0,0,1,1,6,116,3511,115,0,5,7
1865,6,1,1,0,0,1,116,3511,0,0,0,1,1,7,116,3511,115,0,6,8
1866,7,1,1,0,0,1,116,3511,0,0,0,1,1,8,116,3511,115,0,7,9
1867,8,1,1,0,0,1,116,3511,0,0,0,0,0,9,116,3511,115,0,8,10
1868,9,1,1,0,1,1,116,3511,0,0,0,0,0,10,116,3511,115,0,9,11
1869,10,1,1,0,0,1,116,3511,0,0,0,0,0,11,116,3511,115,0,10,12
1870,11,1,1,0,0,1,116,3511,0,0,0,0,0,12,116,3511,115,0,11,13
1871,12,1,1,0,0,1,116,3511,0,0,0,0,0,13,116,3511,115,0,12,14
1872,13,1,1,0,0,1,116,3511,0,0,0,0,0,14,116,3511,115,0,13,15
1873,14,1,1,0,0,1,116,3511,0,0,0,0,0,15,116,3684,115,0,14,16
1874,15,1,1,0,0,1,116,3684,1,0,0,0,0,0,116,3684,116,1,15,1
1875,0,1,1,1,0,1,116,3684,0,0,0,0,0,1,117,3684,116,0,16,2
1876,1,1,1,0,0,0,117,3684,0,1,0,0,0,2,117,3684,116,0,1,3
1877,2,1,1,0,0,0,117,3684,0,0,0,1,1,3,117,3684,116,0,2,4
1878,3,1,1,0,0,0,117,3684,0,0,0,1,1,4,117,3684,116,0,3,5
1879,4,1,1,0,0,0,117,3684,0,0,0,1,1,5,117,3684,116,0,4,6
1880,5,1,1,0,0,0,117,3684,0,0,0,1,1,6,117,3684,116,0,5,7
1881,6,1,1,0,0,0,117,3684,0,0,0,1,1,7,117,3684,116,0,6,8
1882,7,1,1,0,0,0,117,3684,0,0,0,1,1,8,117,3684,116,0,7,9
1883,8,1,1,0,0,0,117,3684,0,0,1,1,1,9,117,3684,116,0,8,10
1884,9,1,1,0,1,0,117,3684,0,0,0,0,0,10,117,3684,116,0,9,11
1885,10,1,1,0,0,0,117,3684,0,0,0,0,0,11,117,3684,116,0,10,12
1886,11,1,1,0,0,0,117,3684,0,0,0,0,0,12,117,3684,116,0,11,13
1887,12,1,1,0,0,0,117,3684,0,0,0,0,0,13,117,3684,116,0,12,14
1888,13,1,1,0,0,0,117,3684,0,0,0,0,0,14,117,3684,116,0,13,15
1889,14,1,1,0,0,0,117,3684,0,0,0,0,0,15,117,3684,116,0,14,16
1890,15,1,1,0,0,0,117,3684,0,0,0,0,0,0,117,3684,116,0,15,1
1891,0,1,1,1,0,0,117,3684,0,0,0,0,0,1,118,3684,116,0,16,2
1892,1,1,1,0,0,1,118,3684,0,1,0,0,0,2,118,3684,116,0,1,3
1893,2,1,1,0,0,1,118,3684,0,0,0,1,1,3,118,3684,116,0,2,4
1894,3,1,1,0,0,1,118,3684,0,0,0,1,1,4,118,3684,116,0,3,5
1895,4,1,1,0,0,1,118,3684,0,0,0,1,1,5,118,3684,116,0,4,6
1896,5,1,1,0,0,1,118,3684,0,0,0,1,1,6,118,3684,116,0,5,7
1897,6,1,1,0,0,1,118,3684,0,0,0,1,1,7,118,3684,116,0,6,8
1898,7,1,1,0,0,1,118,3684,0,0,0,1,1,8,118,3684,116,0,7,9
1899,8,1,1,0,0,1,118,3684,0,0,1,1,1,9,118,3684,116,0,8,10
1900,9,1,1,0,1,1,118,3684,0,0,0,0,0,10,118,3684,116,0,9,11
1901,10,1,1,0,0,1,118,3684,0,0,0,0,0,11,118,3684,116,0,10,12
1902,11,1,1,0,0,1,118,3684,0,0,0,0,0,12,118,3684,116,0,11,13
1903,12,1,1,0,0,1,118,3684,0,0,0,0,0,13,118,3684,116,0,12,14
1904,13,1,1,0,0,1,118,3684,0,0,0,0,0,14,118,3684,116,0,13,15
1905,14,1,1,0,0,1,118,3684,0,0,0,0,0,15,118,4030,116,0,14,16
1906,15,1,1,0,0,1,118,4030,0,0,0,0,0,0,118,4030,116,0,15,1
1907,0,1,1,1,0,1,118,4030,0,0,0,0,0,1,119,4030,116,0,16,2
1908,1,1,1,0,0,1,119,4030,0,1,0,0,0,2,119,4030,116,0,1,3
1909,2,1,1,0,0,1,119,4030,0,0,0,1,1,3,119,4030,116,0,2,4
1910,3,1,1,0,0,1,119,4030,0,0,0,1,1,4,119,4030,116,0,3,5
1911,4,1,1,0,0,1,119,4030,0,0,0,1,1,5,119,4030,116,0,4,6
1912,5,1,1,0,0,1,119,4030,0,0,0,1,1,6,119,4030,116,0,5,7
1913,6,1,1,0,0,1,119,4030,0,0,0,1,1,7,119,4030,116,0,6,8
1914,7,1,1,0,0,1,119,4030,0,0,0,1,1,8,119,4030,116,0,7,9
1915,8,1,1,0,0,1,119,4030,0,0,1,1,1,9,119,4030,116,0,8,10
1916,9,1,1,0,1,1,119,4030,0,0,0,0,0,10,119,4030,116,0,9,11
1917,10,1,1,0,0,1,119,4030,0,0,0,0,0,11,119,4030,116,0,10,12
1918,11,1,1,0,0,1,119,4030,0,0,0,0,0,12,119,4030,116,0,11,13
1919,12,1,1,0,0,1,119,4030,0,0,0,0,0,13,119,4030,116,0,12,14
1920,13,1,1,0,0,1,119,4030,0,0,0,0,0,14,119,4030,116,0,13,15
1921,14,1,1,0,0,1,119,4030,0,0,0,0,0,15,119,107,116,0,14,16
1922,15,1,1,0,0,1,119,107,1,0,0,0,0,0,119,107,119,1,15,1
1923,0,1,0,0,0,1,119,107,0,0,0,0,0,0,0,0,0,0,16,2
1924,0,1,0,0,0,0,0,0,0,0,0,0,0,0,0,0,0,0,1924,1924
1925,0,0,0,0,0,0,0,0,0,0,0,0,0,0,0,0,0,0,1925,1925
1926,0,0,0,0,0,0,0,0,0,0,0,0,0,0,0,0,0,0,1926,1926
