Copyright 1986-2018 Xilinx, Inc. All Rights Reserved.
--------------------------------------------------------------------------------------------------------------------------------------------------------------------------------------------------------------------------------------------------------------------------
| Tool Version : Vivado v.2018.3 (win64) Build 2405991 Thu Dec  6 23:38:27 MST 2018
| Date         : Wed Sep 30 11:45:40 2026
| Host         : REEDZHAO running 64-bit major release  (build 9200)
| Command      : report_timing -from [get_clocks core_clk] -to [get_clocks core_clk] -delay_type max -max_paths 20 -path_type full_clock_expanded -input_pins -file C:/Users/Administrator/adc_rtl_vivado/run.fe9182c26b9b4a76a18a3ca0baff85ce/out/internal_max_paths.rpt
| Design       : sar20_digital_core
| Device       : 7vx690t-ffg1761
| Speed File   : -2  PRODUCTION 1.11 2014-09-11
--------------------------------------------------------------------------------------------------------------------------------------------------------------------------------------------------------------------------------------------------------------------------

Timing Report

Slack (VIOLATED) :        -0.280ns  (required time - arrival time)
  Source:                 cur_slice_reg[3]/C
                            (rising edge-triggered cell FDRE clocked by core_clk  {rise@0.000ns fall@12.500ns period=25.000ns})
  Destination:            u_wstore/row_q_reg[13][51]/D
                            (rising edge-triggered cell FDRE clocked by core_clk  {rise@0.000ns fall@12.500ns period=25.000ns})
  Path Group:             core_clk
  Path Type:              Setup (Max at Slow Process Corner)
  Requirement:            25.000ns  (core_clk rise@25.000ns - core_clk rise@0.000ns)
  Data Path Delay:        25.231ns  (logic 1.603ns (6.353%)  route 23.628ns (93.647%))
  Logic Levels:           12  (CARRY4=2 LUT2=1 LUT3=2 LUT5=1 LUT6=3 MUXF7=2 MUXF8=1)
  Clock Path Skew:        0.133ns (DCD - SCD + CPR)
    Destination Clock Delay (DCD):    2.229ns = ( 27.229 - 25.000 ) 
    Source Clock Delay      (SCD):    2.133ns
    Clock Pessimism Removal (CPR):    0.037ns
  Clock Uncertainty:      0.085ns  ((TSJ^2 + TIJ^2)^1/2 + DJ) / 2 + PE + UU
    Total System Jitter     (TSJ):    0.071ns
    Total Input Jitter      (TIJ):    0.000ns
    Discrete Jitter          (DJ):    0.000ns
    Phase Error              (PE):    0.000ns
    User Uncertainty         (UU):    0.050ns

    Location             Delay type                Incr(ns)  Path(ns)    Netlist Resource(s)
  -------------------------------------------------------------------    -------------------
                         (clock core_clk rise edge)
                                                      0.000     0.000 r  
                                                      0.000     0.000 r  clk (IN)
                         net (fo=0)                   0.537     0.537    __ooc_clk_input
    BUFGCTRL_X0Y0                                                     r  __ooc_internal_bufg/I
    BUFGCTRL_X0Y0        BUFG (Prop_bufg_I_O)         0.093     0.630 r  __ooc_internal_bufg/O
                         net (fo=66536, routed)       1.503     2.133    clk
    SLICE_X56Y193        FDRE                                         r  cur_slice_reg[3]/C
  -------------------------------------------------------------------    -------------------
    SLICE_X56Y193        FDRE (Prop_fdre_C_Q)         0.259     2.392 f  cur_slice_reg[3]/Q
                         net (fo=53, routed)          4.080     6.472    u_wstore/w_q_reg[3][68][46]_1[1]
    SLICE_X190Y166                                                    f  u_wstore/cfg_rdata[46]_INST_0_i_375/I1
    SLICE_X190Y166       LUT6 (Prop_lut6_I1_O)        0.043     6.515 r  u_wstore/cfg_rdata[46]_INST_0_i_375/O
                         net (fo=123, routed)         3.163     9.678    u_wstore/cfg_rdata[46]_INST_0_i_375_n_0
    SLICE_X188Y346                                                    r  u_wstore/cfg_rdata[46]_INST_0_i_379/I0
    SLICE_X188Y346       LUT2 (Prop_lut2_I0_O)        0.043     9.721 r  u_wstore/cfg_rdata[46]_INST_0_i_379/O
                         net (fo=63, routed)          1.729    11.450    u_wstore/cfg_rdata[46]_INST_0_i_379_n_0
    SLICE_X183Y277                                                    r  u_wstore/cfg_rdata[46]_INST_0_i_401/S
    SLICE_X183Y277       MUXF8 (Prop_muxf8_S_O)       0.141    11.591 f  u_wstore/cfg_rdata[46]_INST_0_i_401/O
                         net (fo=1, routed)           1.612    13.204    u_wstore/cfg_rdata[46]_INST_0_i_401_n_0
    SLICE_X151Y278                                                    f  u_wstore/cfg_rdata[46]_INST_0_i_201/I4
    SLICE_X151Y278       LUT5 (Prop_lut5_I4_O)        0.126    13.330 f  u_wstore/cfg_rdata[46]_INST_0_i_201/O
                         net (fo=1, routed)           1.368    14.697    u_wstore/cfg_rdata[46]_INST_0_i_201_n_0
    SLICE_X175Y288                                                    f  u_wstore/cfg_rdata[46]_INST_0_i_83/I0
    SLICE_X175Y288       LUT3 (Prop_lut3_I0_O)        0.043    14.740 f  u_wstore/cfg_rdata[46]_INST_0_i_83/O
                         net (fo=1, routed)           0.000    14.740    u_wstore/cfg_rdata[46]_INST_0_i_83_n_0
    SLICE_X175Y288                                                    f  u_wstore/cfg_rdata[46]_INST_0_i_35/I0
    SLICE_X175Y288       MUXF7 (Prop_muxf7_I0_O)      0.107    14.847 f  u_wstore/cfg_rdata[46]_INST_0_i_35/O
                         net (fo=1, routed)           1.835    16.682    u_wstore/cfg_rdata[46]_INST_0_i_35_n_0
    SLICE_X149Y341                                                    f  u_wstore/cfg_rdata[46]_INST_0_i_14/I3
    SLICE_X149Y341       LUT6 (Prop_lut6_I3_O)        0.124    16.806 f  u_wstore/cfg_rdata[46]_INST_0_i_14/O
                         net (fo=1, routed)           0.000    16.806    u_wstore/cfg_rdata[46]_INST_0_i_14_n_0
    SLICE_X149Y341                                                    f  u_wstore/cfg_rdata[46]_INST_0_i_5/I0
    SLICE_X149Y341       MUXF7 (Prop_muxf7_I0_O)      0.107    16.913 f  u_wstore/cfg_rdata[46]_INST_0_i_5/O
                         net (fo=2, routed)           2.335    19.248    u_wstore/cfg_rdata[46]_INST_0_i_5_n_0
    SLICE_X35Y350                                                     f  u_wstore/row_q[17][47]_i_10/I3
    SLICE_X35Y350        LUT6 (Prop_lut6_I3_O)        0.124    19.372 f  u_wstore/row_q[17][47]_i_10/O
                         net (fo=2, routed)           2.522    21.894    u_wstore/w_q[46]
    SLICE_X35Y439                                                     f  u_wstore/row_q[17][47]_i_2/I0
    SLICE_X35Y439        LUT3 (Prop_lut3_I0_O)        0.052    21.946 r  u_wstore/row_q[17][47]_i_2/O
                         net (fo=2, routed)           2.507    24.453    u_wstore/row_q[17][47]_i_2_n_0
    SLICE_X35Y439                                                     r  u_wstore/row_q_reg[17][47]_i_1/DI[3]
    SLICE_X35Y439        CARRY4 (Prop_carry4_DI[3]_CO[3])
                                                      0.279    24.732 r  u_wstore/row_q_reg[17][47]_i_1/CO[3]
                         net (fo=1, routed)           0.000    24.732    u_wstore/row_q_reg[17][47]_i_1_n_0
    SLICE_X35Y440                                                     r  u_wstore/row_q_reg[17][51]_i_1/CI
    SLICE_X35Y440        CARRY4 (Prop_carry4_CI_O[3])
                                                      0.155    24.887 r  u_wstore/row_q_reg[17][51]_i_1/O[3]
                         net (fo=18, routed)          2.478    27.364    u_wstore/row_new[51]
    SLICE_X33Y441        FDRE                                         r  u_wstore/row_q_reg[13][51]/D
  -------------------------------------------------------------------    -------------------

                         (clock core_clk rise edge)
                                                     25.000    25.000 r  
                                                      0.000    25.000 r  clk (IN)
                         net (fo=0)                   0.510    25.510    __ooc_clk_input
    BUFGCTRL_X0Y0                                                     r  __ooc_internal_bufg/I
    BUFGCTRL_X0Y0        BUFG (Prop_bufg_I_O)         0.083    25.593 r  __ooc_internal_bufg/O
                         net (fo=66536, routed)       1.636    27.229    u_wstore/clk
    SLICE_X33Y441        FDRE                                         r  u_wstore/row_q_reg[13][51]/C
                         clock pessimism              0.037    27.266    
                         clock uncertainty           -0.085    27.181    
    SLICE_X33Y441        FDRE (Setup_fdre_C_D)       -0.096    27.085    u_wstore/row_q_reg[13][51]
  -------------------------------------------------------------------
                         required time                         27.085    
                         arrival time                         -27.364    
  -------------------------------------------------------------------
                         slack                                 -0.280    

Slack (VIOLATED) :        -0.276ns  (required time - arrival time)
  Source:                 cur_slice_reg[3]/C
                            (rising edge-triggered cell FDRE clocked by core_clk  {rise@0.000ns fall@12.500ns period=25.000ns})
  Destination:            u_wstore/row_q_reg[15][48]/D
                            (rising edge-triggered cell FDRE clocked by core_clk  {rise@0.000ns fall@12.500ns period=25.000ns})
  Path Group:             core_clk
  Path Type:              Setup (Max at Slow Process Corner)
  Requirement:            25.000ns  (core_clk rise@25.000ns - core_clk rise@0.000ns)
  Data Path Delay:        25.276ns  (logic 1.565ns (6.192%)  route 23.711ns (93.808%))
  Logic Levels:           12  (CARRY4=2 LUT2=1 LUT3=2 LUT5=1 LUT6=3 MUXF7=2 MUXF8=1)
  Clock Path Skew:        0.186ns (DCD - SCD + CPR)
    Destination Clock Delay (DCD):    2.282ns = ( 27.282 - 25.000 ) 
    Source Clock Delay      (SCD):    2.133ns
    Clock Pessimism Removal (CPR):    0.037ns
  Clock Uncertainty:      0.085ns  ((TSJ^2 + TIJ^2)^1/2 + DJ) / 2 + PE + UU
    Total System Jitter     (TSJ):    0.071ns
    Total Input Jitter      (TIJ):    0.000ns
    Discrete Jitter          (DJ):    0.000ns
    Phase Error              (PE):    0.000ns
    User Uncertainty         (UU):    0.050ns

    Location             Delay type                Incr(ns)  Path(ns)    Netlist Resource(s)
  -------------------------------------------------------------------    -------------------
                         (clock core_clk rise edge)
                                                      0.000     0.000 r  
                                                      0.000     0.000 r  clk (IN)
                         net (fo=0)                   0.537     0.537    __ooc_clk_input
    BUFGCTRL_X0Y0                                                     r  __ooc_internal_bufg/I
    BUFGCTRL_X0Y0        BUFG (Prop_bufg_I_O)         0.093     0.630 r  __ooc_internal_bufg/O
                         net (fo=66536, routed)       1.503     2.133    clk
    SLICE_X56Y193        FDRE                                         r  cur_slice_reg[3]/C
  -------------------------------------------------------------------    -------------------
    SLICE_X56Y193        FDRE (Prop_fdre_C_Q)         0.259     2.392 f  cur_slice_reg[3]/Q
                         net (fo=53, routed)          4.080     6.472    u_wstore/w_q_reg[3][68][46]_1[1]
    SLICE_X190Y166                                                    f  u_wstore/cfg_rdata[46]_INST_0_i_375/I1
    SLICE_X190Y166       LUT6 (Prop_lut6_I1_O)        0.043     6.515 r  u_wstore/cfg_rdata[46]_INST_0_i_375/O
                         net (fo=123, routed)         3.163     9.678    u_wstore/cfg_rdata[46]_INST_0_i_375_n_0
    SLICE_X188Y346                                                    r  u_wstore/cfg_rdata[46]_INST_0_i_379/I0
    SLICE_X188Y346       LUT2 (Prop_lut2_I0_O)        0.043     9.721 r  u_wstore/cfg_rdata[46]_INST_0_i_379/O
                         net (fo=63, routed)          1.729    11.450    u_wstore/cfg_rdata[46]_INST_0_i_379_n_0
    SLICE_X183Y277                                                    r  u_wstore/cfg_rdata[46]_INST_0_i_401/S
    SLICE_X183Y277       MUXF8 (Prop_muxf8_S_O)       0.141    11.591 f  u_wstore/cfg_rdata[46]_INST_0_i_401/O
                         net (fo=1, routed)           1.612    13.204    u_wstore/cfg_rdata[46]_INST_0_i_401_n_0
    SLICE_X151Y278                                                    f  u_wstore/cfg_rdata[46]_INST_0_i_201/I4
    SLICE_X151Y278       LUT5 (Prop_lut5_I4_O)        0.126    13.330 f  u_wstore/cfg_rdata[46]_INST_0_i_201/O
                         net (fo=1, routed)           1.368    14.697    u_wstore/cfg_rdata[46]_INST_0_i_201_n_0
    SLICE_X175Y288                                                    f  u_wstore/cfg_rdata[46]_INST_0_i_83/I0
    SLICE_X175Y288       LUT3 (Prop_lut3_I0_O)        0.043    14.740 f  u_wstore/cfg_rdata[46]_INST_0_i_83/O
                         net (fo=1, routed)           0.000    14.740    u_wstore/cfg_rdata[46]_INST_0_i_83_n_0
    SLICE_X175Y288                                                    f  u_wstore/cfg_rdata[46]_INST_0_i_35/I0
    SLICE_X175Y288       MUXF7 (Prop_muxf7_I0_O)      0.107    14.847 f  u_wstore/cfg_rdata[46]_INST_0_i_35/O
                         net (fo=1, routed)           1.835    16.682    u_wstore/cfg_rdata[46]_INST_0_i_35_n_0
    SLICE_X149Y341                                                    f  u_wstore/cfg_rdata[46]_INST_0_i_14/I3
    SLICE_X149Y341       LUT6 (Prop_lut6_I3_O)        0.124    16.806 f  u_wstore/cfg_rdata[46]_INST_0_i_14/O
                         net (fo=1, routed)           0.000    16.806    u_wstore/cfg_rdata[46]_INST_0_i_14_n_0
    SLICE_X149Y341                                                    f  u_wstore/cfg_rdata[46]_INST_0_i_5/I0
    SLICE_X149Y341       MUXF7 (Prop_muxf7_I0_O)      0.107    16.913 f  u_wstore/cfg_rdata[46]_INST_0_i_5/O
                         net (fo=2, routed)           2.335    19.248    u_wstore/cfg_rdata[46]_INST_0_i_5_n_0
    SLICE_X35Y350                                                     f  u_wstore/row_q[17][47]_i_10/I3
    SLICE_X35Y350        LUT6 (Prop_lut6_I3_O)        0.124    19.372 f  u_wstore/row_q[17][47]_i_10/O
                         net (fo=2, routed)           2.522    21.894    u_wstore/w_q[46]
    SLICE_X35Y439                                                     f  u_wstore/row_q[17][47]_i_2/I0
    SLICE_X35Y439        LUT3 (Prop_lut3_I0_O)        0.052    21.946 r  u_wstore/row_q[17][47]_i_2/O
                         net (fo=2, routed)           2.507    24.453    u_wstore/row_q[17][47]_i_2_n_0
    SLICE_X35Y439                                                     r  u_wstore/row_q_reg[17][47]_i_1/DI[3]
    SLICE_X35Y439        CARRY4 (Prop_carry4_DI[3]_CO[3])
                                                      0.279    24.732 r  u_wstore/row_q_reg[17][47]_i_1/CO[3]
                         net (fo=1, routed)           0.000    24.732    u_wstore/row_q_reg[17][47]_i_1_n_0
    SLICE_X35Y440                                                     r  u_wstore/row_q_reg[17][51]_i_1/CI
    SLICE_X35Y440        CARRY4 (Prop_carry4_CI_O[0])
                                                      0.117    24.849 r  u_wstore/row_q_reg[17][51]_i_1/O[0]
                         net (fo=18, routed)          2.561    27.409    u_wstore/row_new[48]
    SLICE_X28Y440        FDRE                                         r  u_wstore/row_q_reg[15][48]/D
  -------------------------------------------------------------------    -------------------

                         (clock core_clk rise edge)
                                                     25.000    25.000 r  
                                                      0.000    25.000 r  clk (IN)
                         net (fo=0)                   0.510    25.510    __ooc_clk_input
    BUFGCTRL_X0Y0                                                     r  __ooc_internal_bufg/I
    BUFGCTRL_X0Y0        BUFG (Prop_bufg_I_O)         0.083    25.593 r  __ooc_internal_bufg/O
                         net (fo=66536, routed)       1.689    27.282    u_wstore/clk
    SLICE_X28Y440        FDRE                                         r  u_wstore/row_q_reg[15][48]/C
                         clock pessimism              0.037    27.319    
                         clock uncertainty           -0.085    27.234    
    SLICE_X28Y440        FDRE (Setup_fdre_C_D)       -0.100    27.134    u_wstore/row_q_reg[15][48]
  -------------------------------------------------------------------
                         required time                         27.134    
                         arrival time                         -27.409    
  -------------------------------------------------------------------
                         slack                                 -0.276    

Slack (VIOLATED) :        -0.261ns  (required time - arrival time)
  Source:                 cur_slice_reg[3]/C
                            (rising edge-triggered cell FDRE clocked by core_clk  {rise@0.000ns fall@12.500ns period=25.000ns})
  Destination:            u_wstore/row_q_reg[9][48]/D
                            (rising edge-triggered cell FDRE clocked by core_clk  {rise@0.000ns fall@12.500ns period=25.000ns})
  Path Group:             core_clk
  Path Type:              Setup (Max at Slow Process Corner)
  Requirement:            25.000ns  (core_clk rise@25.000ns - core_clk rise@0.000ns)
  Data Path Delay:        25.275ns  (logic 1.565ns (6.192%)  route 23.710ns (93.808%))
  Logic Levels:           12  (CARRY4=2 LUT2=1 LUT3=2 LUT5=1 LUT6=3 MUXF7=2 MUXF8=1)
  Clock Path Skew:        0.189ns (DCD - SCD + CPR)
    Destination Clock Delay (DCD):    2.285ns = ( 27.285 - 25.000 ) 
    Source Clock Delay      (SCD):    2.133ns
    Clock Pessimism Removal (CPR):    0.037ns
  Clock Uncertainty:      0.085ns  ((TSJ^2 + TIJ^2)^1/2 + DJ) / 2 + PE + UU
    Total System Jitter     (TSJ):    0.071ns
    Total Input Jitter      (TIJ):    0.000ns
    Discrete Jitter          (DJ):    0.000ns
    Phase Error              (PE):    0.000ns
    User Uncertainty         (UU):    0.050ns

    Location             Delay type                Incr(ns)  Path(ns)    Netlist Resource(s)
  -------------------------------------------------------------------    -------------------
                         (clock core_clk rise edge)
                                                      0.000     0.000 r  
                                                      0.000     0.000 r  clk (IN)
                         net (fo=0)                   0.537     0.537    __ooc_clk_input
    BUFGCTRL_X0Y0                                                     r  __ooc_internal_bufg/I
    BUFGCTRL_X0Y0        BUFG (Prop_bufg_I_O)         0.093     0.630 r  __ooc_internal_bufg/O
                         net (fo=66536, routed)       1.503     2.133    clk
    SLICE_X56Y193        FDRE                                         r  cur_slice_reg[3]/C
  -------------------------------------------------------------------    -------------------
    SLICE_X56Y193        FDRE (Prop_fdre_C_Q)         0.259     2.392 f  cur_slice_reg[3]/Q
                         net (fo=53, routed)          4.080     6.472    u_wstore/w_q_reg[3][68][46]_1[1]
    SLICE_X190Y166                                                    f  u_wstore/cfg_rdata[46]_INST_0_i_375/I1
    SLICE_X190Y166       LUT6 (Prop_lut6_I1_O)        0.043     6.515 r  u_wstore/cfg_rdata[46]_INST_0_i_375/O
                         net (fo=123, routed)         3.163     9.678    u_wstore/cfg_rdata[46]_INST_0_i_375_n_0
    SLICE_X188Y346                                                    r  u_wstore/cfg_rdata[46]_INST_0_i_379/I0
    SLICE_X188Y346       LUT2 (Prop_lut2_I0_O)        0.043     9.721 r  u_wstore/cfg_rdata[46]_INST_0_i_379/O
                         net (fo=63, routed)          1.729    11.450    u_wstore/cfg_rdata[46]_INST_0_i_379_n_0
    SLICE_X183Y277                                                    r  u_wstore/cfg_rdata[46]_INST_0_i_401/S
    SLICE_X183Y277       MUXF8 (Prop_muxf8_S_O)       0.141    11.591 f  u_wstore/cfg_rdata[46]_INST_0_i_401/O
                         net (fo=1, routed)           1.612    13.204    u_wstore/cfg_rdata[46]_INST_0_i_401_n_0
    SLICE_X151Y278                                                    f  u_wstore/cfg_rdata[46]_INST_0_i_201/I4
    SLICE_X151Y278       LUT5 (Prop_lut5_I4_O)        0.126    13.330 f  u_wstore/cfg_rdata[46]_INST_0_i_201/O
                         net (fo=1, routed)           1.368    14.697    u_wstore/cfg_rdata[46]_INST_0_i_201_n_0
    SLICE_X175Y288                                                    f  u_wstore/cfg_rdata[46]_INST_0_i_83/I0
    SLICE_X175Y288       LUT3 (Prop_lut3_I0_O)        0.043    14.740 f  u_wstore/cfg_rdata[46]_INST_0_i_83/O
                         net (fo=1, routed)           0.000    14.740    u_wstore/cfg_rdata[46]_INST_0_i_83_n_0
    SLICE_X175Y288                                                    f  u_wstore/cfg_rdata[46]_INST_0_i_35/I0
    SLICE_X175Y288       MUXF7 (Prop_muxf7_I0_O)      0.107    14.847 f  u_wstore/cfg_rdata[46]_INST_0_i_35/O
                         net (fo=1, routed)           1.835    16.682    u_wstore/cfg_rdata[46]_INST_0_i_35_n_0
    SLICE_X149Y341                                                    f  u_wstore/cfg_rdata[46]_INST_0_i_14/I3
    SLICE_X149Y341       LUT6 (Prop_lut6_I3_O)        0.124    16.806 f  u_wstore/cfg_rdata[46]_INST_0_i_14/O
                         net (fo=1, routed)           0.000    16.806    u_wstore/cfg_rdata[46]_INST_0_i_14_n_0
    SLICE_X149Y341                                                    f  u_wstore/cfg_rdata[46]_INST_0_i_5/I0
    SLICE_X149Y341       MUXF7 (Prop_muxf7_I0_O)      0.107    16.913 f  u_wstore/cfg_rdata[46]_INST_0_i_5/O
                         net (fo=2, routed)           2.335    19.248    u_wstore/cfg_rdata[46]_INST_0_i_5_n_0
    SLICE_X35Y350                                                     f  u_wstore/row_q[17][47]_i_10/I3
    SLICE_X35Y350        LUT6 (Prop_lut6_I3_O)        0.124    19.372 f  u_wstore/row_q[17][47]_i_10/O
                         net (fo=2, routed)           2.522    21.894    u_wstore/w_q[46]
    SLICE_X35Y439                                                     f  u_wstore/row_q[17][47]_i_2/I0
    SLICE_X35Y439        LUT3 (Prop_lut3_I0_O)        0.052    21.946 r  u_wstore/row_q[17][47]_i_2/O
                         net (fo=2, routed)           2.507    24.453    u_wstore/row_q[17][47]_i_2_n_0
    SLICE_X35Y439                                                     r  u_wstore/row_q_reg[17][47]_i_1/DI[3]
    SLICE_X35Y439        CARRY4 (Prop_carry4_DI[3]_CO[3])
                                                      0.279    24.732 r  u_wstore/row_q_reg[17][47]_i_1/CO[3]
                         net (fo=1, routed)           0.000    24.732    u_wstore/row_q_reg[17][47]_i_1_n_0
    SLICE_X35Y440                                                     r  u_wstore/row_q_reg[17][51]_i_1/CI
    SLICE_X35Y440        CARRY4 (Prop_carry4_CI_O[0])
                                                      0.117    24.849 r  u_wstore/row_q_reg[17][51]_i_1/O[0]
                         net (fo=18, routed)          2.560    27.408    u_wstore/row_new[48]
    SLICE_X25Y442        FDRE                                         r  u_wstore/row_q_reg[9][48]/D
  -------------------------------------------------------------------    -------------------

                         (clock core_clk rise edge)
                                                     25.000    25.000 r  
                                                      0.000    25.000 r  clk (IN)
                         net (fo=0)                   0.510    25.510    __ooc_clk_input
    BUFGCTRL_X0Y0                                                     r  __ooc_internal_bufg/I
    BUFGCTRL_X0Y0        BUFG (Prop_bufg_I_O)         0.083    25.593 r  __ooc_internal_bufg/O
                         net (fo=66536, routed)       1.692    27.285    u_wstore/clk
    SLICE_X25Y442        FDRE                                         r  u_wstore/row_q_reg[9][48]/C
                         clock pessimism              0.037    27.322    
                         clock uncertainty           -0.085    27.237    
    SLICE_X25Y442        FDRE (Setup_fdre_C_D)       -0.089    27.148    u_wstore/row_q_reg[9][48]
  -------------------------------------------------------------------
                         required time                         27.148    
                         arrival time                         -27.408    
  -------------------------------------------------------------------
                         slack                                 -0.261    

Slack (VIOLATED) :        -0.241ns  (required time - arrival time)
  Source:                 cur_slice_reg[1]_rep__3/C
                            (rising edge-triggered cell FDRE clocked by core_clk  {rise@0.000ns fall@12.500ns period=25.000ns})
  Destination:            u_wstore/row_q_reg[9][45]/D
                            (rising edge-triggered cell FDRE clocked by core_clk  {rise@0.000ns fall@12.500ns period=25.000ns})
  Path Group:             core_clk
  Path Type:              Setup (Max at Slow Process Corner)
  Requirement:            25.000ns  (core_clk rise@25.000ns - core_clk rise@0.000ns)
  Data Path Delay:        25.194ns  (logic 1.894ns (7.518%)  route 23.300ns (92.482%))
  Logic Levels:           18  (CARRY4=7 LUT3=2 LUT4=2 LUT6=4 MUXF7=3)
  Clock Path Skew:        0.122ns (DCD - SCD + CPR)
    Destination Clock Delay (DCD):    2.285ns = ( 27.285 - 25.000 ) 
    Source Clock Delay      (SCD):    2.200ns
    Clock Pessimism Removal (CPR):    0.037ns
  Clock Uncertainty:      0.085ns  ((TSJ^2 + TIJ^2)^1/2 + DJ) / 2 + PE + UU
    Total System Jitter     (TSJ):    0.071ns
    Total Input Jitter      (TIJ):    0.000ns
    Discrete Jitter          (DJ):    0.000ns
    Phase Error              (PE):    0.000ns
    User Uncertainty         (UU):    0.050ns

    Location             Delay type                Incr(ns)  Path(ns)    Netlist Resource(s)
  -------------------------------------------------------------------    -------------------
                         (clock core_clk rise edge)
                                                      0.000     0.000 r  
                                                      0.000     0.000 r  clk (IN)
                         net (fo=0)                   0.537     0.537    __ooc_clk_input
    BUFGCTRL_X0Y0                                                     r  __ooc_internal_bufg/I
    BUFGCTRL_X0Y0        BUFG (Prop_bufg_I_O)         0.093     0.630 r  __ooc_internal_bufg/O
                         net (fo=66536, routed)       1.570     2.200    clk
    SLICE_X42Y192        FDRE                                         r  cur_slice_reg[1]_rep__3/C
  -------------------------------------------------------------------    -------------------
    SLICE_X42Y192        FDRE (Prop_fdre_C_Q)         0.259     2.459 r  cur_slice_reg[1]_rep__3/Q
                         net (fo=139, routed)         5.129     7.588    u_wstore/cfg_rdata[40]_INST_0_i_522_0
    SLICE_X206Y258                                                    r  u_wstore/cfg_rdata[46]_INST_0_i_663/I3
    SLICE_X206Y258       LUT4 (Prop_lut4_I3_O)        0.043     7.631 r  u_wstore/cfg_rdata[46]_INST_0_i_663/O
                         net (fo=969, routed)         5.398    13.029    u_wstore/cfg_rdata[46]_INST_0_i_663_n_0
    SLICE_X102Y360                                                    r  u_wstore/cfg_rdata[21]_INST_0_i_601/I2
    SLICE_X102Y360       LUT6 (Prop_lut6_I2_O)        0.043    13.072 f  u_wstore/cfg_rdata[21]_INST_0_i_601/O
                         net (fo=1, routed)           0.000    13.072    u_wstore/cfg_rdata[21]_INST_0_i_601_n_0
    SLICE_X102Y360                                                    f  u_wstore/cfg_rdata[21]_INST_0_i_415/I1
    SLICE_X102Y360       MUXF7 (Prop_muxf7_I1_O)      0.103    13.175 f  u_wstore/cfg_rdata[21]_INST_0_i_415/O
                         net (fo=1, routed)           0.686    13.861    u_wstore/cfg_rdata[21]_INST_0_i_415_n_0
    SLICE_X118Y352                                                    f  u_wstore/cfg_rdata[21]_INST_0_i_209/I5
    SLICE_X118Y352       LUT6 (Prop_lut6_I5_O)        0.123    13.984 f  u_wstore/cfg_rdata[21]_INST_0_i_209/O
                         net (fo=1, routed)           0.395    14.379    u_wstore/cfg_rdata[21]_INST_0_i_209_n_0
    SLICE_X119Y350                                                    f  u_wstore/cfg_rdata[21]_INST_0_i_77/I0
    SLICE_X119Y350       LUT3 (Prop_lut3_I0_O)        0.043    14.422 f  u_wstore/cfg_rdata[21]_INST_0_i_77/O
                         net (fo=1, routed)           0.000    14.422    u_wstore/cfg_rdata[21]_INST_0_i_77_n_0
    SLICE_X119Y350                                                    f  u_wstore/cfg_rdata[21]_INST_0_i_28/I0
    SLICE_X119Y350       MUXF7 (Prop_muxf7_I0_O)      0.107    14.529 f  u_wstore/cfg_rdata[21]_INST_0_i_28/O
                         net (fo=1, routed)           1.552    16.081    u_wstore/cfg_rdata[21]_INST_0_i_28_n_0
    SLICE_X147Y316                                                    f  u_wstore/cfg_rdata[21]_INST_0_i_9/I3
    SLICE_X147Y316       LUT6 (Prop_lut6_I3_O)        0.124    16.205 f  u_wstore/cfg_rdata[21]_INST_0_i_9/O
                         net (fo=1, routed)           0.000    16.205    u_wstore/cfg_rdata[21]_INST_0_i_9_n_0
    SLICE_X147Y316                                                    f  u_wstore/cfg_rdata[21]_INST_0_i_4/I1
    SLICE_X147Y316       MUXF7 (Prop_muxf7_I1_O)      0.108    16.313 f  u_wstore/cfg_rdata[21]_INST_0_i_4/O
                         net (fo=2, routed)           3.031    19.344    u_wstore/cfg_rdata[21]_INST_0_i_4_n_0
    SLICE_X34Y349                                                     f  u_wstore/row_q[17][23]_i_12/I3
    SLICE_X34Y349        LUT6 (Prop_lut6_I3_O)        0.124    19.468 f  u_wstore/row_q[17][23]_i_12/O
                         net (fo=2, routed)           2.251    21.719    u_wstore/w_q[21]
    SLICE_X35Y433                                                     f  u_wstore/row_q[17][23]_i_3/I0
    SLICE_X35Y433        LUT3 (Prop_lut3_I0_O)        0.054    21.773 r  u_wstore/row_q[17][23]_i_3/O
                         net (fo=2, routed)           2.243    24.016    u_wstore/row_q[17][23]_i_3_n_0
    SLICE_X35Y433                                                     r  u_wstore/row_q[17][23]_i_7/I3
    SLICE_X35Y433        LUT4 (Prop_lut4_I3_O)        0.137    24.153 r  u_wstore/row_q[17][23]_i_7/O
                         net (fo=1, routed)           0.000    24.153    u_wstore/row_q[17][23]_i_7_n_0
    SLICE_X35Y433                                                     r  u_wstore/row_q_reg[17][23]_i_1/S[2]
    SLICE_X35Y433        CARRY4 (Prop_carry4_S[2]_CO[3])
                                                      0.195    24.348 r  u_wstore/row_q_reg[17][23]_i_1/CO[3]
                         net (fo=1, routed)           0.000    24.348    u_wstore/row_q_reg[17][23]_i_1_n_0
    SLICE_X35Y434                                                     r  u_wstore/row_q_reg[17][27]_i_1/CI
    SLICE_X35Y434        CARRY4 (Prop_carry4_CI_CO[3])
                                                      0.053    24.401 r  u_wstore/row_q_reg[17][27]_i_1/CO[3]
                         net (fo=1, routed)           0.000    24.401    u_wstore/row_q_reg[17][27]_i_1_n_0
    SLICE_X35Y435                                                     r  u_wstore/row_q_reg[17][31]_i_1/CI
    SLICE_X35Y435        CARRY4 (Prop_carry4_CI_CO[3])
                                                      0.053    24.454 r  u_wstore/row_q_reg[17][31]_i_1/CO[3]
                         net (fo=1, routed)           0.000    24.454    u_wstore/row_q_reg[17][31]_i_1_n_0
    SLICE_X35Y436                                                     r  u_wstore/row_q_reg[17][35]_i_1/CI
    SLICE_X35Y436        CARRY4 (Prop_carry4_CI_CO[3])
                                                      0.053    24.507 r  u_wstore/row_q_reg[17][35]_i_1/CO[3]
                         net (fo=1, routed)           0.000    24.507    u_wstore/row_q_reg[17][35]_i_1_n_0
    SLICE_X35Y437                                                     r  u_wstore/row_q_reg[17][39]_i_1/CI
    SLICE_X35Y437        CARRY4 (Prop_carry4_CI_CO[3])
                                                      0.053    24.560 r  u_wstore/row_q_reg[17][39]_i_1/CO[3]
                         net (fo=1, routed)           0.000    24.560    u_wstore/row_q_reg[17][39]_i_1_n_0
    SLICE_X35Y438                                                     r  u_wstore/row_q_reg[17][43]_i_1/CI
    SLICE_X35Y438        CARRY4 (Prop_carry4_CI_CO[3])
                                                      0.053    24.613 r  u_wstore/row_q_reg[17][43]_i_1/CO[3]
                         net (fo=1, routed)           0.000    24.613    u_wstore/row_q_reg[17][43]_i_1_n_0
    SLICE_X35Y439                                                     r  u_wstore/row_q_reg[17][47]_i_1/CI
    SLICE_X35Y439        CARRY4 (Prop_carry4_CI_O[1])
                                                      0.166    24.779 r  u_wstore/row_q_reg[17][47]_i_1/O[1]
                         net (fo=18, routed)          2.616    27.394    u_wstore/row_new[45]
    SLICE_X25Y442        FDRE                                         r  u_wstore/row_q_reg[9][45]/D
  -------------------------------------------------------------------    -------------------

                         (clock core_clk rise edge)
                                                     25.000    25.000 r  
                                                      0.000    25.000 r  clk (IN)
                         net (fo=0)                   0.510    25.510    __ooc_clk_input
    BUFGCTRL_X0Y0                                                     r  __ooc_internal_bufg/I
    BUFGCTRL_X0Y0        BUFG (Prop_bufg_I_O)         0.083    25.593 r  __ooc_internal_bufg/O
                         net (fo=66536, routed)       1.692    27.285    u_wstore/clk
    SLICE_X25Y442        FDRE                                         r  u_wstore/row_q_reg[9][45]/C
                         clock pessimism              0.037    27.322    
                         clock uncertainty           -0.085    27.237    
    SLICE_X25Y442        FDRE (Setup_fdre_C_D)       -0.083    27.154    u_wstore/row_q_reg[9][45]
  -------------------------------------------------------------------
                         required time                         27.154    
                         arrival time                         -27.394    
  -------------------------------------------------------------------
                         slack                                 -0.241    

Slack (VIOLATED) :        -0.218ns  (required time - arrival time)
  Source:                 cur_slice_reg[3]/C
                            (rising edge-triggered cell FDRE clocked by core_clk  {rise@0.000ns fall@12.500ns period=25.000ns})
  Destination:            u_wstore/row_q_reg[13][48]/D
                            (rising edge-triggered cell FDRE clocked by core_clk  {rise@0.000ns fall@12.500ns period=25.000ns})
  Path Group:             core_clk
  Path Type:              Setup (Max at Slow Process Corner)
  Requirement:            25.000ns  (core_clk rise@25.000ns - core_clk rise@0.000ns)
  Data Path Delay:        25.241ns  (logic 1.565ns (6.200%)  route 23.676ns (93.800%))
  Logic Levels:           12  (CARRY4=2 LUT2=1 LUT3=2 LUT5=1 LUT6=3 MUXF7=2 MUXF8=1)
  Clock Path Skew:        0.189ns (DCD - SCD + CPR)
    Destination Clock Delay (DCD):    2.285ns = ( 27.285 - 25.000 ) 
    Source Clock Delay      (SCD):    2.133ns
    Clock Pessimism Removal (CPR):    0.037ns
  Clock Uncertainty:      0.085ns  ((TSJ^2 + TIJ^2)^1/2 + DJ) / 2 + PE + UU
    Total System Jitter     (TSJ):    0.071ns
    Total Input Jitter      (TIJ):    0.000ns
    Discrete Jitter          (DJ):    0.000ns
    Phase Error              (PE):    0.000ns
    User Uncertainty         (UU):    0.050ns

    Location             Delay type                Incr(ns)  Path(ns)    Netlist Resource(s)
  -------------------------------------------------------------------    -------------------
                         (clock core_clk rise edge)
                                                      0.000     0.000 r  
                                                      0.000     0.000 r  clk (IN)
                         net (fo=0)                   0.537     0.537    __ooc_clk_input
    BUFGCTRL_X0Y0                                                     r  __ooc_internal_bufg/I
    BUFGCTRL_X0Y0        BUFG (Prop_bufg_I_O)         0.093     0.630 r  __ooc_internal_bufg/O
                         net (fo=66536, routed)       1.503     2.133    clk
    SLICE_X56Y193        FDRE                                         r  cur_slice_reg[3]/C
  -------------------------------------------------------------------    -------------------
    SLICE_X56Y193        FDRE (Prop_fdre_C_Q)         0.259     2.392 f  cur_slice_reg[3]/Q
                         net (fo=53, routed)          4.080     6.472    u_wstore/w_q_reg[3][68][46]_1[1]
    SLICE_X190Y166                                                    f  u_wstore/cfg_rdata[46]_INST_0_i_375/I1
    SLICE_X190Y166       LUT6 (Prop_lut6_I1_O)        0.043     6.515 r  u_wstore/cfg_rdata[46]_INST_0_i_375/O
                         net (fo=123, routed)         3.163     9.678    u_wstore/cfg_rdata[46]_INST_0_i_375_n_0
    SLICE_X188Y346                                                    r  u_wstore/cfg_rdata[46]_INST_0_i_379/I0
    SLICE_X188Y346       LUT2 (Prop_lut2_I0_O)        0.043     9.721 r  u_wstore/cfg_rdata[46]_INST_0_i_379/O
                         net (fo=63, routed)          1.729    11.450    u_wstore/cfg_rdata[46]_INST_0_i_379_n_0
    SLICE_X183Y277                                                    r  u_wstore/cfg_rdata[46]_INST_0_i_401/S
    SLICE_X183Y277       MUXF8 (Prop_muxf8_S_O)       0.141    11.591 f  u_wstore/cfg_rdata[46]_INST_0_i_401/O
                         net (fo=1, routed)           1.612    13.204    u_wstore/cfg_rdata[46]_INST_0_i_401_n_0
    SLICE_X151Y278                                                    f  u_wstore/cfg_rdata[46]_INST_0_i_201/I4
    SLICE_X151Y278       LUT5 (Prop_lut5_I4_O)        0.126    13.330 f  u_wstore/cfg_rdata[46]_INST_0_i_201/O
                         net (fo=1, routed)           1.368    14.697    u_wstore/cfg_rdata[46]_INST_0_i_201_n_0
    SLICE_X175Y288                                                    f  u_wstore/cfg_rdata[46]_INST_0_i_83/I0
    SLICE_X175Y288       LUT3 (Prop_lut3_I0_O)        0.043    14.740 f  u_wstore/cfg_rdata[46]_INST_0_i_83/O
                         net (fo=1, routed)           0.000    14.740    u_wstore/cfg_rdata[46]_INST_0_i_83_n_0
    SLICE_X175Y288                                                    f  u_wstore/cfg_rdata[46]_INST_0_i_35/I0
    SLICE_X175Y288       MUXF7 (Prop_muxf7_I0_O)      0.107    14.847 f  u_wstore/cfg_rdata[46]_INST_0_i_35/O
                         net (fo=1, routed)           1.835    16.682    u_wstore/cfg_rdata[46]_INST_0_i_35_n_0
    SLICE_X149Y341                                                    f  u_wstore/cfg_rdata[46]_INST_0_i_14/I3
    SLICE_X149Y341       LUT6 (Prop_lut6_I3_O)        0.124    16.806 f  u_wstore/cfg_rdata[46]_INST_0_i_14/O
                         net (fo=1, routed)           0.000    16.806    u_wstore/cfg_rdata[46]_INST_0_i_14_n_0
    SLICE_X149Y341                                                    f  u_wstore/cfg_rdata[46]_INST_0_i_5/I0
    SLICE_X149Y341       MUXF7 (Prop_muxf7_I0_O)      0.107    16.913 f  u_wstore/cfg_rdata[46]_INST_0_i_5/O
                         net (fo=2, routed)           2.335    19.248    u_wstore/cfg_rdata[46]_INST_0_i_5_n_0
    SLICE_X35Y350                                                     f  u_wstore/row_q[17][47]_i_10/I3
    SLICE_X35Y350        LUT6 (Prop_lut6_I3_O)        0.124    19.372 f  u_wstore/row_q[17][47]_i_10/O
                         net (fo=2, routed)           2.522    21.894    u_wstore/w_q[46]
    SLICE_X35Y439                                                     f  u_wstore/row_q[17][47]_i_2/I0
    SLICE_X35Y439        LUT3 (Prop_lut3_I0_O)        0.052    21.946 r  u_wstore/row_q[17][47]_i_2/O
                         net (fo=2, routed)           2.507    24.453    u_wstore/row_q[17][47]_i_2_n_0
    SLICE_X35Y439                                                     r  u_wstore/row_q_reg[17][47]_i_1/DI[3]
    SLICE_X35Y439        CARRY4 (Prop_carry4_DI[3]_CO[3])
                                                      0.279    24.732 r  u_wstore/row_q_reg[17][47]_i_1/CO[3]
                         net (fo=1, routed)           0.000    24.732    u_wstore/row_q_reg[17][47]_i_1_n_0
    SLICE_X35Y440                                                     r  u_wstore/row_q_reg[17][51]_i_1/CI
    SLICE_X35Y440        CARRY4 (Prop_carry4_CI_O[0])
                                                      0.117    24.849 r  u_wstore/row_q_reg[17][51]_i_1/O[0]
                         net (fo=18, routed)          2.526    27.374    u_wstore/row_new[48]
    SLICE_X26Y442        FDRE                                         r  u_wstore/row_q_reg[13][48]/D
  -------------------------------------------------------------------    -------------------

                         (clock core_clk rise edge)
                                                     25.000    25.000 r  
                                                      0.000    25.000 r  clk (IN)
                         net (fo=0)                   0.510    25.510    __ooc_clk_input
    BUFGCTRL_X0Y0                                                     r  __ooc_internal_bufg/I
    BUFGCTRL_X0Y0        BUFG (Prop_bufg_I_O)         0.083    25.593 r  __ooc_internal_bufg/O
                         net (fo=66536, routed)       1.692    27.285    u_wstore/clk
    SLICE_X26Y442        FDRE                                         r  u_wstore/row_q_reg[13][48]/C
                         clock pessimism              0.037    27.322    
                         clock uncertainty           -0.085    27.237    
    SLICE_X26Y442        FDRE (Setup_fdre_C_D)       -0.081    27.156    u_wstore/row_q_reg[13][48]
  -------------------------------------------------------------------
                         required time                         27.156    
                         arrival time                         -27.374    
  -------------------------------------------------------------------
                         slack                                 -0.218    

Slack (VIOLATED) :        -0.192ns  (required time - arrival time)
  Source:                 cur_slice_reg[1]_rep__3/C
                            (rising edge-triggered cell FDRE clocked by core_clk  {rise@0.000ns fall@12.500ns period=25.000ns})
  Destination:            u_wstore/row_q_reg[13][45]/D
                            (rising edge-triggered cell FDRE clocked by core_clk  {rise@0.000ns fall@12.500ns period=25.000ns})
  Path Group:             core_clk
  Path Type:              Setup (Max at Slow Process Corner)
  Requirement:            25.000ns  (core_clk rise@25.000ns - core_clk rise@0.000ns)
  Data Path Delay:        25.129ns  (logic 1.894ns (7.537%)  route 23.235ns (92.463%))
  Logic Levels:           18  (CARRY4=7 LUT3=2 LUT4=2 LUT6=4 MUXF7=3)
  Clock Path Skew:        0.121ns (DCD - SCD + CPR)
    Destination Clock Delay (DCD):    2.284ns = ( 27.284 - 25.000 ) 
    Source Clock Delay      (SCD):    2.200ns
    Clock Pessimism Removal (CPR):    0.037ns
  Clock Uncertainty:      0.085ns  ((TSJ^2 + TIJ^2)^1/2 + DJ) / 2 + PE + UU
    Total System Jitter     (TSJ):    0.071ns
    Total Input Jitter      (TIJ):    0.000ns
    Discrete Jitter          (DJ):    0.000ns
    Phase Error              (PE):    0.000ns
    User Uncertainty         (UU):    0.050ns

    Location             Delay type                Incr(ns)  Path(ns)    Netlist Resource(s)
  -------------------------------------------------------------------    -------------------
                         (clock core_clk rise edge)
                                                      0.000     0.000 r  
                                                      0.000     0.000 r  clk (IN)
                         net (fo=0)                   0.537     0.537    __ooc_clk_input
    BUFGCTRL_X0Y0                                                     r  __ooc_internal_bufg/I
    BUFGCTRL_X0Y0        BUFG (Prop_bufg_I_O)         0.093     0.630 r  __ooc_internal_bufg/O
                         net (fo=66536, routed)       1.570     2.200    clk
    SLICE_X42Y192        FDRE                                         r  cur_slice_reg[1]_rep__3/C
  -------------------------------------------------------------------    -------------------
    SLICE_X42Y192        FDRE (Prop_fdre_C_Q)         0.259     2.459 r  cur_slice_reg[1]_rep__3/Q
                         net (fo=139, routed)         5.129     7.588    u_wstore/cfg_rdata[40]_INST_0_i_522_0
    SLICE_X206Y258                                                    r  u_wstore/cfg_rdata[46]_INST_0_i_663/I3
    SLICE_X206Y258       LUT4 (Prop_lut4_I3_O)        0.043     7.631 r  u_wstore/cfg_rdata[46]_INST_0_i_663/O
                         net (fo=969, routed)         5.398    13.029    u_wstore/cfg_rdata[46]_INST_0_i_663_n_0
    SLICE_X102Y360                                                    r  u_wstore/cfg_rdata[21]_INST_0_i_601/I2
    SLICE_X102Y360       LUT6 (Prop_lut6_I2_O)        0.043    13.072 f  u_wstore/cfg_rdata[21]_INST_0_i_601/O
                         net (fo=1, routed)           0.000    13.072    u_wstore/cfg_rdata[21]_INST_0_i_601_n_0
    SLICE_X102Y360                                                    f  u_wstore/cfg_rdata[21]_INST_0_i_415/I1
    SLICE_X102Y360       MUXF7 (Prop_muxf7_I1_O)      0.103    13.175 f  u_wstore/cfg_rdata[21]_INST_0_i_415/O
                         net (fo=1, routed)           0.686    13.861    u_wstore/cfg_rdata[21]_INST_0_i_415_n_0
    SLICE_X118Y352                                                    f  u_wstore/cfg_rdata[21]_INST_0_i_209/I5
    SLICE_X118Y352       LUT6 (Prop_lut6_I5_O)        0.123    13.984 f  u_wstore/cfg_rdata[21]_INST_0_i_209/O
                         net (fo=1, routed)           0.395    14.379    u_wstore/cfg_rdata[21]_INST_0_i_209_n_0
    SLICE_X119Y350                                                    f  u_wstore/cfg_rdata[21]_INST_0_i_77/I0
    SLICE_X119Y350       LUT3 (Prop_lut3_I0_O)        0.043    14.422 f  u_wstore/cfg_rdata[21]_INST_0_i_77/O
                         net (fo=1, routed)           0.000    14.422    u_wstore/cfg_rdata[21]_INST_0_i_77_n_0
    SLICE_X119Y350                                                    f  u_wstore/cfg_rdata[21]_INST_0_i_28/I0
    SLICE_X119Y350       MUXF7 (Prop_muxf7_I0_O)      0.107    14.529 f  u_wstore/cfg_rdata[21]_INST_0_i_28/O
                         net (fo=1, routed)           1.552    16.081    u_wstore/cfg_rdata[21]_INST_0_i_28_n_0
    SLICE_X147Y316                                                    f  u_wstore/cfg_rdata[21]_INST_0_i_9/I3
    SLICE_X147Y316       LUT6 (Prop_lut6_I3_O)        0.124    16.205 f  u_wstore/cfg_rdata[21]_INST_0_i_9/O
                         net (fo=1, routed)           0.000    16.205    u_wstore/cfg_rdata[21]_INST_0_i_9_n_0
    SLICE_X147Y316                                                    f  u_wstore/cfg_rdata[21]_INST_0_i_4/I1
    SLICE_X147Y316       MUXF7 (Prop_muxf7_I1_O)      0.108    16.313 f  u_wstore/cfg_rdata[21]_INST_0_i_4/O
                         net (fo=2, routed)           3.031    19.344    u_wstore/cfg_rdata[21]_INST_0_i_4_n_0
    SLICE_X34Y349                                                     f  u_wstore/row_q[17][23]_i_12/I3
    SLICE_X34Y349        LUT6 (Prop_lut6_I3_O)        0.124    19.468 f  u_wstore/row_q[17][23]_i_12/O
                         net (fo=2, routed)           2.251    21.719    u_wstore/w_q[21]
    SLICE_X35Y433                                                     f  u_wstore/row_q[17][23]_i_3/I0
    SLICE_X35Y433        LUT3 (Prop_lut3_I0_O)        0.054    21.773 r  u_wstore/row_q[17][23]_i_3/O
                         net (fo=2, routed)           2.243    24.016    u_wstore/row_q[17][23]_i_3_n_0
    SLICE_X35Y433                                                     r  u_wstore/row_q[17][23]_i_7/I3
    SLICE_X35Y433        LUT4 (Prop_lut4_I3_O)        0.137    24.153 r  u_wstore/row_q[17][23]_i_7/O
                         net (fo=1, routed)           0.000    24.153    u_wstore/row_q[17][23]_i_7_n_0
    SLICE_X35Y433                                                     r  u_wstore/row_q_reg[17][23]_i_1/S[2]
    SLICE_X35Y433        CARRY4 (Prop_carry4_S[2]_CO[3])
                                                      0.195    24.348 r  u_wstore/row_q_reg[17][23]_i_1/CO[3]
                         net (fo=1, routed)           0.000    24.348    u_wstore/row_q_reg[17][23]_i_1_n_0
    SLICE_X35Y434                                                     r  u_wstore/row_q_reg[17][27]_i_1/CI
    SLICE_X35Y434        CARRY4 (Prop_carry4_CI_CO[3])
                                                      0.053    24.401 r  u_wstore/row_q_reg[17][27]_i_1/CO[3]
                         net (fo=1, routed)           0.000    24.401    u_wstore/row_q_reg[17][27]_i_1_n_0
    SLICE_X35Y435                                                     r  u_wstore/row_q_reg[17][31]_i_1/CI
    SLICE_X35Y435        CARRY4 (Prop_carry4_CI_CO[3])
                                                      0.053    24.454 r  u_wstore/row_q_reg[17][31]_i_1/CO[3]
                         net (fo=1, routed)           0.000    24.454    u_wstore/row_q_reg[17][31]_i_1_n_0
    SLICE_X35Y436                                                     r  u_wstore/row_q_reg[17][35]_i_1/CI
    SLICE_X35Y436        CARRY4 (Prop_carry4_CI_CO[3])
                                                      0.053    24.507 r  u_wstore/row_q_reg[17][35]_i_1/CO[3]
                         net (fo=1, routed)           0.000    24.507    u_wstore/row_q_reg[17][35]_i_1_n_0
    SLICE_X35Y437                                                     r  u_wstore/row_q_reg[17][39]_i_1/CI
    SLICE_X35Y437        CARRY4 (Prop_carry4_CI_CO[3])
                                                      0.053    24.560 r  u_wstore/row_q_reg[17][39]_i_1/CO[3]
                         net (fo=1, routed)           0.000    24.560    u_wstore/row_q_reg[17][39]_i_1_n_0
    SLICE_X35Y438                                                     r  u_wstore/row_q_reg[17][43]_i_1/CI
    SLICE_X35Y438        CARRY4 (Prop_carry4_CI_CO[3])
                                                      0.053    24.613 r  u_wstore/row_q_reg[17][43]_i_1/CO[3]
                         net (fo=1, routed)           0.000    24.613    u_wstore/row_q_reg[17][43]_i_1_n_0
    SLICE_X35Y439                                                     r  u_wstore/row_q_reg[17][47]_i_1/CI
    SLICE_X35Y439        CARRY4 (Prop_carry4_CI_O[1])
                                                      0.166    24.779 r  u_wstore/row_q_reg[17][47]_i_1/O[1]
                         net (fo=18, routed)          2.550    27.329    u_wstore/row_new[45]
    SLICE_X27Y441        FDRE                                         r  u_wstore/row_q_reg[13][45]/D
  -------------------------------------------------------------------    -------------------

                         (clock core_clk rise edge)
                                                     25.000    25.000 r  
                                                      0.000    25.000 r  clk (IN)
                         net (fo=0)                   0.510    25.510    __ooc_clk_input
    BUFGCTRL_X0Y0                                                     r  __ooc_internal_bufg/I
    BUFGCTRL_X0Y0        BUFG (Prop_bufg_I_O)         0.083    25.593 r  __ooc_internal_bufg/O
                         net (fo=66536, routed)       1.691    27.284    u_wstore/clk
    SLICE_X27Y441        FDRE                                         r  u_wstore/row_q_reg[13][45]/C
                         clock pessimism              0.037    27.321    
                         clock uncertainty           -0.085    27.236    
    SLICE_X27Y441        FDRE (Setup_fdre_C_D)       -0.099    27.137    u_wstore/row_q_reg[13][45]
  -------------------------------------------------------------------
                         required time                         27.137    
                         arrival time                         -27.329    
  -------------------------------------------------------------------
                         slack                                 -0.192    

Slack (VIOLATED) :        -0.188ns  (required time - arrival time)
  Source:                 cur_slice_reg[1]_rep__3/C
                            (rising edge-triggered cell FDRE clocked by core_clk  {rise@0.000ns fall@12.500ns period=25.000ns})
  Destination:            u_wstore/row_q_reg[5][45]/D
                            (rising edge-triggered cell FDRE clocked by core_clk  {rise@0.000ns fall@12.500ns period=25.000ns})
  Path Group:             core_clk
  Path Type:              Setup (Max at Slow Process Corner)
  Requirement:            25.000ns  (core_clk rise@25.000ns - core_clk rise@0.000ns)
  Data Path Delay:        25.112ns  (logic 1.894ns (7.542%)  route 23.218ns (92.458%))
  Logic Levels:           18  (CARRY4=7 LUT3=2 LUT4=2 LUT6=4 MUXF7=3)
  Clock Path Skew:        0.121ns (DCD - SCD + CPR)
    Destination Clock Delay (DCD):    2.284ns = ( 27.284 - 25.000 ) 
    Source Clock Delay      (SCD):    2.200ns
    Clock Pessimism Removal (CPR):    0.037ns
  Clock Uncertainty:      0.085ns  ((TSJ^2 + TIJ^2)^1/2 + DJ) / 2 + PE + UU
    Total System Jitter     (TSJ):    0.071ns
    Total Input Jitter      (TIJ):    0.000ns
    Discrete Jitter          (DJ):    0.000ns
    Phase Error              (PE):    0.000ns
    User Uncertainty         (UU):    0.050ns

    Location             Delay type                Incr(ns)  Path(ns)    Netlist Resource(s)
  -------------------------------------------------------------------    -------------------
                         (clock core_clk rise edge)
                                                      0.000     0.000 r  
                                                      0.000     0.000 r  clk (IN)
                         net (fo=0)                   0.537     0.537    __ooc_clk_input
    BUFGCTRL_X0Y0                                                     r  __ooc_internal_bufg/I
    BUFGCTRL_X0Y0        BUFG (Prop_bufg_I_O)         0.093     0.630 r  __ooc_internal_bufg/O
                         net (fo=66536, routed)       1.570     2.200    clk
    SLICE_X42Y192        FDRE                                         r  cur_slice_reg[1]_rep__3/C
  -------------------------------------------------------------------    -------------------
    SLICE_X42Y192        FDRE (Prop_fdre_C_Q)         0.259     2.459 r  cur_slice_reg[1]_rep__3/Q
                         net (fo=139, routed)         5.129     7.588    u_wstore/cfg_rdata[40]_INST_0_i_522_0
    SLICE_X206Y258                                                    r  u_wstore/cfg_rdata[46]_INST_0_i_663/I3
    SLICE_X206Y258       LUT4 (Prop_lut4_I3_O)        0.043     7.631 r  u_wstore/cfg_rdata[46]_INST_0_i_663/O
                         net (fo=969, routed)         5.398    13.029    u_wstore/cfg_rdata[46]_INST_0_i_663_n_0
    SLICE_X102Y360                                                    r  u_wstore/cfg_rdata[21]_INST_0_i_601/I2
    SLICE_X102Y360       LUT6 (Prop_lut6_I2_O)        0.043    13.072 f  u_wstore/cfg_rdata[21]_INST_0_i_601/O
                         net (fo=1, routed)           0.000    13.072    u_wstore/cfg_rdata[21]_INST_0_i_601_n_0
    SLICE_X102Y360                                                    f  u_wstore/cfg_rdata[21]_INST_0_i_415/I1
    SLICE_X102Y360       MUXF7 (Prop_muxf7_I1_O)      0.103    13.175 f  u_wstore/cfg_rdata[21]_INST_0_i_415/O
                         net (fo=1, routed)           0.686    13.861    u_wstore/cfg_rdata[21]_INST_0_i_415_n_0
    SLICE_X118Y352                                                    f  u_wstore/cfg_rdata[21]_INST_0_i_209/I5
    SLICE_X118Y352       LUT6 (Prop_lut6_I5_O)        0.123    13.984 f  u_wstore/cfg_rdata[21]_INST_0_i_209/O
                         net (fo=1, routed)           0.395    14.379    u_wstore/cfg_rdata[21]_INST_0_i_209_n_0
    SLICE_X119Y350                                                    f  u_wstore/cfg_rdata[21]_INST_0_i_77/I0
    SLICE_X119Y350       LUT3 (Prop_lut3_I0_O)        0.043    14.422 f  u_wstore/cfg_rdata[21]_INST_0_i_77/O
                         net (fo=1, routed)           0.000    14.422    u_wstore/cfg_rdata[21]_INST_0_i_77_n_0
    SLICE_X119Y350                                                    f  u_wstore/cfg_rdata[21]_INST_0_i_28/I0
    SLICE_X119Y350       MUXF7 (Prop_muxf7_I0_O)      0.107    14.529 f  u_wstore/cfg_rdata[21]_INST_0_i_28/O
                         net (fo=1, routed)           1.552    16.081    u_wstore/cfg_rdata[21]_INST_0_i_28_n_0
    SLICE_X147Y316                                                    f  u_wstore/cfg_rdata[21]_INST_0_i_9/I3
    SLICE_X147Y316       LUT6 (Prop_lut6_I3_O)        0.124    16.205 f  u_wstore/cfg_rdata[21]_INST_0_i_9/O
                         net (fo=1, routed)           0.000    16.205    u_wstore/cfg_rdata[21]_INST_0_i_9_n_0
    SLICE_X147Y316                                                    f  u_wstore/cfg_rdata[21]_INST_0_i_4/I1
    SLICE_X147Y316       MUXF7 (Prop_muxf7_I1_O)      0.108    16.313 f  u_wstore/cfg_rdata[21]_INST_0_i_4/O
                         net (fo=2, routed)           3.031    19.344    u_wstore/cfg_rdata[21]_INST_0_i_4_n_0
    SLICE_X34Y349                                                     f  u_wstore/row_q[17][23]_i_12/I3
    SLICE_X34Y349        LUT6 (Prop_lut6_I3_O)        0.124    19.468 f  u_wstore/row_q[17][23]_i_12/O
                         net (fo=2, routed)           2.251    21.719    u_wstore/w_q[21]
    SLICE_X35Y433                                                     f  u_wstore/row_q[17][23]_i_3/I0
    SLICE_X35Y433        LUT3 (Prop_lut3_I0_O)        0.054    21.773 r  u_wstore/row_q[17][23]_i_3/O
                         net (fo=2, routed)           2.243    24.016    u_wstore/row_q[17][23]_i_3_n_0
    SLICE_X35Y433                                                     r  u_wstore/row_q[17][23]_i_7/I3
    SLICE_X35Y433        LUT4 (Prop_lut4_I3_O)        0.137    24.153 r  u_wstore/row_q[17][23]_i_7/O
                         net (fo=1, routed)           0.000    24.153    u_wstore/row_q[17][23]_i_7_n_0
    SLICE_X35Y433                                                     r  u_wstore/row_q_reg[17][23]_i_1/S[2]
    SLICE_X35Y433        CARRY4 (Prop_carry4_S[2]_CO[3])
                                                      0.195    24.348 r  u_wstore/row_q_reg[17][23]_i_1/CO[3]
                         net (fo=1, routed)           0.000    24.348    u_wstore/row_q_reg[17][23]_i_1_n_0
    SLICE_X35Y434                                                     r  u_wstore/row_q_reg[17][27]_i_1/CI
    SLICE_X35Y434        CARRY4 (Prop_carry4_CI_CO[3])
                                                      0.053    24.401 r  u_wstore/row_q_reg[17][27]_i_1/CO[3]
                         net (fo=1, routed)           0.000    24.401    u_wstore/row_q_reg[17][27]_i_1_n_0
    SLICE_X35Y435                                                     r  u_wstore/row_q_reg[17][31]_i_1/CI
    SLICE_X35Y435        CARRY4 (Prop_carry4_CI_CO[3])
                                                      0.053    24.454 r  u_wstore/row_q_reg[17][31]_i_1/CO[3]
                         net (fo=1, routed)           0.000    24.454    u_wstore/row_q_reg[17][31]_i_1_n_0
    SLICE_X35Y436                                                     r  u_wstore/row_q_reg[17][35]_i_1/CI
    SLICE_X35Y436        CARRY4 (Prop_carry4_CI_CO[3])
                                                      0.053    24.507 r  u_wstore/row_q_reg[17][35]_i_1/CO[3]
                         net (fo=1, routed)           0.000    24.507    u_wstore/row_q_reg[17][35]_i_1_n_0
    SLICE_X35Y437                                                     r  u_wstore/row_q_reg[17][39]_i_1/CI
    SLICE_X35Y437        CARRY4 (Prop_carry4_CI_CO[3])
                                                      0.053    24.560 r  u_wstore/row_q_reg[17][39]_i_1/CO[3]
                         net (fo=1, routed)           0.000    24.560    u_wstore/row_q_reg[17][39]_i_1_n_0
    SLICE_X35Y438                                                     r  u_wstore/row_q_reg[17][43]_i_1/CI
    SLICE_X35Y438        CARRY4 (Prop_carry4_CI_CO[3])
                                                      0.053    24.613 r  u_wstore/row_q_reg[17][43]_i_1/CO[3]
                         net (fo=1, routed)           0.000    24.613    u_wstore/row_q_reg[17][43]_i_1_n_0
    SLICE_X35Y439                                                     r  u_wstore/row_q_reg[17][47]_i_1/CI
    SLICE_X35Y439        CARRY4 (Prop_carry4_CI_O[1])
                                                      0.166    24.779 r  u_wstore/row_q_reg[17][47]_i_1/O[1]
                         net (fo=18, routed)          2.534    27.312    u_wstore/row_new[45]
    SLICE_X25Y441        FDRE                                         r  u_wstore/row_q_reg[5][45]/D
  -------------------------------------------------------------------    -------------------

                         (clock core_clk rise edge)
                                                     25.000    25.000 r  
                                                      0.000    25.000 r  clk (IN)
                         net (fo=0)                   0.510    25.510    __ooc_clk_input
    BUFGCTRL_X0Y0                                                     r  __ooc_internal_bufg/I
    BUFGCTRL_X0Y0        BUFG (Prop_bufg_I_O)         0.083    25.593 r  __ooc_internal_bufg/O
                         net (fo=66536, routed)       1.691    27.284    u_wstore/clk
    SLICE_X25Y441        FDRE                                         r  u_wstore/row_q_reg[5][45]/C
                         clock pessimism              0.037    27.321    
                         clock uncertainty           -0.085    27.236    
    SLICE_X25Y441        FDRE (Setup_fdre_C_D)       -0.111    27.125    u_wstore/row_q_reg[5][45]
  -------------------------------------------------------------------
                         required time                         27.125    
                         arrival time                         -27.312    
  -------------------------------------------------------------------
                         slack                                 -0.188    

Slack (VIOLATED) :        -0.184ns  (required time - arrival time)
  Source:                 cur_slice_reg[3]/C
                            (rising edge-triggered cell FDRE clocked by core_clk  {rise@0.000ns fall@12.500ns period=25.000ns})
  Destination:            u_wstore/row_q_reg[1][48]/D
                            (rising edge-triggered cell FDRE clocked by core_clk  {rise@0.000ns fall@12.500ns period=25.000ns})
  Path Group:             core_clk
  Path Type:              Setup (Max at Slow Process Corner)
  Requirement:            25.000ns  (core_clk rise@25.000ns - core_clk rise@0.000ns)
  Data Path Delay:        25.189ns  (logic 1.565ns (6.213%)  route 23.624ns (93.787%))
  Logic Levels:           12  (CARRY4=2 LUT2=1 LUT3=2 LUT5=1 LUT6=3 MUXF7=2 MUXF8=1)
  Clock Path Skew:        0.191ns (DCD - SCD + CPR)
    Destination Clock Delay (DCD):    2.287ns = ( 27.287 - 25.000 ) 
    Source Clock Delay      (SCD):    2.133ns
    Clock Pessimism Removal (CPR):    0.037ns
  Clock Uncertainty:      0.085ns  ((TSJ^2 + TIJ^2)^1/2 + DJ) / 2 + PE + UU
    Total System Jitter     (TSJ):    0.071ns
    Total Input Jitter      (TIJ):    0.000ns
    Discrete Jitter          (DJ):    0.000ns
    Phase Error              (PE):    0.000ns
    User Uncertainty         (UU):    0.050ns

    Location             Delay type                Incr(ns)  Path(ns)    Netlist Resource(s)
  -------------------------------------------------------------------    -------------------
                         (clock core_clk rise edge)
                                                      0.000     0.000 r  
                                                      0.000     0.000 r  clk (IN)
                         net (fo=0)                   0.537     0.537    __ooc_clk_input
    BUFGCTRL_X0Y0                                                     r  __ooc_internal_bufg/I
    BUFGCTRL_X0Y0        BUFG (Prop_bufg_I_O)         0.093     0.630 r  __ooc_internal_bufg/O
                         net (fo=66536, routed)       1.503     2.133    clk
    SLICE_X56Y193        FDRE                                         r  cur_slice_reg[3]/C
  -------------------------------------------------------------------    -------------------
    SLICE_X56Y193        FDRE (Prop_fdre_C_Q)         0.259     2.392 f  cur_slice_reg[3]/Q
                         net (fo=53, routed)          4.080     6.472    u_wstore/w_q_reg[3][68][46]_1[1]
    SLICE_X190Y166                                                    f  u_wstore/cfg_rdata[46]_INST_0_i_375/I1
    SLICE_X190Y166       LUT6 (Prop_lut6_I1_O)        0.043     6.515 r  u_wstore/cfg_rdata[46]_INST_0_i_375/O
                         net (fo=123, routed)         3.163     9.678    u_wstore/cfg_rdata[46]_INST_0_i_375_n_0
    SLICE_X188Y346                                                    r  u_wstore/cfg_rdata[46]_INST_0_i_379/I0
    SLICE_X188Y346       LUT2 (Prop_lut2_I0_O)        0.043     9.721 r  u_wstore/cfg_rdata[46]_INST_0_i_379/O
                         net (fo=63, routed)          1.729    11.450    u_wstore/cfg_rdata[46]_INST_0_i_379_n_0
    SLICE_X183Y277                                                    r  u_wstore/cfg_rdata[46]_INST_0_i_401/S
    SLICE_X183Y277       MUXF8 (Prop_muxf8_S_O)       0.141    11.591 f  u_wstore/cfg_rdata[46]_INST_0_i_401/O
                         net (fo=1, routed)           1.612    13.204    u_wstore/cfg_rdata[46]_INST_0_i_401_n_0
    SLICE_X151Y278                                                    f  u_wstore/cfg_rdata[46]_INST_0_i_201/I4
    SLICE_X151Y278       LUT5 (Prop_lut5_I4_O)        0.126    13.330 f  u_wstore/cfg_rdata[46]_INST_0_i_201/O
                         net (fo=1, routed)           1.368    14.697    u_wstore/cfg_rdata[46]_INST_0_i_201_n_0
    SLICE_X175Y288                                                    f  u_wstore/cfg_rdata[46]_INST_0_i_83/I0
    SLICE_X175Y288       LUT3 (Prop_lut3_I0_O)        0.043    14.740 f  u_wstore/cfg_rdata[46]_INST_0_i_83/O
                         net (fo=1, routed)           0.000    14.740    u_wstore/cfg_rdata[46]_INST_0_i_83_n_0
    SLICE_X175Y288                                                    f  u_wstore/cfg_rdata[46]_INST_0_i_35/I0
    SLICE_X175Y288       MUXF7 (Prop_muxf7_I0_O)      0.107    14.847 f  u_wstore/cfg_rdata[46]_INST_0_i_35/O
                         net (fo=1, routed)           1.835    16.682    u_wstore/cfg_rdata[46]_INST_0_i_35_n_0
    SLICE_X149Y341                                                    f  u_wstore/cfg_rdata[46]_INST_0_i_14/I3
    SLICE_X149Y341       LUT6 (Prop_lut6_I3_O)        0.124    16.806 f  u_wstore/cfg_rdata[46]_INST_0_i_14/O
                         net (fo=1, routed)           0.000    16.806    u_wstore/cfg_rdata[46]_INST_0_i_14_n_0
    SLICE_X149Y341                                                    f  u_wstore/cfg_rdata[46]_INST_0_i_5/I0
    SLICE_X149Y341       MUXF7 (Prop_muxf7_I0_O)      0.107    16.913 f  u_wstore/cfg_rdata[46]_INST_0_i_5/O
                         net (fo=2, routed)           2.335    19.248    u_wstore/cfg_rdata[46]_INST_0_i_5_n_0
    SLICE_X35Y350                                                     f  u_wstore/row_q[17][47]_i_10/I3
    SLICE_X35Y350        LUT6 (Prop_lut6_I3_O)        0.124    19.372 f  u_wstore/row_q[17][47]_i_10/O
                         net (fo=2, routed)           2.522    21.894    u_wstore/w_q[46]
    SLICE_X35Y439                                                     f  u_wstore/row_q[17][47]_i_2/I0
    SLICE_X35Y439        LUT3 (Prop_lut3_I0_O)        0.052    21.946 r  u_wstore/row_q[17][47]_i_2/O
                         net (fo=2, routed)           2.507    24.453    u_wstore/row_q[17][47]_i_2_n_0
    SLICE_X35Y439                                                     r  u_wstore/row_q_reg[17][47]_i_1/DI[3]
    SLICE_X35Y439        CARRY4 (Prop_carry4_DI[3]_CO[3])
                                                      0.279    24.732 r  u_wstore/row_q_reg[17][47]_i_1/CO[3]
                         net (fo=1, routed)           0.000    24.732    u_wstore/row_q_reg[17][47]_i_1_n_0
    SLICE_X35Y440                                                     r  u_wstore/row_q_reg[17][51]_i_1/CI
    SLICE_X35Y440        CARRY4 (Prop_carry4_CI_O[0])
                                                      0.117    24.849 r  u_wstore/row_q_reg[17][51]_i_1/O[0]
                         net (fo=18, routed)          2.474    27.322    u_wstore/row_new[48]
    SLICE_X21Y443        FDRE                                         r  u_wstore/row_q_reg[1][48]/D
  -------------------------------------------------------------------    -------------------

                         (clock core_clk rise edge)
                                                     25.000    25.000 r  
                                                      0.000    25.000 r  clk (IN)
                         net (fo=0)                   0.510    25.510    __ooc_clk_input
    BUFGCTRL_X0Y0                                                     r  __ooc_internal_bufg/I
    BUFGCTRL_X0Y0        BUFG (Prop_bufg_I_O)         0.083    25.593 r  __ooc_internal_bufg/O
                         net (fo=66536, routed)       1.694    27.287    u_wstore/clk
    SLICE_X21Y443        FDRE                                         r  u_wstore/row_q_reg[1][48]/C
                         clock pessimism              0.037    27.324    
                         clock uncertainty           -0.085    27.239    
    SLICE_X21Y443        FDRE (Setup_fdre_C_D)       -0.100    27.139    u_wstore/row_q_reg[1][48]
  -------------------------------------------------------------------
                         required time                         27.139    
                         arrival time                         -27.322    
  -------------------------------------------------------------------
                         slack                                 -0.184    

Slack (VIOLATED) :        -0.183ns  (required time - arrival time)
  Source:                 cur_slice_reg[3]/C
                            (rising edge-triggered cell FDRE clocked by core_clk  {rise@0.000ns fall@12.500ns period=25.000ns})
  Destination:            u_wstore/row_q_reg[2][48]/D
                            (rising edge-triggered cell FDRE clocked by core_clk  {rise@0.000ns fall@12.500ns period=25.000ns})
  Path Group:             core_clk
  Path Type:              Setup (Max at Slow Process Corner)
  Requirement:            25.000ns  (core_clk rise@25.000ns - core_clk rise@0.000ns)
  Data Path Delay:        25.189ns  (logic 1.565ns (6.213%)  route 23.624ns (93.787%))
  Logic Levels:           12  (CARRY4=2 LUT2=1 LUT3=2 LUT5=1 LUT6=3 MUXF7=2 MUXF8=1)
  Clock Path Skew:        0.192ns (DCD - SCD + CPR)
    Destination Clock Delay (DCD):    2.288ns = ( 27.288 - 25.000 ) 
    Source Clock Delay      (SCD):    2.133ns
    Clock Pessimism Removal (CPR):    0.037ns
  Clock Uncertainty:      0.085ns  ((TSJ^2 + TIJ^2)^1/2 + DJ) / 2 + PE + UU
    Total System Jitter     (TSJ):    0.071ns
    Total Input Jitter      (TIJ):    0.000ns
    Discrete Jitter          (DJ):    0.000ns
    Phase Error              (PE):    0.000ns
    User Uncertainty         (UU):    0.050ns

    Location             Delay type                Incr(ns)  Path(ns)    Netlist Resource(s)
  -------------------------------------------------------------------    -------------------
                         (clock core_clk rise edge)
                                                      0.000     0.000 r  
                                                      0.000     0.000 r  clk (IN)
                         net (fo=0)                   0.537     0.537    __ooc_clk_input
    BUFGCTRL_X0Y0                                                     r  __ooc_internal_bufg/I
    BUFGCTRL_X0Y0        BUFG (Prop_bufg_I_O)         0.093     0.630 r  __ooc_internal_bufg/O
                         net (fo=66536, routed)       1.503     2.133    clk
    SLICE_X56Y193        FDRE                                         r  cur_slice_reg[3]/C
  -------------------------------------------------------------------    -------------------
    SLICE_X56Y193        FDRE (Prop_fdre_C_Q)         0.259     2.392 f  cur_slice_reg[3]/Q
                         net (fo=53, routed)          4.080     6.472    u_wstore/w_q_reg[3][68][46]_1[1]
    SLICE_X190Y166                                                    f  u_wstore/cfg_rdata[46]_INST_0_i_375/I1
    SLICE_X190Y166       LUT6 (Prop_lut6_I1_O)        0.043     6.515 r  u_wstore/cfg_rdata[46]_INST_0_i_375/O
                         net (fo=123, routed)         3.163     9.678    u_wstore/cfg_rdata[46]_INST_0_i_375_n_0
    SLICE_X188Y346                                                    r  u_wstore/cfg_rdata[46]_INST_0_i_379/I0
    SLICE_X188Y346       LUT2 (Prop_lut2_I0_O)        0.043     9.721 r  u_wstore/cfg_rdata[46]_INST_0_i_379/O
                         net (fo=63, routed)          1.729    11.450    u_wstore/cfg_rdata[46]_INST_0_i_379_n_0
    SLICE_X183Y277                                                    r  u_wstore/cfg_rdata[46]_INST_0_i_401/S
    SLICE_X183Y277       MUXF8 (Prop_muxf8_S_O)       0.141    11.591 f  u_wstore/cfg_rdata[46]_INST_0_i_401/O
                         net (fo=1, routed)           1.612    13.204    u_wstore/cfg_rdata[46]_INST_0_i_401_n_0
    SLICE_X151Y278                                                    f  u_wstore/cfg_rdata[46]_INST_0_i_201/I4
    SLICE_X151Y278       LUT5 (Prop_lut5_I4_O)        0.126    13.330 f  u_wstore/cfg_rdata[46]_INST_0_i_201/O
                         net (fo=1, routed)           1.368    14.697    u_wstore/cfg_rdata[46]_INST_0_i_201_n_0
    SLICE_X175Y288                                                    f  u_wstore/cfg_rdata[46]_INST_0_i_83/I0
    SLICE_X175Y288       LUT3 (Prop_lut3_I0_O)        0.043    14.740 f  u_wstore/cfg_rdata[46]_INST_0_i_83/O
                         net (fo=1, routed)           0.000    14.740    u_wstore/cfg_rdata[46]_INST_0_i_83_n_0
    SLICE_X175Y288                                                    f  u_wstore/cfg_rdata[46]_INST_0_i_35/I0
    SLICE_X175Y288       MUXF7 (Prop_muxf7_I0_O)      0.107    14.847 f  u_wstore/cfg_rdata[46]_INST_0_i_35/O
                         net (fo=1, routed)           1.835    16.682    u_wstore/cfg_rdata[46]_INST_0_i_35_n_0
    SLICE_X149Y341                                                    f  u_wstore/cfg_rdata[46]_INST_0_i_14/I3
    SLICE_X149Y341       LUT6 (Prop_lut6_I3_O)        0.124    16.806 f  u_wstore/cfg_rdata[46]_INST_0_i_14/O
                         net (fo=1, routed)           0.000    16.806    u_wstore/cfg_rdata[46]_INST_0_i_14_n_0
    SLICE_X149Y341                                                    f  u_wstore/cfg_rdata[46]_INST_0_i_5/I0
    SLICE_X149Y341       MUXF7 (Prop_muxf7_I0_O)      0.107    16.913 f  u_wstore/cfg_rdata[46]_INST_0_i_5/O
                         net (fo=2, routed)           2.335    19.248    u_wstore/cfg_rdata[46]_INST_0_i_5_n_0
    SLICE_X35Y350                                                     f  u_wstore/row_q[17][47]_i_10/I3
    SLICE_X35Y350        LUT6 (Prop_lut6_I3_O)        0.124    19.372 f  u_wstore/row_q[17][47]_i_10/O
                         net (fo=2, routed)           2.522    21.894    u_wstore/w_q[46]
    SLICE_X35Y439                                                     f  u_wstore/row_q[17][47]_i_2/I0
    SLICE_X35Y439        LUT3 (Prop_lut3_I0_O)        0.052    21.946 r  u_wstore/row_q[17][47]_i_2/O
                         net (fo=2, routed)           2.507    24.453    u_wstore/row_q[17][47]_i_2_n_0
    SLICE_X35Y439                                                     r  u_wstore/row_q_reg[17][47]_i_1/DI[3]
    SLICE_X35Y439        CARRY4 (Prop_carry4_DI[3]_CO[3])
                                                      0.279    24.732 r  u_wstore/row_q_reg[17][47]_i_1/CO[3]
                         net (fo=1, routed)           0.000    24.732    u_wstore/row_q_reg[17][47]_i_1_n_0
    SLICE_X35Y440                                                     r  u_wstore/row_q_reg[17][51]_i_1/CI
    SLICE_X35Y440        CARRY4 (Prop_carry4_CI_O[0])
                                                      0.117    24.849 r  u_wstore/row_q_reg[17][51]_i_1/O[0]
                         net (fo=18, routed)          2.474    27.322    u_wstore/row_new[48]
    SLICE_X20Y444        FDRE                                         r  u_wstore/row_q_reg[2][48]/D
  -------------------------------------------------------------------    -------------------

                         (clock core_clk rise edge)
                                                     25.000    25.000 r  
                                                      0.000    25.000 r  clk (IN)
                         net (fo=0)                   0.510    25.510    __ooc_clk_input
    BUFGCTRL_X0Y0                                                     r  __ooc_internal_bufg/I
    BUFGCTRL_X0Y0        BUFG (Prop_bufg_I_O)         0.083    25.593 r  __ooc_internal_bufg/O
                         net (fo=66536, routed)       1.695    27.288    u_wstore/clk
    SLICE_X20Y444        FDRE                                         r  u_wstore/row_q_reg[2][48]/C
                         clock pessimism              0.037    27.325    
                         clock uncertainty           -0.085    27.240    
    SLICE_X20Y444        FDRE (Setup_fdre_C_D)       -0.100    27.140    u_wstore/row_q_reg[2][48]
  -------------------------------------------------------------------
                         required time                         27.140    
                         arrival time                         -27.322    
  -------------------------------------------------------------------
                         slack                                 -0.183    

Slack (VIOLATED) :        -0.182ns  (required time - arrival time)
  Source:                 cur_slice_reg[3]/C
                            (rising edge-triggered cell FDRE clocked by core_clk  {rise@0.000ns fall@12.500ns period=25.000ns})
  Destination:            u_wstore/row_q_reg[8][48]/D
                            (rising edge-triggered cell FDRE clocked by core_clk  {rise@0.000ns fall@12.500ns period=25.000ns})
  Path Group:             core_clk
  Path Type:              Setup (Max at Slow Process Corner)
  Requirement:            25.000ns  (core_clk rise@25.000ns - core_clk rise@0.000ns)
  Data Path Delay:        25.188ns  (logic 1.565ns (6.213%)  route 23.623ns (93.787%))
  Logic Levels:           12  (CARRY4=2 LUT2=1 LUT3=2 LUT5=1 LUT6=3 MUXF7=2 MUXF8=1)
  Clock Path Skew:        0.192ns (DCD - SCD + CPR)
    Destination Clock Delay (DCD):    2.288ns = ( 27.288 - 25.000 ) 
    Source Clock Delay      (SCD):    2.133ns
    Clock Pessimism Removal (CPR):    0.037ns
  Clock Uncertainty:      0.085ns  ((TSJ^2 + TIJ^2)^1/2 + DJ) / 2 + PE + UU
    Total System Jitter     (TSJ):    0.071ns
    Total Input Jitter      (TIJ):    0.000ns
    Discrete Jitter          (DJ):    0.000ns
    Phase Error              (PE):    0.000ns
    User Uncertainty         (UU):    0.050ns

    Location             Delay type                Incr(ns)  Path(ns)    Netlist Resource(s)
  -------------------------------------------------------------------    -------------------
                         (clock core_clk rise edge)
                                                      0.000     0.000 r  
                                                      0.000     0.000 r  clk (IN)
                         net (fo=0)                   0.537     0.537    __ooc_clk_input
    BUFGCTRL_X0Y0                                                     r  __ooc_internal_bufg/I
    BUFGCTRL_X0Y0        BUFG (Prop_bufg_I_O)         0.093     0.630 r  __ooc_internal_bufg/O
                         net (fo=66536, routed)       1.503     2.133    clk
    SLICE_X56Y193        FDRE                                         r  cur_slice_reg[3]/C
  -------------------------------------------------------------------    -------------------
    SLICE_X56Y193        FDRE (Prop_fdre_C_Q)         0.259     2.392 f  cur_slice_reg[3]/Q
                         net (fo=53, routed)          4.080     6.472    u_wstore/w_q_reg[3][68][46]_1[1]
    SLICE_X190Y166                                                    f  u_wstore/cfg_rdata[46]_INST_0_i_375/I1
    SLICE_X190Y166       LUT6 (Prop_lut6_I1_O)        0.043     6.515 r  u_wstore/cfg_rdata[46]_INST_0_i_375/O
                         net (fo=123, routed)         3.163     9.678    u_wstore/cfg_rdata[46]_INST_0_i_375_n_0
    SLICE_X188Y346                                                    r  u_wstore/cfg_rdata[46]_INST_0_i_379/I0
    SLICE_X188Y346       LUT2 (Prop_lut2_I0_O)        0.043     9.721 r  u_wstore/cfg_rdata[46]_INST_0_i_379/O
                         net (fo=63, routed)          1.729    11.450    u_wstore/cfg_rdata[46]_INST_0_i_379_n_0
    SLICE_X183Y277                                                    r  u_wstore/cfg_rdata[46]_INST_0_i_401/S
    SLICE_X183Y277       MUXF8 (Prop_muxf8_S_O)       0.141    11.591 f  u_wstore/cfg_rdata[46]_INST_0_i_401/O
                         net (fo=1, routed)           1.612    13.204    u_wstore/cfg_rdata[46]_INST_0_i_401_n_0
    SLICE_X151Y278                                                    f  u_wstore/cfg_rdata[46]_INST_0_i_201/I4
    SLICE_X151Y278       LUT5 (Prop_lut5_I4_O)        0.126    13.330 f  u_wstore/cfg_rdata[46]_INST_0_i_201/O
                         net (fo=1, routed)           1.368    14.697    u_wstore/cfg_rdata[46]_INST_0_i_201_n_0
    SLICE_X175Y288                                                    f  u_wstore/cfg_rdata[46]_INST_0_i_83/I0
    SLICE_X175Y288       LUT3 (Prop_lut3_I0_O)        0.043    14.740 f  u_wstore/cfg_rdata[46]_INST_0_i_83/O
                         net (fo=1, routed)           0.000    14.740    u_wstore/cfg_rdata[46]_INST_0_i_83_n_0
    SLICE_X175Y288                                                    f  u_wstore/cfg_rdata[46]_INST_0_i_35/I0
    SLICE_X175Y288       MUXF7 (Prop_muxf7_I0_O)      0.107    14.847 f  u_wstore/cfg_rdata[46]_INST_0_i_35/O
                         net (fo=1, routed)           1.835    16.682    u_wstore/cfg_rdata[46]_INST_0_i_35_n_0
    SLICE_X149Y341                                                    f  u_wstore/cfg_rdata[46]_INST_0_i_14/I3
    SLICE_X149Y341       LUT6 (Prop_lut6_I3_O)        0.124    16.806 f  u_wstore/cfg_rdata[46]_INST_0_i_14/O
                         net (fo=1, routed)           0.000    16.806    u_wstore/cfg_rdata[46]_INST_0_i_14_n_0
    SLICE_X149Y341                                                    f  u_wstore/cfg_rdata[46]_INST_0_i_5/I0
    SLICE_X149Y341       MUXF7 (Prop_muxf7_I0_O)      0.107    16.913 f  u_wstore/cfg_rdata[46]_INST_0_i_5/O
                         net (fo=2, routed)           2.335    19.248    u_wstore/cfg_rdata[46]_INST_0_i_5_n_0
    SLICE_X35Y350                                                     f  u_wstore/row_q[17][47]_i_10/I3
    SLICE_X35Y350        LUT6 (Prop_lut6_I3_O)        0.124    19.372 f  u_wstore/row_q[17][47]_i_10/O
                         net (fo=2, routed)           2.522    21.894    u_wstore/w_q[46]
    SLICE_X35Y439                                                     f  u_wstore/row_q[17][47]_i_2/I0
    SLICE_X35Y439        LUT3 (Prop_lut3_I0_O)        0.052    21.946 r  u_wstore/row_q[17][47]_i_2/O
                         net (fo=2, routed)           2.507    24.453    u_wstore/row_q[17][47]_i_2_n_0
    SLICE_X35Y439                                                     r  u_wstore/row_q_reg[17][47]_i_1/DI[3]
    SLICE_X35Y439        CARRY4 (Prop_carry4_DI[3]_CO[3])
                                                      0.279    24.732 r  u_wstore/row_q_reg[17][47]_i_1/CO[3]
                         net (fo=1, routed)           0.000    24.732    u_wstore/row_q_reg[17][47]_i_1_n_0
    SLICE_X35Y440                                                     r  u_wstore/row_q_reg[17][51]_i_1/CI
    SLICE_X35Y440        CARRY4 (Prop_carry4_CI_O[0])
                                                      0.117    24.849 r  u_wstore/row_q_reg[17][51]_i_1/O[0]
                         net (fo=18, routed)          2.473    27.321    u_wstore/row_new[48]
    SLICE_X23Y444        FDRE                                         r  u_wstore/row_q_reg[8][48]/D
  -------------------------------------------------------------------    -------------------

                         (clock core_clk rise edge)
                                                     25.000    25.000 r  
                                                      0.000    25.000 r  clk (IN)
                         net (fo=0)                   0.510    25.510    __ooc_clk_input
    BUFGCTRL_X0Y0                                                     r  __ooc_internal_bufg/I
    BUFGCTRL_X0Y0        BUFG (Prop_bufg_I_O)         0.083    25.593 r  __ooc_internal_bufg/O
                         net (fo=66536, routed)       1.695    27.288    u_wstore/clk
    SLICE_X23Y444        FDRE                                         r  u_wstore/row_q_reg[8][48]/C
                         clock pessimism              0.037    27.325    
                         clock uncertainty           -0.085    27.240    
    SLICE_X23Y444        FDRE (Setup_fdre_C_D)       -0.100    27.140    u_wstore/row_q_reg[8][48]
  -------------------------------------------------------------------
                         required time                         27.140    
                         arrival time                         -27.321    
  -------------------------------------------------------------------
                         slack                                 -0.182    

Slack (VIOLATED) :        -0.171ns  (required time - arrival time)
  Source:                 cur_slice_reg[3]/C
                            (rising edge-triggered cell FDRE clocked by core_clk  {rise@0.000ns fall@12.500ns period=25.000ns})
  Destination:            u_wstore/row_q_reg[7][51]/D
                            (rising edge-triggered cell FDRE clocked by core_clk  {rise@0.000ns fall@12.500ns period=25.000ns})
  Path Group:             core_clk
  Path Type:              Setup (Max at Slow Process Corner)
  Requirement:            25.000ns  (core_clk rise@25.000ns - core_clk rise@0.000ns)
  Data Path Delay:        25.120ns  (logic 1.603ns (6.381%)  route 23.517ns (93.619%))
  Logic Levels:           12  (CARRY4=2 LUT2=1 LUT3=2 LUT5=1 LUT6=3 MUXF7=2 MUXF8=1)
  Clock Path Skew:        0.134ns (DCD - SCD + CPR)
    Destination Clock Delay (DCD):    2.230ns = ( 27.230 - 25.000 ) 
    Source Clock Delay      (SCD):    2.133ns
    Clock Pessimism Removal (CPR):    0.037ns
  Clock Uncertainty:      0.085ns  ((TSJ^2 + TIJ^2)^1/2 + DJ) / 2 + PE + UU
    Total System Jitter     (TSJ):    0.071ns
    Total Input Jitter      (TIJ):    0.000ns
    Discrete Jitter          (DJ):    0.000ns
    Phase Error              (PE):    0.000ns
    User Uncertainty         (UU):    0.050ns

    Location             Delay type                Incr(ns)  Path(ns)    Netlist Resource(s)
  -------------------------------------------------------------------    -------------------
                         (clock core_clk rise edge)
                                                      0.000     0.000 r  
                                                      0.000     0.000 r  clk (IN)
                         net (fo=0)                   0.537     0.537    __ooc_clk_input
    BUFGCTRL_X0Y0                                                     r  __ooc_internal_bufg/I
    BUFGCTRL_X0Y0        BUFG (Prop_bufg_I_O)         0.093     0.630 r  __ooc_internal_bufg/O
                         net (fo=66536, routed)       1.503     2.133    clk
    SLICE_X56Y193        FDRE                                         r  cur_slice_reg[3]/C
  -------------------------------------------------------------------    -------------------
    SLICE_X56Y193        FDRE (Prop_fdre_C_Q)         0.259     2.392 f  cur_slice_reg[3]/Q
                         net (fo=53, routed)          4.080     6.472    u_wstore/w_q_reg[3][68][46]_1[1]
    SLICE_X190Y166                                                    f  u_wstore/cfg_rdata[46]_INST_0_i_375/I1
    SLICE_X190Y166       LUT6 (Prop_lut6_I1_O)        0.043     6.515 r  u_wstore/cfg_rdata[46]_INST_0_i_375/O
                         net (fo=123, routed)         3.163     9.678    u_wstore/cfg_rdata[46]_INST_0_i_375_n_0
    SLICE_X188Y346                                                    r  u_wstore/cfg_rdata[46]_INST_0_i_379/I0
    SLICE_X188Y346       LUT2 (Prop_lut2_I0_O)        0.043     9.721 r  u_wstore/cfg_rdata[46]_INST_0_i_379/O
                         net (fo=63, routed)          1.729    11.450    u_wstore/cfg_rdata[46]_INST_0_i_379_n_0
    SLICE_X183Y277                                                    r  u_wstore/cfg_rdata[46]_INST_0_i_401/S
    SLICE_X183Y277       MUXF8 (Prop_muxf8_S_O)       0.141    11.591 f  u_wstore/cfg_rdata[46]_INST_0_i_401/O
                         net (fo=1, routed)           1.612    13.204    u_wstore/cfg_rdata[46]_INST_0_i_401_n_0
    SLICE_X151Y278                                                    f  u_wstore/cfg_rdata[46]_INST_0_i_201/I4
    SLICE_X151Y278       LUT5 (Prop_lut5_I4_O)        0.126    13.330 f  u_wstore/cfg_rdata[46]_INST_0_i_201/O
                         net (fo=1, routed)           1.368    14.697    u_wstore/cfg_rdata[46]_INST_0_i_201_n_0
    SLICE_X175Y288                                                    f  u_wstore/cfg_rdata[46]_INST_0_i_83/I0
    SLICE_X175Y288       LUT3 (Prop_lut3_I0_O)        0.043    14.740 f  u_wstore/cfg_rdata[46]_INST_0_i_83/O
                         net (fo=1, routed)           0.000    14.740    u_wstore/cfg_rdata[46]_INST_0_i_83_n_0
    SLICE_X175Y288                                                    f  u_wstore/cfg_rdata[46]_INST_0_i_35/I0
    SLICE_X175Y288       MUXF7 (Prop_muxf7_I0_O)      0.107    14.847 f  u_wstore/cfg_rdata[46]_INST_0_i_35/O
                         net (fo=1, routed)           1.835    16.682    u_wstore/cfg_rdata[46]_INST_0_i_35_n_0
    SLICE_X149Y341                                                    f  u_wstore/cfg_rdata[46]_INST_0_i_14/I3
    SLICE_X149Y341       LUT6 (Prop_lut6_I3_O)        0.124    16.806 f  u_wstore/cfg_rdata[46]_INST_0_i_14/O
                         net (fo=1, routed)           0.000    16.806    u_wstore/cfg_rdata[46]_INST_0_i_14_n_0
    SLICE_X149Y341                                                    f  u_wstore/cfg_rdata[46]_INST_0_i_5/I0
    SLICE_X149Y341       MUXF7 (Prop_muxf7_I0_O)      0.107    16.913 f  u_wstore/cfg_rdata[46]_INST_0_i_5/O
                         net (fo=2, routed)           2.335    19.248    u_wstore/cfg_rdata[46]_INST_0_i_5_n_0
    SLICE_X35Y350                                                     f  u_wstore/row_q[17][47]_i_10/I3
    SLICE_X35Y350        LUT6 (Prop_lut6_I3_O)        0.124    19.372 f  u_wstore/row_q[17][47]_i_10/O
                         net (fo=2, routed)           2.522    21.894    u_wstore/w_q[46]
    SLICE_X35Y439                                                     f  u_wstore/row_q[17][47]_i_2/I0
    SLICE_X35Y439        LUT3 (Prop_lut3_I0_O)        0.052    21.946 r  u_wstore/row_q[17][47]_i_2/O
                         net (fo=2, routed)           2.507    24.453    u_wstore/row_q[17][47]_i_2_n_0
    SLICE_X35Y439                                                     r  u_wstore/row_q_reg[17][47]_i_1/DI[3]
    SLICE_X35Y439        CARRY4 (Prop_carry4_DI[3]_CO[3])
                                                      0.279    24.732 r  u_wstore/row_q_reg[17][47]_i_1/CO[3]
                         net (fo=1, routed)           0.000    24.732    u_wstore/row_q_reg[17][47]_i_1_n_0
    SLICE_X35Y440                                                     r  u_wstore/row_q_reg[17][51]_i_1/CI
    SLICE_X35Y440        CARRY4 (Prop_carry4_CI_O[3])
                                                      0.155    24.887 r  u_wstore/row_q_reg[17][51]_i_1/O[3]
                         net (fo=18, routed)          2.367    27.253    u_wstore/row_new[51]
    SLICE_X33Y442        FDRE                                         r  u_wstore/row_q_reg[7][51]/D
  -------------------------------------------------------------------    -------------------

                         (clock core_clk rise edge)
                                                     25.000    25.000 r  
                                                      0.000    25.000 r  clk (IN)
                         net (fo=0)                   0.510    25.510    __ooc_clk_input
    BUFGCTRL_X0Y0                                                     r  __ooc_internal_bufg/I
    BUFGCTRL_X0Y0        BUFG (Prop_bufg_I_O)         0.083    25.593 r  __ooc_internal_bufg/O
                         net (fo=66536, routed)       1.637    27.230    u_wstore/clk
    SLICE_X33Y442        FDRE                                         r  u_wstore/row_q_reg[7][51]/C
                         clock pessimism              0.037    27.267    
                         clock uncertainty           -0.085    27.182    
    SLICE_X33Y442        FDRE (Setup_fdre_C_D)       -0.099    27.083    u_wstore/row_q_reg[7][51]
  -------------------------------------------------------------------
                         required time                         27.083    
                         arrival time                         -27.253    
  -------------------------------------------------------------------
                         slack                                 -0.171    

Slack (VIOLATED) :        -0.169ns  (required time - arrival time)
  Source:                 cur_slice_reg[3]/C
                            (rising edge-triggered cell FDRE clocked by core_clk  {rise@0.000ns fall@12.500ns period=25.000ns})
  Destination:            u_wstore/row_q_reg[12][48]/D
                            (rising edge-triggered cell FDRE clocked by core_clk  {rise@0.000ns fall@12.500ns period=25.000ns})
  Path Group:             core_clk
  Path Type:              Setup (Max at Slow Process Corner)
  Requirement:            25.000ns  (core_clk rise@25.000ns - core_clk rise@0.000ns)
  Data Path Delay:        25.161ns  (logic 1.565ns (6.220%)  route 23.596ns (93.780%))
  Logic Levels:           12  (CARRY4=2 LUT2=1 LUT3=2 LUT5=1 LUT6=3 MUXF7=2 MUXF8=1)
  Clock Path Skew:        0.189ns (DCD - SCD + CPR)
    Destination Clock Delay (DCD):    2.285ns = ( 27.285 - 25.000 ) 
    Source Clock Delay      (SCD):    2.133ns
    Clock Pessimism Removal (CPR):    0.037ns
  Clock Uncertainty:      0.085ns  ((TSJ^2 + TIJ^2)^1/2 + DJ) / 2 + PE + UU
    Total System Jitter     (TSJ):    0.071ns
    Total Input Jitter      (TIJ):    0.000ns
    Discrete Jitter          (DJ):    0.000ns
    Phase Error              (PE):    0.000ns
    User Uncertainty         (UU):    0.050ns

    Location             Delay type                Incr(ns)  Path(ns)    Netlist Resource(s)
  -------------------------------------------------------------------    -------------------
                         (clock core_clk rise edge)
                                                      0.000     0.000 r  
                                                      0.000     0.000 r  clk (IN)
                         net (fo=0)                   0.537     0.537    __ooc_clk_input
    BUFGCTRL_X0Y0                                                     r  __ooc_internal_bufg/I
    BUFGCTRL_X0Y0        BUFG (Prop_bufg_I_O)         0.093     0.630 r  __ooc_internal_bufg/O
                         net (fo=66536, routed)       1.503     2.133    clk
    SLICE_X56Y193        FDRE                                         r  cur_slice_reg[3]/C
  -------------------------------------------------------------------    -------------------
    SLICE_X56Y193        FDRE (Prop_fdre_C_Q)         0.259     2.392 f  cur_slice_reg[3]/Q
                         net (fo=53, routed)          4.080     6.472    u_wstore/w_q_reg[3][68][46]_1[1]
    SLICE_X190Y166                                                    f  u_wstore/cfg_rdata[46]_INST_0_i_375/I1
    SLICE_X190Y166       LUT6 (Prop_lut6_I1_O)        0.043     6.515 r  u_wstore/cfg_rdata[46]_INST_0_i_375/O
                         net (fo=123, routed)         3.163     9.678    u_wstore/cfg_rdata[46]_INST_0_i_375_n_0
    SLICE_X188Y346                                                    r  u_wstore/cfg_rdata[46]_INST_0_i_379/I0
    SLICE_X188Y346       LUT2 (Prop_lut2_I0_O)        0.043     9.721 r  u_wstore/cfg_rdata[46]_INST_0_i_379/O
                         net (fo=63, routed)          1.729    11.450    u_wstore/cfg_rdata[46]_INST_0_i_379_n_0
    SLICE_X183Y277                                                    r  u_wstore/cfg_rdata[46]_INST_0_i_401/S
    SLICE_X183Y277       MUXF8 (Prop_muxf8_S_O)       0.141    11.591 f  u_wstore/cfg_rdata[46]_INST_0_i_401/O
                         net (fo=1, routed)           1.612    13.204    u_wstore/cfg_rdata[46]_INST_0_i_401_n_0
    SLICE_X151Y278                                                    f  u_wstore/cfg_rdata[46]_INST_0_i_201/I4
    SLICE_X151Y278       LUT5 (Prop_lut5_I4_O)        0.126    13.330 f  u_wstore/cfg_rdata[46]_INST_0_i_201/O
                         net (fo=1, routed)           1.368    14.697    u_wstore/cfg_rdata[46]_INST_0_i_201_n_0
    SLICE_X175Y288                                                    f  u_wstore/cfg_rdata[46]_INST_0_i_83/I0
    SLICE_X175Y288       LUT3 (Prop_lut3_I0_O)        0.043    14.740 f  u_wstore/cfg_rdata[46]_INST_0_i_83/O
                         net (fo=1, routed)           0.000    14.740    u_wstore/cfg_rdata[46]_INST_0_i_83_n_0
    SLICE_X175Y288                                                    f  u_wstore/cfg_rdata[46]_INST_0_i_35/I0
    SLICE_X175Y288       MUXF7 (Prop_muxf7_I0_O)      0.107    14.847 f  u_wstore/cfg_rdata[46]_INST_0_i_35/O
                         net (fo=1, routed)           1.835    16.682    u_wstore/cfg_rdata[46]_INST_0_i_35_n_0
    SLICE_X149Y341                                                    f  u_wstore/cfg_rdata[46]_INST_0_i_14/I3
    SLICE_X149Y341       LUT6 (Prop_lut6_I3_O)        0.124    16.806 f  u_wstore/cfg_rdata[46]_INST_0_i_14/O
                         net (fo=1, routed)           0.000    16.806    u_wstore/cfg_rdata[46]_INST_0_i_14_n_0
    SLICE_X149Y341                                                    f  u_wstore/cfg_rdata[46]_INST_0_i_5/I0
    SLICE_X149Y341       MUXF7 (Prop_muxf7_I0_O)      0.107    16.913 f  u_wstore/cfg_rdata[46]_INST_0_i_5/O
                         net (fo=2, routed)           2.335    19.248    u_wstore/cfg_rdata[46]_INST_0_i_5_n_0
    SLICE_X35Y350                                                     f  u_wstore/row_q[17][47]_i_10/I3
    SLICE_X35Y350        LUT6 (Prop_lut6_I3_O)        0.124    19.372 f  u_wstore/row_q[17][47]_i_10/O
                         net (fo=2, routed)           2.522    21.894    u_wstore/w_q[46]
    SLICE_X35Y439                                                     f  u_wstore/row_q[17][47]_i_2/I0
    SLICE_X35Y439        LUT3 (Prop_lut3_I0_O)        0.052    21.946 r  u_wstore/row_q[17][47]_i_2/O
                         net (fo=2, routed)           2.507    24.453    u_wstore/row_q[17][47]_i_2_n_0
    SLICE_X35Y439                                                     r  u_wstore/row_q_reg[17][47]_i_1/DI[3]
    SLICE_X35Y439        CARRY4 (Prop_carry4_DI[3]_CO[3])
                                                      0.279    24.732 r  u_wstore/row_q_reg[17][47]_i_1/CO[3]
                         net (fo=1, routed)           0.000    24.732    u_wstore/row_q_reg[17][47]_i_1_n_0
    SLICE_X35Y440                                                     r  u_wstore/row_q_reg[17][51]_i_1/CI
    SLICE_X35Y440        CARRY4 (Prop_carry4_CI_O[0])
                                                      0.117    24.849 r  u_wstore/row_q_reg[17][51]_i_1/O[0]
                         net (fo=18, routed)          2.445    27.294    u_wstore/row_new[48]
    SLICE_X25Y443        FDRE                                         r  u_wstore/row_q_reg[12][48]/D
  -------------------------------------------------------------------    -------------------

                         (clock core_clk rise edge)
                                                     25.000    25.000 r  
                                                      0.000    25.000 r  clk (IN)
                         net (fo=0)                   0.510    25.510    __ooc_clk_input
    BUFGCTRL_X0Y0                                                     r  __ooc_internal_bufg/I
    BUFGCTRL_X0Y0        BUFG (Prop_bufg_I_O)         0.083    25.593 r  __ooc_internal_bufg/O
                         net (fo=66536, routed)       1.692    27.285    u_wstore/clk
    SLICE_X25Y443        FDRE                                         r  u_wstore/row_q_reg[12][48]/C
                         clock pessimism              0.037    27.322    
                         clock uncertainty           -0.085    27.237    
    SLICE_X25Y443        FDRE (Setup_fdre_C_D)       -0.112    27.125    u_wstore/row_q_reg[12][48]
  -------------------------------------------------------------------
                         required time                         27.125    
                         arrival time                         -27.294    
  -------------------------------------------------------------------
                         slack                                 -0.169    

Slack (VIOLATED) :        -0.169ns  (required time - arrival time)
  Source:                 cur_slice_reg[3]/C
                            (rising edge-triggered cell FDRE clocked by core_clk  {rise@0.000ns fall@12.500ns period=25.000ns})
  Destination:            u_wstore/row_q_reg[1][51]/D
                            (rising edge-triggered cell FDRE clocked by core_clk  {rise@0.000ns fall@12.500ns period=25.000ns})
  Path Group:             core_clk
  Path Type:              Setup (Max at Slow Process Corner)
  Requirement:            25.000ns  (core_clk rise@25.000ns - core_clk rise@0.000ns)
  Data Path Delay:        25.140ns  (logic 1.603ns (6.376%)  route 23.537ns (93.624%))
  Logic Levels:           12  (CARRY4=2 LUT2=1 LUT3=2 LUT5=1 LUT6=3 MUXF7=2 MUXF8=1)
  Clock Path Skew:        0.134ns (DCD - SCD + CPR)
    Destination Clock Delay (DCD):    2.230ns = ( 27.230 - 25.000 ) 
    Source Clock Delay      (SCD):    2.133ns
    Clock Pessimism Removal (CPR):    0.037ns
  Clock Uncertainty:      0.085ns  ((TSJ^2 + TIJ^2)^1/2 + DJ) / 2 + PE + UU
    Total System Jitter     (TSJ):    0.071ns
    Total Input Jitter      (TIJ):    0.000ns
    Discrete Jitter          (DJ):    0.000ns
    Phase Error              (PE):    0.000ns
    User Uncertainty         (UU):    0.050ns

    Location             Delay type                Incr(ns)  Path(ns)    Netlist Resource(s)
  -------------------------------------------------------------------    -------------------
                         (clock core_clk rise edge)
                                                      0.000     0.000 r  
                                                      0.000     0.000 r  clk (IN)
                         net (fo=0)                   0.537     0.537    __ooc_clk_input
    BUFGCTRL_X0Y0                                                     r  __ooc_internal_bufg/I
    BUFGCTRL_X0Y0        BUFG (Prop_bufg_I_O)         0.093     0.630 r  __ooc_internal_bufg/O
                         net (fo=66536, routed)       1.503     2.133    clk
    SLICE_X56Y193        FDRE                                         r  cur_slice_reg[3]/C
  -------------------------------------------------------------------    -------------------
    SLICE_X56Y193        FDRE (Prop_fdre_C_Q)         0.259     2.392 f  cur_slice_reg[3]/Q
                         net (fo=53, routed)          4.080     6.472    u_wstore/w_q_reg[3][68][46]_1[1]
    SLICE_X190Y166                                                    f  u_wstore/cfg_rdata[46]_INST_0_i_375/I1
    SLICE_X190Y166       LUT6 (Prop_lut6_I1_O)        0.043     6.515 r  u_wstore/cfg_rdata[46]_INST_0_i_375/O
                         net (fo=123, routed)         3.163     9.678    u_wstore/cfg_rdata[46]_INST_0_i_375_n_0
    SLICE_X188Y346                                                    r  u_wstore/cfg_rdata[46]_INST_0_i_379/I0
    SLICE_X188Y346       LUT2 (Prop_lut2_I0_O)        0.043     9.721 r  u_wstore/cfg_rdata[46]_INST_0_i_379/O
                         net (fo=63, routed)          1.729    11.450    u_wstore/cfg_rdata[46]_INST_0_i_379_n_0
    SLICE_X183Y277                                                    r  u_wstore/cfg_rdata[46]_INST_0_i_401/S
    SLICE_X183Y277       MUXF8 (Prop_muxf8_S_O)       0.141    11.591 f  u_wstore/cfg_rdata[46]_INST_0_i_401/O
                         net (fo=1, routed)           1.612    13.204    u_wstore/cfg_rdata[46]_INST_0_i_401_n_0
    SLICE_X151Y278                                                    f  u_wstore/cfg_rdata[46]_INST_0_i_201/I4
    SLICE_X151Y278       LUT5 (Prop_lut5_I4_O)        0.126    13.330 f  u_wstore/cfg_rdata[46]_INST_0_i_201/O
                         net (fo=1, routed)           1.368    14.697    u_wstore/cfg_rdata[46]_INST_0_i_201_n_0
    SLICE_X175Y288                                                    f  u_wstore/cfg_rdata[46]_INST_0_i_83/I0
    SLICE_X175Y288       LUT3 (Prop_lut3_I0_O)        0.043    14.740 f  u_wstore/cfg_rdata[46]_INST_0_i_83/O
                         net (fo=1, routed)           0.000    14.740    u_wstore/cfg_rdata[46]_INST_0_i_83_n_0
    SLICE_X175Y288                                                    f  u_wstore/cfg_rdata[46]_INST_0_i_35/I0
    SLICE_X175Y288       MUXF7 (Prop_muxf7_I0_O)      0.107    14.847 f  u_wstore/cfg_rdata[46]_INST_0_i_35/O
                         net (fo=1, routed)           1.835    16.682    u_wstore/cfg_rdata[46]_INST_0_i_35_n_0
    SLICE_X149Y341                                                    f  u_wstore/cfg_rdata[46]_INST_0_i_14/I3
    SLICE_X149Y341       LUT6 (Prop_lut6_I3_O)        0.124    16.806 f  u_wstore/cfg_rdata[46]_INST_0_i_14/O
                         net (fo=1, routed)           0.000    16.806    u_wstore/cfg_rdata[46]_INST_0_i_14_n_0
    SLICE_X149Y341                                                    f  u_wstore/cfg_rdata[46]_INST_0_i_5/I0
    SLICE_X149Y341       MUXF7 (Prop_muxf7_I0_O)      0.107    16.913 f  u_wstore/cfg_rdata[46]_INST_0_i_5/O
                         net (fo=2, routed)           2.335    19.248    u_wstore/cfg_rdata[46]_INST_0_i_5_n_0
    SLICE_X35Y350                                                     f  u_wstore/row_q[17][47]_i_10/I3
    SLICE_X35Y350        LUT6 (Prop_lut6_I3_O)        0.124    19.372 f  u_wstore/row_q[17][47]_i_10/O
                         net (fo=2, routed)           2.522    21.894    u_wstore/w_q[46]
    SLICE_X35Y439                                                     f  u_wstore/row_q[17][47]_i_2/I0
    SLICE_X35Y439        LUT3 (Prop_lut3_I0_O)        0.052    21.946 r  u_wstore/row_q[17][47]_i_2/O
                         net (fo=2, routed)           2.507    24.453    u_wstore/row_q[17][47]_i_2_n_0
    SLICE_X35Y439                                                     r  u_wstore/row_q_reg[17][47]_i_1/DI[3]
    SLICE_X35Y439        CARRY4 (Prop_carry4_DI[3]_CO[3])
                                                      0.279    24.732 r  u_wstore/row_q_reg[17][47]_i_1/CO[3]
                         net (fo=1, routed)           0.000    24.732    u_wstore/row_q_reg[17][47]_i_1_n_0
    SLICE_X35Y440                                                     r  u_wstore/row_q_reg[17][51]_i_1/CI
    SLICE_X35Y440        CARRY4 (Prop_carry4_CI_O[3])
                                                      0.155    24.887 r  u_wstore/row_q_reg[17][51]_i_1/O[3]
                         net (fo=18, routed)          2.387    27.273    u_wstore/row_new[51]
    SLICE_X32Y443        FDRE                                         r  u_wstore/row_q_reg[1][51]/D
  -------------------------------------------------------------------    -------------------

                         (clock core_clk rise edge)
                                                     25.000    25.000 r  
                                                      0.000    25.000 r  clk (IN)
                         net (fo=0)                   0.510    25.510    __ooc_clk_input
    BUFGCTRL_X0Y0                                                     r  __ooc_internal_bufg/I
    BUFGCTRL_X0Y0        BUFG (Prop_bufg_I_O)         0.083    25.593 r  __ooc_internal_bufg/O
                         net (fo=66536, routed)       1.637    27.230    u_wstore/clk
    SLICE_X32Y443        FDRE                                         r  u_wstore/row_q_reg[1][51]/C
                         clock pessimism              0.037    27.267    
                         clock uncertainty           -0.085    27.182    
    SLICE_X32Y443        FDRE (Setup_fdre_C_D)       -0.077    27.105    u_wstore/row_q_reg[1][51]
  -------------------------------------------------------------------
                         required time                         27.105    
                         arrival time                         -27.273    
  -------------------------------------------------------------------
                         slack                                 -0.169    

Slack (VIOLATED) :        -0.168ns  (required time - arrival time)
  Source:                 cur_slice_reg[3]/C
                            (rising edge-triggered cell FDRE clocked by core_clk  {rise@0.000ns fall@12.500ns period=25.000ns})
  Destination:            u_wstore/row_q_reg[12][51]/D
                            (rising edge-triggered cell FDRE clocked by core_clk  {rise@0.000ns fall@12.500ns period=25.000ns})
  Path Group:             core_clk
  Path Type:              Setup (Max at Slow Process Corner)
  Requirement:            25.000ns  (core_clk rise@25.000ns - core_clk rise@0.000ns)
  Data Path Delay:        25.120ns  (logic 1.603ns (6.381%)  route 23.517ns (93.619%))
  Logic Levels:           12  (CARRY4=2 LUT2=1 LUT3=2 LUT5=1 LUT6=3 MUXF7=2 MUXF8=1)
  Clock Path Skew:        0.133ns (DCD - SCD + CPR)
    Destination Clock Delay (DCD):    2.229ns = ( 27.229 - 25.000 ) 
    Source Clock Delay      (SCD):    2.133ns
    Clock Pessimism Removal (CPR):    0.037ns
  Clock Uncertainty:      0.085ns  ((TSJ^2 + TIJ^2)^1/2 + DJ) / 2 + PE + UU
    Total System Jitter     (TSJ):    0.071ns
    Total Input Jitter      (TIJ):    0.000ns
    Discrete Jitter          (DJ):    0.000ns
    Phase Error              (PE):    0.000ns
    User Uncertainty         (UU):    0.050ns

    Location             Delay type                Incr(ns)  Path(ns)    Netlist Resource(s)
  -------------------------------------------------------------------    -------------------
                         (clock core_clk rise edge)
                                                      0.000     0.000 r  
                                                      0.000     0.000 r  clk (IN)
                         net (fo=0)                   0.537     0.537    __ooc_clk_input
    BUFGCTRL_X0Y0                                                     r  __ooc_internal_bufg/I
    BUFGCTRL_X0Y0        BUFG (Prop_bufg_I_O)         0.093     0.630 r  __ooc_internal_bufg/O
                         net (fo=66536, routed)       1.503     2.133    clk
    SLICE_X56Y193        FDRE                                         r  cur_slice_reg[3]/C
  -------------------------------------------------------------------    -------------------
    SLICE_X56Y193        FDRE (Prop_fdre_C_Q)         0.259     2.392 f  cur_slice_reg[3]/Q
                         net (fo=53, routed)          4.080     6.472    u_wstore/w_q_reg[3][68][46]_1[1]
    SLICE_X190Y166                                                    f  u_wstore/cfg_rdata[46]_INST_0_i_375/I1
    SLICE_X190Y166       LUT6 (Prop_lut6_I1_O)        0.043     6.515 r  u_wstore/cfg_rdata[46]_INST_0_i_375/O
                         net (fo=123, routed)         3.163     9.678    u_wstore/cfg_rdata[46]_INST_0_i_375_n_0
    SLICE_X188Y346                                                    r  u_wstore/cfg_rdata[46]_INST_0_i_379/I0
    SLICE_X188Y346       LUT2 (Prop_lut2_I0_O)        0.043     9.721 r  u_wstore/cfg_rdata[46]_INST_0_i_379/O
                         net (fo=63, routed)          1.729    11.450    u_wstore/cfg_rdata[46]_INST_0_i_379_n_0
    SLICE_X183Y277                                                    r  u_wstore/cfg_rdata[46]_INST_0_i_401/S
    SLICE_X183Y277       MUXF8 (Prop_muxf8_S_O)       0.141    11.591 f  u_wstore/cfg_rdata[46]_INST_0_i_401/O
                         net (fo=1, routed)           1.612    13.204    u_wstore/cfg_rdata[46]_INST_0_i_401_n_0
    SLICE_X151Y278                                                    f  u_wstore/cfg_rdata[46]_INST_0_i_201/I4
    SLICE_X151Y278       LUT5 (Prop_lut5_I4_O)        0.126    13.330 f  u_wstore/cfg_rdata[46]_INST_0_i_201/O
                         net (fo=1, routed)           1.368    14.697    u_wstore/cfg_rdata[46]_INST_0_i_201_n_0
    SLICE_X175Y288                                                    f  u_wstore/cfg_rdata[46]_INST_0_i_83/I0
    SLICE_X175Y288       LUT3 (Prop_lut3_I0_O)        0.043    14.740 f  u_wstore/cfg_rdata[46]_INST_0_i_83/O
                         net (fo=1, routed)           0.000    14.740    u_wstore/cfg_rdata[46]_INST_0_i_83_n_0
    SLICE_X175Y288                                                    f  u_wstore/cfg_rdata[46]_INST_0_i_35/I0
    SLICE_X175Y288       MUXF7 (Prop_muxf7_I0_O)      0.107    14.847 f  u_wstore/cfg_rdata[46]_INST_0_i_35/O
                         net (fo=1, routed)           1.835    16.682    u_wstore/cfg_rdata[46]_INST_0_i_35_n_0
    SLICE_X149Y341                                                    f  u_wstore/cfg_rdata[46]_INST_0_i_14/I3
    SLICE_X149Y341       LUT6 (Prop_lut6_I3_O)        0.124    16.806 f  u_wstore/cfg_rdata[46]_INST_0_i_14/O
                         net (fo=1, routed)           0.000    16.806    u_wstore/cfg_rdata[46]_INST_0_i_14_n_0
    SLICE_X149Y341                                                    f  u_wstore/cfg_rdata[46]_INST_0_i_5/I0
    SLICE_X149Y341       MUXF7 (Prop_muxf7_I0_O)      0.107    16.913 f  u_wstore/cfg_rdata[46]_INST_0_i_5/O
                         net (fo=2, routed)           2.335    19.248    u_wstore/cfg_rdata[46]_INST_0_i_5_n_0
    SLICE_X35Y350                                                     f  u_wstore/row_q[17][47]_i_10/I3
    SLICE_X35Y350        LUT6 (Prop_lut6_I3_O)        0.124    19.372 f  u_wstore/row_q[17][47]_i_10/O
                         net (fo=2, routed)           2.522    21.894    u_wstore/w_q[46]
    SLICE_X35Y439                                                     f  u_wstore/row_q[17][47]_i_2/I0
    SLICE_X35Y439        LUT3 (Prop_lut3_I0_O)        0.052    21.946 r  u_wstore/row_q[17][47]_i_2/O
                         net (fo=2, routed)           2.507    24.453    u_wstore/row_q[17][47]_i_2_n_0
    SLICE_X35Y439                                                     r  u_wstore/row_q_reg[17][47]_i_1/DI[3]
    SLICE_X35Y439        CARRY4 (Prop_carry4_DI[3]_CO[3])
                                                      0.279    24.732 r  u_wstore/row_q_reg[17][47]_i_1/CO[3]
                         net (fo=1, routed)           0.000    24.732    u_wstore/row_q_reg[17][47]_i_1_n_0
    SLICE_X35Y440                                                     r  u_wstore/row_q_reg[17][51]_i_1/CI
    SLICE_X35Y440        CARRY4 (Prop_carry4_CI_O[3])
                                                      0.155    24.887 r  u_wstore/row_q_reg[17][51]_i_1/O[3]
                         net (fo=18, routed)          2.366    27.253    u_wstore/row_new[51]
    SLICE_X31Y440        FDRE                                         r  u_wstore/row_q_reg[12][51]/D
  -------------------------------------------------------------------    -------------------

                         (clock core_clk rise edge)
                                                     25.000    25.000 r  
                                                      0.000    25.000 r  clk (IN)
                         net (fo=0)                   0.510    25.510    __ooc_clk_input
    BUFGCTRL_X0Y0                                                     r  __ooc_internal_bufg/I
    BUFGCTRL_X0Y0        BUFG (Prop_bufg_I_O)         0.083    25.593 r  __ooc_internal_bufg/O
                         net (fo=66536, routed)       1.636    27.229    u_wstore/clk
    SLICE_X31Y440        FDRE                                         r  u_wstore/row_q_reg[12][51]/C
                         clock pessimism              0.037    27.266    
                         clock uncertainty           -0.085    27.181    
    SLICE_X31Y440        FDRE (Setup_fdre_C_D)       -0.096    27.085    u_wstore/row_q_reg[12][51]
  -------------------------------------------------------------------
                         required time                         27.085    
                         arrival time                         -27.253    
  -------------------------------------------------------------------
                         slack                                 -0.168    

Slack (VIOLATED) :        -0.166ns  (required time - arrival time)
  Source:                 cur_slice_reg[3]/C
                            (rising edge-triggered cell FDRE clocked by core_clk  {rise@0.000ns fall@12.500ns period=25.000ns})
  Destination:            u_wstore/row_q_reg[4][48]/D
                            (rising edge-triggered cell FDRE clocked by core_clk  {rise@0.000ns fall@12.500ns period=25.000ns})
  Path Group:             core_clk
  Path Type:              Setup (Max at Slow Process Corner)
  Requirement:            25.000ns  (core_clk rise@25.000ns - core_clk rise@0.000ns)
  Data Path Delay:        25.187ns  (logic 1.565ns (6.214%)  route 23.622ns (93.786%))
  Logic Levels:           12  (CARRY4=2 LUT2=1 LUT3=2 LUT5=1 LUT6=3 MUXF7=2 MUXF8=1)
  Clock Path Skew:        0.189ns (DCD - SCD + CPR)
    Destination Clock Delay (DCD):    2.285ns = ( 27.285 - 25.000 ) 
    Source Clock Delay      (SCD):    2.133ns
    Clock Pessimism Removal (CPR):    0.037ns
  Clock Uncertainty:      0.085ns  ((TSJ^2 + TIJ^2)^1/2 + DJ) / 2 + PE + UU
    Total System Jitter     (TSJ):    0.071ns
    Total Input Jitter      (TIJ):    0.000ns
    Discrete Jitter          (DJ):    0.000ns
    Phase Error              (PE):    0.000ns
    User Uncertainty         (UU):    0.050ns

    Location             Delay type                Incr(ns)  Path(ns)    Netlist Resource(s)
  -------------------------------------------------------------------    -------------------
                         (clock core_clk rise edge)
                                                      0.000     0.000 r  
                                                      0.000     0.000 r  clk (IN)
                         net (fo=0)                   0.537     0.537    __ooc_clk_input
    BUFGCTRL_X0Y0                                                     r  __ooc_internal_bufg/I
    BUFGCTRL_X0Y0        BUFG (Prop_bufg_I_O)         0.093     0.630 r  __ooc_internal_bufg/O
                         net (fo=66536, routed)       1.503     2.133    clk
    SLICE_X56Y193        FDRE                                         r  cur_slice_reg[3]/C
  -------------------------------------------------------------------    -------------------
    SLICE_X56Y193        FDRE (Prop_fdre_C_Q)         0.259     2.392 f  cur_slice_reg[3]/Q
                         net (fo=53, routed)          4.080     6.472    u_wstore/w_q_reg[3][68][46]_1[1]
    SLICE_X190Y166                                                    f  u_wstore/cfg_rdata[46]_INST_0_i_375/I1
    SLICE_X190Y166       LUT6 (Prop_lut6_I1_O)        0.043     6.515 r  u_wstore/cfg_rdata[46]_INST_0_i_375/O
                         net (fo=123, routed)         3.163     9.678    u_wstore/cfg_rdata[46]_INST_0_i_375_n_0
    SLICE_X188Y346                                                    r  u_wstore/cfg_rdata[46]_INST_0_i_379/I0
    SLICE_X188Y346       LUT2 (Prop_lut2_I0_O)        0.043     9.721 r  u_wstore/cfg_rdata[46]_INST_0_i_379/O
                         net (fo=63, routed)          1.729    11.450    u_wstore/cfg_rdata[46]_INST_0_i_379_n_0
    SLICE_X183Y277                                                    r  u_wstore/cfg_rdata[46]_INST_0_i_401/S
    SLICE_X183Y277       MUXF8 (Prop_muxf8_S_O)       0.141    11.591 f  u_wstore/cfg_rdata[46]_INST_0_i_401/O
                         net (fo=1, routed)           1.612    13.204    u_wstore/cfg_rdata[46]_INST_0_i_401_n_0
    SLICE_X151Y278                                                    f  u_wstore/cfg_rdata[46]_INST_0_i_201/I4
    SLICE_X151Y278       LUT5 (Prop_lut5_I4_O)        0.126    13.330 f  u_wstore/cfg_rdata[46]_INST_0_i_201/O
                         net (fo=1, routed)           1.368    14.697    u_wstore/cfg_rdata[46]_INST_0_i_201_n_0
    SLICE_X175Y288                                                    f  u_wstore/cfg_rdata[46]_INST_0_i_83/I0
    SLICE_X175Y288       LUT3 (Prop_lut3_I0_O)        0.043    14.740 f  u_wstore/cfg_rdata[46]_INST_0_i_83/O
                         net (fo=1, routed)           0.000    14.740    u_wstore/cfg_rdata[46]_INST_0_i_83_n_0
    SLICE_X175Y288                                                    f  u_wstore/cfg_rdata[46]_INST_0_i_35/I0
    SLICE_X175Y288       MUXF7 (Prop_muxf7_I0_O)      0.107    14.847 f  u_wstore/cfg_rdata[46]_INST_0_i_35/O
                         net (fo=1, routed)           1.835    16.682    u_wstore/cfg_rdata[46]_INST_0_i_35_n_0
    SLICE_X149Y341                                                    f  u_wstore/cfg_rdata[46]_INST_0_i_14/I3
    SLICE_X149Y341       LUT6 (Prop_lut6_I3_O)        0.124    16.806 f  u_wstore/cfg_rdata[46]_INST_0_i_14/O
                         net (fo=1, routed)           0.000    16.806    u_wstore/cfg_rdata[46]_INST_0_i_14_n_0
    SLICE_X149Y341                                                    f  u_wstore/cfg_rdata[46]_INST_0_i_5/I0
    SLICE_X149Y341       MUXF7 (Prop_muxf7_I0_O)      0.107    16.913 f  u_wstore/cfg_rdata[46]_INST_0_i_5/O
                         net (fo=2, routed)           2.335    19.248    u_wstore/cfg_rdata[46]_INST_0_i_5_n_0
    SLICE_X35Y350                                                     f  u_wstore/row_q[17][47]_i_10/I3
    SLICE_X35Y350        LUT6 (Prop_lut6_I3_O)        0.124    19.372 f  u_wstore/row_q[17][47]_i_10/O
                         net (fo=2, routed)           2.522    21.894    u_wstore/w_q[46]
    SLICE_X35Y439                                                     f  u_wstore/row_q[17][47]_i_2/I0
    SLICE_X35Y439        LUT3 (Prop_lut3_I0_O)        0.052    21.946 r  u_wstore/row_q[17][47]_i_2/O
                         net (fo=2, routed)           2.507    24.453    u_wstore/row_q[17][47]_i_2_n_0
    SLICE_X35Y439                                                     r  u_wstore/row_q_reg[17][47]_i_1/DI[3]
    SLICE_X35Y439        CARRY4 (Prop_carry4_DI[3]_CO[3])
                                                      0.279    24.732 r  u_wstore/row_q_reg[17][47]_i_1/CO[3]
                         net (fo=1, routed)           0.000    24.732    u_wstore/row_q_reg[17][47]_i_1_n_0
    SLICE_X35Y440                                                     r  u_wstore/row_q_reg[17][51]_i_1/CI
    SLICE_X35Y440        CARRY4 (Prop_carry4_CI_O[0])
                                                      0.117    24.849 r  u_wstore/row_q_reg[17][51]_i_1/O[0]
                         net (fo=18, routed)          2.471    27.320    u_wstore/row_new[48]
    SLICE_X26Y443        FDRE                                         r  u_wstore/row_q_reg[4][48]/D
  -------------------------------------------------------------------    -------------------

                         (clock core_clk rise edge)
                                                     25.000    25.000 r  
                                                      0.000    25.000 r  clk (IN)
                         net (fo=0)                   0.510    25.510    __ooc_clk_input
    BUFGCTRL_X0Y0                                                     r  __ooc_internal_bufg/I
    BUFGCTRL_X0Y0        BUFG (Prop_bufg_I_O)         0.083    25.593 r  __ooc_internal_bufg/O
                         net (fo=66536, routed)       1.692    27.285    u_wstore/clk
    SLICE_X26Y443        FDRE                                         r  u_wstore/row_q_reg[4][48]/C
                         clock pessimism              0.037    27.322    
                         clock uncertainty           -0.085    27.237    
    SLICE_X26Y443        FDRE (Setup_fdre_C_D)       -0.083    27.154    u_wstore/row_q_reg[4][48]
  -------------------------------------------------------------------
                         required time                         27.154    
                         arrival time                         -27.320    
  -------------------------------------------------------------------
                         slack                                 -0.166    

Slack (VIOLATED) :        -0.166ns  (required time - arrival time)
  Source:                 cur_slice_reg[1]_rep__3/C
                            (rising edge-triggered cell FDRE clocked by core_clk  {rise@0.000ns fall@12.500ns period=25.000ns})
  Destination:            u_wstore/row_q_reg[14][47]/D
                            (rising edge-triggered cell FDRE clocked by core_clk  {rise@0.000ns fall@12.500ns period=25.000ns})
  Path Group:             core_clk
  Path Type:              Setup (Max at Slow Process Corner)
  Requirement:            25.000ns  (core_clk rise@25.000ns - core_clk rise@0.000ns)
  Data Path Delay:        25.109ns  (logic 1.877ns (7.476%)  route 23.232ns (92.524%))
  Logic Levels:           18  (CARRY4=7 LUT3=2 LUT4=2 LUT6=4 MUXF7=3)
  Clock Path Skew:        0.124ns (DCD - SCD + CPR)
    Destination Clock Delay (DCD):    2.287ns = ( 27.287 - 25.000 ) 
    Source Clock Delay      (SCD):    2.200ns
    Clock Pessimism Removal (CPR):    0.037ns
  Clock Uncertainty:      0.085ns  ((TSJ^2 + TIJ^2)^1/2 + DJ) / 2 + PE + UU
    Total System Jitter     (TSJ):    0.071ns
    Total Input Jitter      (TIJ):    0.000ns
    Discrete Jitter          (DJ):    0.000ns
    Phase Error              (PE):    0.000ns
    User Uncertainty         (UU):    0.050ns

    Location             Delay type                Incr(ns)  Path(ns)    Netlist Resource(s)
  -------------------------------------------------------------------    -------------------
                         (clock core_clk rise edge)
                                                      0.000     0.000 r  
                                                      0.000     0.000 r  clk (IN)
                         net (fo=0)                   0.537     0.537    __ooc_clk_input
    BUFGCTRL_X0Y0                                                     r  __ooc_internal_bufg/I
    BUFGCTRL_X0Y0        BUFG (Prop_bufg_I_O)         0.093     0.630 r  __ooc_internal_bufg/O
                         net (fo=66536, routed)       1.570     2.200    clk
    SLICE_X42Y192        FDRE                                         r  cur_slice_reg[1]_rep__3/C
  -------------------------------------------------------------------    -------------------
    SLICE_X42Y192        FDRE (Prop_fdre_C_Q)         0.259     2.459 r  cur_slice_reg[1]_rep__3/Q
                         net (fo=139, routed)         5.129     7.588    u_wstore/cfg_rdata[40]_INST_0_i_522_0
    SLICE_X206Y258                                                    r  u_wstore/cfg_rdata[46]_INST_0_i_663/I3
    SLICE_X206Y258       LUT4 (Prop_lut4_I3_O)        0.043     7.631 r  u_wstore/cfg_rdata[46]_INST_0_i_663/O
                         net (fo=969, routed)         5.398    13.029    u_wstore/cfg_rdata[46]_INST_0_i_663_n_0
    SLICE_X102Y360                                                    r  u_wstore/cfg_rdata[21]_INST_0_i_601/I2
    SLICE_X102Y360       LUT6 (Prop_lut6_I2_O)        0.043    13.072 f  u_wstore/cfg_rdata[21]_INST_0_i_601/O
                         net (fo=1, routed)           0.000    13.072    u_wstore/cfg_rdata[21]_INST_0_i_601_n_0
    SLICE_X102Y360                                                    f  u_wstore/cfg_rdata[21]_INST_0_i_415/I1
    SLICE_X102Y360       MUXF7 (Prop_muxf7_I1_O)      0.103    13.175 f  u_wstore/cfg_rdata[21]_INST_0_i_415/O
                         net (fo=1, routed)           0.686    13.861    u_wstore/cfg_rdata[21]_INST_0_i_415_n_0
    SLICE_X118Y352                                                    f  u_wstore/cfg_rdata[21]_INST_0_i_209/I5
    SLICE_X118Y352       LUT6 (Prop_lut6_I5_O)        0.123    13.984 f  u_wstore/cfg_rdata[21]_INST_0_i_209/O
                         net (fo=1, routed)           0.395    14.379    u_wstore/cfg_rdata[21]_INST_0_i_209_n_0
    SLICE_X119Y350                                                    f  u_wstore/cfg_rdata[21]_INST_0_i_77/I0
    SLICE_X119Y350       LUT3 (Prop_lut3_I0_O)        0.043    14.422 f  u_wstore/cfg_rdata[21]_INST_0_i_77/O
                         net (fo=1, routed)           0.000    14.422    u_wstore/cfg_rdata[21]_INST_0_i_77_n_0
    SLICE_X119Y350                                                    f  u_wstore/cfg_rdata[21]_INST_0_i_28/I0
    SLICE_X119Y350       MUXF7 (Prop_muxf7_I0_O)      0.107    14.529 f  u_wstore/cfg_rdata[21]_INST_0_i_28/O
                         net (fo=1, routed)           1.552    16.081    u_wstore/cfg_rdata[21]_INST_0_i_28_n_0
    SLICE_X147Y316                                                    f  u_wstore/cfg_rdata[21]_INST_0_i_9/I3
    SLICE_X147Y316       LUT6 (Prop_lut6_I3_O)        0.124    16.205 f  u_wstore/cfg_rdata[21]_INST_0_i_9/O
                         net (fo=1, routed)           0.000    16.205    u_wstore/cfg_rdata[21]_INST_0_i_9_n_0
    SLICE_X147Y316                                                    f  u_wstore/cfg_rdata[21]_INST_0_i_4/I1
    SLICE_X147Y316       MUXF7 (Prop_muxf7_I1_O)      0.108    16.313 f  u_wstore/cfg_rdata[21]_INST_0_i_4/O
                         net (fo=2, routed)           3.031    19.344    u_wstore/cfg_rdata[21]_INST_0_i_4_n_0
    SLICE_X34Y349                                                     f  u_wstore/row_q[17][23]_i_12/I3
    SLICE_X34Y349        LUT6 (Prop_lut6_I3_O)        0.124    19.468 f  u_wstore/row_q[17][23]_i_12/O
                         net (fo=2, routed)           2.251    21.719    u_wstore/w_q[21]
    SLICE_X35Y433                                                     f  u_wstore/row_q[17][23]_i_3/I0
    SLICE_X35Y433        LUT3 (Prop_lut3_I0_O)        0.054    21.773 r  u_wstore/row_q[17][23]_i_3/O
                         net (fo=2, routed)           2.243    24.016    u_wstore/row_q[17][23]_i_3_n_0
    SLICE_X35Y433                                                     r  u_wstore/row_q[17][23]_i_7/I3
    SLICE_X35Y433        LUT4 (Prop_lut4_I3_O)        0.137    24.153 r  u_wstore/row_q[17][23]_i_7/O
                         net (fo=1, routed)           0.000    24.153    u_wstore/row_q[17][23]_i_7_n_0
    SLICE_X35Y433                                                     r  u_wstore/row_q_reg[17][23]_i_1/S[2]
    SLICE_X35Y433        CARRY4 (Prop_carry4_S[2]_CO[3])
                                                      0.195    24.348 r  u_wstore/row_q_reg[17][23]_i_1/CO[3]
                         net (fo=1, routed)           0.000    24.348    u_wstore/row_q_reg[17][23]_i_1_n_0
    SLICE_X35Y434                                                     r  u_wstore/row_q_reg[17][27]_i_1/CI
    SLICE_X35Y434        CARRY4 (Prop_carry4_CI_CO[3])
                                                      0.053    24.401 r  u_wstore/row_q_reg[17][27]_i_1/CO[3]
                         net (fo=1, routed)           0.000    24.401    u_wstore/row_q_reg[17][27]_i_1_n_0
    SLICE_X35Y435                                                     r  u_wstore/row_q_reg[17][31]_i_1/CI
    SLICE_X35Y435        CARRY4 (Prop_carry4_CI_CO[3])
                                                      0.053    24.454 r  u_wstore/row_q_reg[17][31]_i_1/CO[3]
                         net (fo=1, routed)           0.000    24.454    u_wstore/row_q_reg[17][31]_i_1_n_0
    SLICE_X35Y436                                                     r  u_wstore/row_q_reg[17][35]_i_1/CI
    SLICE_X35Y436        CARRY4 (Prop_carry4_CI_CO[3])
                                                      0.053    24.507 r  u_wstore/row_q_reg[17][35]_i_1/CO[3]
                         net (fo=1, routed)           0.000    24.507    u_wstore/row_q_reg[17][35]_i_1_n_0
    SLICE_X35Y437                                                     r  u_wstore/row_q_reg[17][39]_i_1/CI
    SLICE_X35Y437        CARRY4 (Prop_carry4_CI_CO[3])
                                                      0.053    24.560 r  u_wstore/row_q_reg[17][39]_i_1/CO[3]
                         net (fo=1, routed)           0.000    24.560    u_wstore/row_q_reg[17][39]_i_1_n_0
    SLICE_X35Y438                                                     r  u_wstore/row_q_reg[17][43]_i_1/CI
    SLICE_X35Y438        CARRY4 (Prop_carry4_CI_CO[3])
                                                      0.053    24.613 r  u_wstore/row_q_reg[17][43]_i_1/CO[3]
                         net (fo=1, routed)           0.000    24.613    u_wstore/row_q_reg[17][43]_i_1_n_0
    SLICE_X35Y439                                                     r  u_wstore/row_q_reg[17][47]_i_1/CI
    SLICE_X35Y439        CARRY4 (Prop_carry4_CI_O[3])
                                                      0.149    24.762 r  u_wstore/row_q_reg[17][47]_i_1/O[3]
                         net (fo=18, routed)          2.547    27.309    u_wstore/row_new[47]
    SLICE_X20Y443        FDRE                                         r  u_wstore/row_q_reg[14][47]/D
  -------------------------------------------------------------------    -------------------

                         (clock core_clk rise edge)
                                                     25.000    25.000 r  
                                                      0.000    25.000 r  clk (IN)
                         net (fo=0)                   0.510    25.510    __ooc_clk_input
    BUFGCTRL_X0Y0                                                     r  __ooc_internal_bufg/I
    BUFGCTRL_X0Y0        BUFG (Prop_bufg_I_O)         0.083    25.593 r  __ooc_internal_bufg/O
                         net (fo=66536, routed)       1.694    27.287    u_wstore/clk
    SLICE_X20Y443        FDRE                                         r  u_wstore/row_q_reg[14][47]/C
                         clock pessimism              0.037    27.324    
                         clock uncertainty           -0.085    27.239    
    SLICE_X20Y443        FDRE (Setup_fdre_C_D)       -0.096    27.143    u_wstore/row_q_reg[14][47]
  -------------------------------------------------------------------
                         required time                         27.143    
                         arrival time                         -27.309    
  -------------------------------------------------------------------
                         slack                                 -0.166    

Slack (VIOLATED) :        -0.166ns  (required time - arrival time)
  Source:                 cur_slice_reg[3]/C
                            (rising edge-triggered cell FDRE clocked by core_clk  {rise@0.000ns fall@12.500ns period=25.000ns})
  Destination:            u_wstore/row_q_reg[6][48]/D
                            (rising edge-triggered cell FDRE clocked by core_clk  {rise@0.000ns fall@12.500ns period=25.000ns})
  Path Group:             core_clk
  Path Type:              Setup (Max at Slow Process Corner)
  Requirement:            25.000ns  (core_clk rise@25.000ns - core_clk rise@0.000ns)
  Data Path Delay:        25.182ns  (logic 1.565ns (6.215%)  route 23.617ns (93.785%))
  Logic Levels:           12  (CARRY4=2 LUT2=1 LUT3=2 LUT5=1 LUT6=3 MUXF7=2 MUXF8=1)
  Clock Path Skew:        0.192ns (DCD - SCD + CPR)
    Destination Clock Delay (DCD):    2.288ns = ( 27.288 - 25.000 ) 
    Source Clock Delay      (SCD):    2.133ns
    Clock Pessimism Removal (CPR):    0.037ns
  Clock Uncertainty:      0.085ns  ((TSJ^2 + TIJ^2)^1/2 + DJ) / 2 + PE + UU
    Total System Jitter     (TSJ):    0.071ns
    Total Input Jitter      (TIJ):    0.000ns
    Discrete Jitter          (DJ):    0.000ns
    Phase Error              (PE):    0.000ns
    User Uncertainty         (UU):    0.050ns

    Location             Delay type                Incr(ns)  Path(ns)    Netlist Resource(s)
  -------------------------------------------------------------------    -------------------
                         (clock core_clk rise edge)
                                                      0.000     0.000 r  
                                                      0.000     0.000 r  clk (IN)
                         net (fo=0)                   0.537     0.537    __ooc_clk_input
    BUFGCTRL_X0Y0                                                     r  __ooc_internal_bufg/I
    BUFGCTRL_X0Y0        BUFG (Prop_bufg_I_O)         0.093     0.630 r  __ooc_internal_bufg/O
                         net (fo=66536, routed)       1.503     2.133    clk
    SLICE_X56Y193        FDRE                                         r  cur_slice_reg[3]/C
  -------------------------------------------------------------------    -------------------
    SLICE_X56Y193        FDRE (Prop_fdre_C_Q)         0.259     2.392 f  cur_slice_reg[3]/Q
                         net (fo=53, routed)          4.080     6.472    u_wstore/w_q_reg[3][68][46]_1[1]
    SLICE_X190Y166                                                    f  u_wstore/cfg_rdata[46]_INST_0_i_375/I1
    SLICE_X190Y166       LUT6 (Prop_lut6_I1_O)        0.043     6.515 r  u_wstore/cfg_rdata[46]_INST_0_i_375/O
                         net (fo=123, routed)         3.163     9.678    u_wstore/cfg_rdata[46]_INST_0_i_375_n_0
    SLICE_X188Y346                                                    r  u_wstore/cfg_rdata[46]_INST_0_i_379/I0
    SLICE_X188Y346       LUT2 (Prop_lut2_I0_O)        0.043     9.721 r  u_wstore/cfg_rdata[46]_INST_0_i_379/O
                         net (fo=63, routed)          1.729    11.450    u_wstore/cfg_rdata[46]_INST_0_i_379_n_0
    SLICE_X183Y277                                                    r  u_wstore/cfg_rdata[46]_INST_0_i_401/S
    SLICE_X183Y277       MUXF8 (Prop_muxf8_S_O)       0.141    11.591 f  u_wstore/cfg_rdata[46]_INST_0_i_401/O
                         net (fo=1, routed)           1.612    13.204    u_wstore/cfg_rdata[46]_INST_0_i_401_n_0
    SLICE_X151Y278                                                    f  u_wstore/cfg_rdata[46]_INST_0_i_201/I4
    SLICE_X151Y278       LUT5 (Prop_lut5_I4_O)        0.126    13.330 f  u_wstore/cfg_rdata[46]_INST_0_i_201/O
                         net (fo=1, routed)           1.368    14.697    u_wstore/cfg_rdata[46]_INST_0_i_201_n_0
    SLICE_X175Y288                                                    f  u_wstore/cfg_rdata[46]_INST_0_i_83/I0
    SLICE_X175Y288       LUT3 (Prop_lut3_I0_O)        0.043    14.740 f  u_wstore/cfg_rdata[46]_INST_0_i_83/O
                         net (fo=1, routed)           0.000    14.740    u_wstore/cfg_rdata[46]_INST_0_i_83_n_0
    SLICE_X175Y288                                                    f  u_wstore/cfg_rdata[46]_INST_0_i_35/I0
    SLICE_X175Y288       MUXF7 (Prop_muxf7_I0_O)      0.107    14.847 f  u_wstore/cfg_rdata[46]_INST_0_i_35/O
                         net (fo=1, routed)           1.835    16.682    u_wstore/cfg_rdata[46]_INST_0_i_35_n_0
    SLICE_X149Y341                                                    f  u_wstore/cfg_rdata[46]_INST_0_i_14/I3
    SLICE_X149Y341       LUT6 (Prop_lut6_I3_O)        0.124    16.806 f  u_wstore/cfg_rdata[46]_INST_0_i_14/O
                         net (fo=1, routed)           0.000    16.806    u_wstore/cfg_rdata[46]_INST_0_i_14_n_0
    SLICE_X149Y341                                                    f  u_wstore/cfg_rdata[46]_INST_0_i_5/I0
    SLICE_X149Y341       MUXF7 (Prop_muxf7_I0_O)      0.107    16.913 f  u_wstore/cfg_rdata[46]_INST_0_i_5/O
                         net (fo=2, routed)           2.335    19.248    u_wstore/cfg_rdata[46]_INST_0_i_5_n_0
    SLICE_X35Y350                                                     f  u_wstore/row_q[17][47]_i_10/I3
    SLICE_X35Y350        LUT6 (Prop_lut6_I3_O)        0.124    19.372 f  u_wstore/row_q[17][47]_i_10/O
                         net (fo=2, routed)           2.522    21.894    u_wstore/w_q[46]
    SLICE_X35Y439                                                     f  u_wstore/row_q[17][47]_i_2/I0
    SLICE_X35Y439        LUT3 (Prop_lut3_I0_O)        0.052    21.946 r  u_wstore/row_q[17][47]_i_2/O
                         net (fo=2, routed)           2.507    24.453    u_wstore/row_q[17][47]_i_2_n_0
    SLICE_X35Y439                                                     r  u_wstore/row_q_reg[17][47]_i_1/DI[3]
    SLICE_X35Y439        CARRY4 (Prop_carry4_DI[3]_CO[3])
                                                      0.279    24.732 r  u_wstore/row_q_reg[17][47]_i_1/CO[3]
                         net (fo=1, routed)           0.000    24.732    u_wstore/row_q_reg[17][47]_i_1_n_0
    SLICE_X35Y440                                                     r  u_wstore/row_q_reg[17][51]_i_1/CI
    SLICE_X35Y440        CARRY4 (Prop_carry4_CI_O[0])
                                                      0.117    24.849 r  u_wstore/row_q_reg[17][51]_i_1/O[0]
                         net (fo=18, routed)          2.466    27.315    u_wstore/row_new[48]
    SLICE_X22Y444        FDRE                                         r  u_wstore/row_q_reg[6][48]/D
  -------------------------------------------------------------------    -------------------

                         (clock core_clk rise edge)
                                                     25.000    25.000 r  
                                                      0.000    25.000 r  clk (IN)
                         net (fo=0)                   0.510    25.510    __ooc_clk_input
    BUFGCTRL_X0Y0                                                     r  __ooc_internal_bufg/I
    BUFGCTRL_X0Y0        BUFG (Prop_bufg_I_O)         0.083    25.593 r  __ooc_internal_bufg/O
                         net (fo=66536, routed)       1.695    27.288    u_wstore/clk
    SLICE_X22Y444        FDRE                                         r  u_wstore/row_q_reg[6][48]/C
                         clock pessimism              0.037    27.325    
                         clock uncertainty           -0.085    27.240    
    SLICE_X22Y444        FDRE (Setup_fdre_C_D)       -0.091    27.149    u_wstore/row_q_reg[6][48]
  -------------------------------------------------------------------
                         required time                         27.149    
                         arrival time                         -27.315    
  -------------------------------------------------------------------
                         slack                                 -0.166    

Slack (VIOLATED) :        -0.154ns  (required time - arrival time)
  Source:                 cur_slice_reg[3]/C
                            (rising edge-triggered cell FDRE clocked by core_clk  {rise@0.000ns fall@12.500ns period=25.000ns})
  Destination:            u_wstore/row_q_reg[15][51]/D
                            (rising edge-triggered cell FDRE clocked by core_clk  {rise@0.000ns fall@12.500ns period=25.000ns})
  Path Group:             core_clk
  Path Type:              Setup (Max at Slow Process Corner)
  Requirement:            25.000ns  (core_clk rise@25.000ns - core_clk rise@0.000ns)
  Data Path Delay:        25.105ns  (logic 1.603ns (6.385%)  route 23.502ns (93.615%))
  Logic Levels:           12  (CARRY4=2 LUT2=1 LUT3=2 LUT5=1 LUT6=3 MUXF7=2 MUXF8=1)
  Clock Path Skew:        0.132ns (DCD - SCD + CPR)
    Destination Clock Delay (DCD):    2.228ns = ( 27.228 - 25.000 ) 
    Source Clock Delay      (SCD):    2.133ns
    Clock Pessimism Removal (CPR):    0.037ns
  Clock Uncertainty:      0.085ns  ((TSJ^2 + TIJ^2)^1/2 + DJ) / 2 + PE + UU
    Total System Jitter     (TSJ):    0.071ns
    Total Input Jitter      (TIJ):    0.000ns
    Discrete Jitter          (DJ):    0.000ns
    Phase Error              (PE):    0.000ns
    User Uncertainty         (UU):    0.050ns

    Location             Delay type                Incr(ns)  Path(ns)    Netlist Resource(s)
  -------------------------------------------------------------------    -------------------
                         (clock core_clk rise edge)
                                                      0.000     0.000 r  
                                                      0.000     0.000 r  clk (IN)
                         net (fo=0)                   0.537     0.537    __ooc_clk_input
    BUFGCTRL_X0Y0                                                     r  __ooc_internal_bufg/I
    BUFGCTRL_X0Y0        BUFG (Prop_bufg_I_O)         0.093     0.630 r  __ooc_internal_bufg/O
                         net (fo=66536, routed)       1.503     2.133    clk
    SLICE_X56Y193        FDRE                                         r  cur_slice_reg[3]/C
  -------------------------------------------------------------------    -------------------
    SLICE_X56Y193        FDRE (Prop_fdre_C_Q)         0.259     2.392 f  cur_slice_reg[3]/Q
                         net (fo=53, routed)          4.080     6.472    u_wstore/w_q_reg[3][68][46]_1[1]
    SLICE_X190Y166                                                    f  u_wstore/cfg_rdata[46]_INST_0_i_375/I1
    SLICE_X190Y166       LUT6 (Prop_lut6_I1_O)        0.043     6.515 r  u_wstore/cfg_rdata[46]_INST_0_i_375/O
                         net (fo=123, routed)         3.163     9.678    u_wstore/cfg_rdata[46]_INST_0_i_375_n_0
    SLICE_X188Y346                                                    r  u_wstore/cfg_rdata[46]_INST_0_i_379/I0
    SLICE_X188Y346       LUT2 (Prop_lut2_I0_O)        0.043     9.721 r  u_wstore/cfg_rdata[46]_INST_0_i_379/O
                         net (fo=63, routed)          1.729    11.450    u_wstore/cfg_rdata[46]_INST_0_i_379_n_0
    SLICE_X183Y277                                                    r  u_wstore/cfg_rdata[46]_INST_0_i_401/S
    SLICE_X183Y277       MUXF8 (Prop_muxf8_S_O)       0.141    11.591 f  u_wstore/cfg_rdata[46]_INST_0_i_401/O
                         net (fo=1, routed)           1.612    13.204    u_wstore/cfg_rdata[46]_INST_0_i_401_n_0
    SLICE_X151Y278                                                    f  u_wstore/cfg_rdata[46]_INST_0_i_201/I4
    SLICE_X151Y278       LUT5 (Prop_lut5_I4_O)        0.126    13.330 f  u_wstore/cfg_rdata[46]_INST_0_i_201/O
                         net (fo=1, routed)           1.368    14.697    u_wstore/cfg_rdata[46]_INST_0_i_201_n_0
    SLICE_X175Y288                                                    f  u_wstore/cfg_rdata[46]_INST_0_i_83/I0
    SLICE_X175Y288       LUT3 (Prop_lut3_I0_O)        0.043    14.740 f  u_wstore/cfg_rdata[46]_INST_0_i_83/O
                         net (fo=1, routed)           0.000    14.740    u_wstore/cfg_rdata[46]_INST_0_i_83_n_0
    SLICE_X175Y288                                                    f  u_wstore/cfg_rdata[46]_INST_0_i_35/I0
    SLICE_X175Y288       MUXF7 (Prop_muxf7_I0_O)      0.107    14.847 f  u_wstore/cfg_rdata[46]_INST_0_i_35/O
                         net (fo=1, routed)           1.835    16.682    u_wstore/cfg_rdata[46]_INST_0_i_35_n_0
    SLICE_X149Y341                                                    f  u_wstore/cfg_rdata[46]_INST_0_i_14/I3
    SLICE_X149Y341       LUT6 (Prop_lut6_I3_O)        0.124    16.806 f  u_wstore/cfg_rdata[46]_INST_0_i_14/O
                         net (fo=1, routed)           0.000    16.806    u_wstore/cfg_rdata[46]_INST_0_i_14_n_0
    SLICE_X149Y341                                                    f  u_wstore/cfg_rdata[46]_INST_0_i_5/I0
    SLICE_X149Y341       MUXF7 (Prop_muxf7_I0_O)      0.107    16.913 f  u_wstore/cfg_rdata[46]_INST_0_i_5/O
                         net (fo=2, routed)           2.335    19.248    u_wstore/cfg_rdata[46]_INST_0_i_5_n_0
    SLICE_X35Y350                                                     f  u_wstore/row_q[17][47]_i_10/I3
    SLICE_X35Y350        LUT6 (Prop_lut6_I3_O)        0.124    19.372 f  u_wstore/row_q[17][47]_i_10/O
                         net (fo=2, routed)           2.522    21.894    u_wstore/w_q[46]
    SLICE_X35Y439                                                     f  u_wstore/row_q[17][47]_i_2/I0
    SLICE_X35Y439        LUT3 (Prop_lut3_I0_O)        0.052    21.946 r  u_wstore/row_q[17][47]_i_2/O
                         net (fo=2, routed)           2.507    24.453    u_wstore/row_q[17][47]_i_2_n_0
    SLICE_X35Y439                                                     r  u_wstore/row_q_reg[17][47]_i_1/DI[3]
    SLICE_X35Y439        CARRY4 (Prop_carry4_DI[3]_CO[3])
                                                      0.279    24.732 r  u_wstore/row_q_reg[17][47]_i_1/CO[3]
                         net (fo=1, routed)           0.000    24.732    u_wstore/row_q_reg[17][47]_i_1_n_0
    SLICE_X35Y440                                                     r  u_wstore/row_q_reg[17][51]_i_1/CI
    SLICE_X35Y440        CARRY4 (Prop_carry4_CI_O[3])
                                                      0.155    24.887 r  u_wstore/row_q_reg[17][51]_i_1/O[3]
                         net (fo=18, routed)          2.351    27.238    u_wstore/row_new[51]
    SLICE_X33Y439        FDRE                                         r  u_wstore/row_q_reg[15][51]/D
  -------------------------------------------------------------------    -------------------

                         (clock core_clk rise edge)
                                                     25.000    25.000 r  
                                                      0.000    25.000 r  clk (IN)
                         net (fo=0)                   0.510    25.510    __ooc_clk_input
    BUFGCTRL_X0Y0                                                     r  __ooc_internal_bufg/I
    BUFGCTRL_X0Y0        BUFG (Prop_bufg_I_O)         0.083    25.593 r  __ooc_internal_bufg/O
                         net (fo=66536, routed)       1.635    27.228    u_wstore/clk
    SLICE_X33Y439        FDRE                                         r  u_wstore/row_q_reg[15][51]/C
                         clock pessimism              0.037    27.265    
                         clock uncertainty           -0.085    27.180    
    SLICE_X33Y439        FDRE (Setup_fdre_C_D)       -0.096    27.084    u_wstore/row_q_reg[15][51]
  -------------------------------------------------------------------
                         required time                         27.084    
                         arrival time                         -27.238    
  -------------------------------------------------------------------
                         slack                                 -0.154    

Slack (VIOLATED) :        -0.150ns  (required time - arrival time)
  Source:                 cur_slice_reg[3]/C
                            (rising edge-triggered cell FDRE clocked by core_clk  {rise@0.000ns fall@12.500ns period=25.000ns})
  Destination:            u_wstore/row_q_reg[10][51]/D
                            (rising edge-triggered cell FDRE clocked by core_clk  {rise@0.000ns fall@12.500ns period=25.000ns})
  Path Group:             core_clk
  Path Type:              Setup (Max at Slow Process Corner)
  Requirement:            25.000ns  (core_clk rise@25.000ns - core_clk rise@0.000ns)
  Data Path Delay:        25.121ns  (logic 1.603ns (6.381%)  route 23.518ns (93.619%))
  Logic Levels:           12  (CARRY4=2 LUT2=1 LUT3=2 LUT5=1 LUT6=3 MUXF7=2 MUXF8=1)
  Clock Path Skew:        0.133ns (DCD - SCD + CPR)
    Destination Clock Delay (DCD):    2.229ns = ( 27.229 - 25.000 ) 
    Source Clock Delay      (SCD):    2.133ns
    Clock Pessimism Removal (CPR):    0.037ns
  Clock Uncertainty:      0.085ns  ((TSJ^2 + TIJ^2)^1/2 + DJ) / 2 + PE + UU
    Total System Jitter     (TSJ):    0.071ns
    Total Input Jitter      (TIJ):    0.000ns
    Discrete Jitter          (DJ):    0.000ns
    Phase Error              (PE):    0.000ns
    User Uncertainty         (UU):    0.050ns

    Location             Delay type                Incr(ns)  Path(ns)    Netlist Resource(s)
  -------------------------------------------------------------------    -------------------
                         (clock core_clk rise edge)
                                                      0.000     0.000 r  
                                                      0.000     0.000 r  clk (IN)
                         net (fo=0)                   0.537     0.537    __ooc_clk_input
    BUFGCTRL_X0Y0                                                     r  __ooc_internal_bufg/I
    BUFGCTRL_X0Y0        BUFG (Prop_bufg_I_O)         0.093     0.630 r  __ooc_internal_bufg/O
                         net (fo=66536, routed)       1.503     2.133    clk
    SLICE_X56Y193        FDRE                                         r  cur_slice_reg[3]/C
  -------------------------------------------------------------------    -------------------
    SLICE_X56Y193        FDRE (Prop_fdre_C_Q)         0.259     2.392 f  cur_slice_reg[3]/Q
                         net (fo=53, routed)          4.080     6.472    u_wstore/w_q_reg[3][68][46]_1[1]
    SLICE_X190Y166                                                    f  u_wstore/cfg_rdata[46]_INST_0_i_375/I1
    SLICE_X190Y166       LUT6 (Prop_lut6_I1_O)        0.043     6.515 r  u_wstore/cfg_rdata[46]_INST_0_i_375/O
                         net (fo=123, routed)         3.163     9.678    u_wstore/cfg_rdata[46]_INST_0_i_375_n_0
    SLICE_X188Y346                                                    r  u_wstore/cfg_rdata[46]_INST_0_i_379/I0
    SLICE_X188Y346       LUT2 (Prop_lut2_I0_O)        0.043     9.721 r  u_wstore/cfg_rdata[46]_INST_0_i_379/O
                         net (fo=63, routed)          1.729    11.450    u_wstore/cfg_rdata[46]_INST_0_i_379_n_0
    SLICE_X183Y277                                                    r  u_wstore/cfg_rdata[46]_INST_0_i_401/S
    SLICE_X183Y277       MUXF8 (Prop_muxf8_S_O)       0.141    11.591 f  u_wstore/cfg_rdata[46]_INST_0_i_401/O
                         net (fo=1, routed)           1.612    13.204    u_wstore/cfg_rdata[46]_INST_0_i_401_n_0
    SLICE_X151Y278                                                    f  u_wstore/cfg_rdata[46]_INST_0_i_201/I4
    SLICE_X151Y278       LUT5 (Prop_lut5_I4_O)        0.126    13.330 f  u_wstore/cfg_rdata[46]_INST_0_i_201/O
                         net (fo=1, routed)           1.368    14.697    u_wstore/cfg_rdata[46]_INST_0_i_201_n_0
    SLICE_X175Y288                                                    f  u_wstore/cfg_rdata[46]_INST_0_i_83/I0
    SLICE_X175Y288       LUT3 (Prop_lut3_I0_O)        0.043    14.740 f  u_wstore/cfg_rdata[46]_INST_0_i_83/O
                         net (fo=1, routed)           0.000    14.740    u_wstore/cfg_rdata[46]_INST_0_i_83_n_0
    SLICE_X175Y288                                                    f  u_wstore/cfg_rdata[46]_INST_0_i_35/I0
    SLICE_X175Y288       MUXF7 (Prop_muxf7_I0_O)      0.107    14.847 f  u_wstore/cfg_rdata[46]_INST_0_i_35/O
                         net (fo=1, routed)           1.835    16.682    u_wstore/cfg_rdata[46]_INST_0_i_35_n_0
    SLICE_X149Y341                                                    f  u_wstore/cfg_rdata[46]_INST_0_i_14/I3
    SLICE_X149Y341       LUT6 (Prop_lut6_I3_O)        0.124    16.806 f  u_wstore/cfg_rdata[46]_INST_0_i_14/O
                         net (fo=1, routed)           0.000    16.806    u_wstore/cfg_rdata[46]_INST_0_i_14_n_0
    SLICE_X149Y341                                                    f  u_wstore/cfg_rdata[46]_INST_0_i_5/I0
    SLICE_X149Y341       MUXF7 (Prop_muxf7_I0_O)      0.107    16.913 f  u_wstore/cfg_rdata[46]_INST_0_i_5/O
                         net (fo=2, routed)           2.335    19.248    u_wstore/cfg_rdata[46]_INST_0_i_5_n_0
    SLICE_X35Y350                                                     f  u_wstore/row_q[17][47]_i_10/I3
    SLICE_X35Y350        LUT6 (Prop_lut6_I3_O)        0.124    19.372 f  u_wstore/row_q[17][47]_i_10/O
                         net (fo=2, routed)           2.522    21.894    u_wstore/w_q[46]
    SLICE_X35Y439                                                     f  u_wstore/row_q[17][47]_i_2/I0
    SLICE_X35Y439        LUT3 (Prop_lut3_I0_O)        0.052    21.946 r  u_wstore/row_q[17][47]_i_2/O
                         net (fo=2, routed)           2.507    24.453    u_wstore/row_q[17][47]_i_2_n_0
    SLICE_X35Y439                                                     r  u_wstore/row_q_reg[17][47]_i_1/DI[3]
    SLICE_X35Y439        CARRY4 (Prop_carry4_DI[3]_CO[3])
                                                      0.279    24.732 r  u_wstore/row_q_reg[17][47]_i_1/CO[3]
                         net (fo=1, routed)           0.000    24.732    u_wstore/row_q_reg[17][47]_i_1_n_0
    SLICE_X35Y440                                                     r  u_wstore/row_q_reg[17][51]_i_1/CI
    SLICE_X35Y440        CARRY4 (Prop_carry4_CI_O[3])
                                                      0.155    24.887 r  u_wstore/row_q_reg[17][51]_i_1/O[3]
                         net (fo=18, routed)          2.367    27.254    u_wstore/row_new[51]
    SLICE_X32Y441        FDRE                                         r  u_wstore/row_q_reg[10][51]/D
  -------------------------------------------------------------------    -------------------

                         (clock core_clk rise edge)
                                                     25.000    25.000 r  
                                                      0.000    25.000 r  clk (IN)
                         net (fo=0)                   0.510    25.510    __ooc_clk_input
    BUFGCTRL_X0Y0                                                     r  __ooc_internal_bufg/I
    BUFGCTRL_X0Y0        BUFG (Prop_bufg_I_O)         0.083    25.593 r  __ooc_internal_bufg/O
                         net (fo=66536, routed)       1.636    27.229    u_wstore/clk
    SLICE_X32Y441        FDRE                                         r  u_wstore/row_q_reg[10][51]/C
                         clock pessimism              0.037    27.266    
                         clock uncertainty           -0.085    27.181    
    SLICE_X32Y441        FDRE (Setup_fdre_C_D)       -0.077    27.104    u_wstore/row_q_reg[10][51]
  -------------------------------------------------------------------
                         required time                         27.104    
                         arrival time                         -27.254    
  -------------------------------------------------------------------
                         slack                                 -0.150    

Slack (VIOLATED) :        -0.150ns  (required time - arrival time)
  Source:                 cur_slice_reg[1]_rep__3/C
                            (rising edge-triggered cell FDRE clocked by core_clk  {rise@0.000ns fall@12.500ns period=25.000ns})
  Destination:            u_wstore/row_q_reg[7][45]/D
                            (rising edge-triggered cell FDRE clocked by core_clk  {rise@0.000ns fall@12.500ns period=25.000ns})
  Path Group:             core_clk
  Path Type:              Setup (Max at Slow Process Corner)
  Requirement:            25.000ns  (core_clk rise@25.000ns - core_clk rise@0.000ns)
  Data Path Delay:        25.087ns  (logic 1.894ns (7.550%)  route 23.193ns (92.450%))
  Logic Levels:           18  (CARRY4=7 LUT3=2 LUT4=2 LUT6=4 MUXF7=3)
  Clock Path Skew:        0.121ns (DCD - SCD + CPR)
    Destination Clock Delay (DCD):    2.284ns = ( 27.284 - 25.000 ) 
    Source Clock Delay      (SCD):    2.200ns
    Clock Pessimism Removal (CPR):    0.037ns
  Clock Uncertainty:      0.085ns  ((TSJ^2 + TIJ^2)^1/2 + DJ) / 2 + PE + UU
    Total System Jitter     (TSJ):    0.071ns
    Total Input Jitter      (TIJ):    0.000ns
    Discrete Jitter          (DJ):    0.000ns
    Phase Error              (PE):    0.000ns
    User Uncertainty         (UU):    0.050ns

    Location             Delay type                Incr(ns)  Path(ns)    Netlist Resource(s)
  -------------------------------------------------------------------    -------------------
                         (clock core_clk rise edge)
                                                      0.000     0.000 r  
                                                      0.000     0.000 r  clk (IN)
                         net (fo=0)                   0.537     0.537    __ooc_clk_input
    BUFGCTRL_X0Y0                                                     r  __ooc_internal_bufg/I
    BUFGCTRL_X0Y0        BUFG (Prop_bufg_I_O)         0.093     0.630 r  __ooc_internal_bufg/O
                         net (fo=66536, routed)       1.570     2.200    clk
    SLICE_X42Y192        FDRE                                         r  cur_slice_reg[1]_rep__3/C
  -------------------------------------------------------------------    -------------------
    SLICE_X42Y192        FDRE (Prop_fdre_C_Q)         0.259     2.459 r  cur_slice_reg[1]_rep__3/Q
                         net (fo=139, routed)         5.129     7.588    u_wstore/cfg_rdata[40]_INST_0_i_522_0
    SLICE_X206Y258                                                    r  u_wstore/cfg_rdata[46]_INST_0_i_663/I3
    SLICE_X206Y258       LUT4 (Prop_lut4_I3_O)        0.043     7.631 r  u_wstore/cfg_rdata[46]_INST_0_i_663/O
                         net (fo=969, routed)         5.398    13.029    u_wstore/cfg_rdata[46]_INST_0_i_663_n_0
    SLICE_X102Y360                                                    r  u_wstore/cfg_rdata[21]_INST_0_i_601/I2
    SLICE_X102Y360       LUT6 (Prop_lut6_I2_O)        0.043    13.072 f  u_wstore/cfg_rdata[21]_INST_0_i_601/O
                         net (fo=1, routed)           0.000    13.072    u_wstore/cfg_rdata[21]_INST_0_i_601_n_0
    SLICE_X102Y360                                                    f  u_wstore/cfg_rdata[21]_INST_0_i_415/I1
    SLICE_X102Y360       MUXF7 (Prop_muxf7_I1_O)      0.103    13.175 f  u_wstore/cfg_rdata[21]_INST_0_i_415/O
                         net (fo=1, routed)           0.686    13.861    u_wstore/cfg_rdata[21]_INST_0_i_415_n_0
    SLICE_X118Y352                                                    f  u_wstore/cfg_rdata[21]_INST_0_i_209/I5
    SLICE_X118Y352       LUT6 (Prop_lut6_I5_O)        0.123    13.984 f  u_wstore/cfg_rdata[21]_INST_0_i_209/O
                         net (fo=1, routed)           0.395    14.379    u_wstore/cfg_rdata[21]_INST_0_i_209_n_0
    SLICE_X119Y350                                                    f  u_wstore/cfg_rdata[21]_INST_0_i_77/I0
    SLICE_X119Y350       LUT3 (Prop_lut3_I0_O)        0.043    14.422 f  u_wstore/cfg_rdata[21]_INST_0_i_77/O
                         net (fo=1, routed)           0.000    14.422    u_wstore/cfg_rdata[21]_INST_0_i_77_n_0
    SLICE_X119Y350                                                    f  u_wstore/cfg_rdata[21]_INST_0_i_28/I0
    SLICE_X119Y350       MUXF7 (Prop_muxf7_I0_O)      0.107    14.529 f  u_wstore/cfg_rdata[21]_INST_0_i_28/O
                         net (fo=1, routed)           1.552    16.081    u_wstore/cfg_rdata[21]_INST_0_i_28_n_0
    SLICE_X147Y316                                                    f  u_wstore/cfg_rdata[21]_INST_0_i_9/I3
    SLICE_X147Y316       LUT6 (Prop_lut6_I3_O)        0.124    16.205 f  u_wstore/cfg_rdata[21]_INST_0_i_9/O
                         net (fo=1, routed)           0.000    16.205    u_wstore/cfg_rdata[21]_INST_0_i_9_n_0
    SLICE_X147Y316                                                    f  u_wstore/cfg_rdata[21]_INST_0_i_4/I1
    SLICE_X147Y316       MUXF7 (Prop_muxf7_I1_O)      0.108    16.313 f  u_wstore/cfg_rdata[21]_INST_0_i_4/O
                         net (fo=2, routed)           3.031    19.344    u_wstore/cfg_rdata[21]_INST_0_i_4_n_0
    SLICE_X34Y349                                                     f  u_wstore/row_q[17][23]_i_12/I3
    SLICE_X34Y349        LUT6 (Prop_lut6_I3_O)        0.124    19.468 f  u_wstore/row_q[17][23]_i_12/O
                         net (fo=2, routed)           2.251    21.719    u_wstore/w_q[21]
    SLICE_X35Y433                                                     f  u_wstore/row_q[17][23]_i_3/I0
    SLICE_X35Y433        LUT3 (Prop_lut3_I0_O)        0.054    21.773 r  u_wstore/row_q[17][23]_i_3/O
                         net (fo=2, routed)           2.243    24.016    u_wstore/row_q[17][23]_i_3_n_0
    SLICE_X35Y433                                                     r  u_wstore/row_q[17][23]_i_7/I3
    SLICE_X35Y433        LUT4 (Prop_lut4_I3_O)        0.137    24.153 r  u_wstore/row_q[17][23]_i_7/O
                         net (fo=1, routed)           0.000    24.153    u_wstore/row_q[17][23]_i_7_n_0
    SLICE_X35Y433                                                     r  u_wstore/row_q_reg[17][23]_i_1/S[2]
    SLICE_X35Y433        CARRY4 (Prop_carry4_S[2]_CO[3])
                                                      0.195    24.348 r  u_wstore/row_q_reg[17][23]_i_1/CO[3]
                         net (fo=1, routed)           0.000    24.348    u_wstore/row_q_reg[17][23]_i_1_n_0
    SLICE_X35Y434                                                     r  u_wstore/row_q_reg[17][27]_i_1/CI
    SLICE_X35Y434        CARRY4 (Prop_carry4_CI_CO[3])
                                                      0.053    24.401 r  u_wstore/row_q_reg[17][27]_i_1/CO[3]
                         net (fo=1, routed)           0.000    24.401    u_wstore/row_q_reg[17][27]_i_1_n_0
    SLICE_X35Y435                                                     r  u_wstore/row_q_reg[17][31]_i_1/CI
    SLICE_X35Y435        CARRY4 (Prop_carry4_CI_CO[3])
                                                      0.053    24.454 r  u_wstore/row_q_reg[17][31]_i_1/CO[3]
                         net (fo=1, routed)           0.000    24.454    u_wstore/row_q_reg[17][31]_i_1_n_0
    SLICE_X35Y436                                                     r  u_wstore/row_q_reg[17][35]_i_1/CI
    SLICE_X35Y436        CARRY4 (Prop_carry4_CI_CO[3])
                                                      0.053    24.507 r  u_wstore/row_q_reg[17][35]_i_1/CO[3]
                         net (fo=1, routed)           0.000    24.507    u_wstore/row_q_reg[17][35]_i_1_n_0
    SLICE_X35Y437                                                     r  u_wstore/row_q_reg[17][39]_i_1/CI
    SLICE_X35Y437        CARRY4 (Prop_carry4_CI_CO[3])
                                                      0.053    24.560 r  u_wstore/row_q_reg[17][39]_i_1/CO[3]
                         net (fo=1, routed)           0.000    24.560    u_wstore/row_q_reg[17][39]_i_1_n_0
    SLICE_X35Y438                                                     r  u_wstore/row_q_reg[17][43]_i_1/CI
    SLICE_X35Y438        CARRY4 (Prop_carry4_CI_CO[3])
                                                      0.053    24.613 r  u_wstore/row_q_reg[17][43]_i_1/CO[3]
                         net (fo=1, routed)           0.000    24.613    u_wstore/row_q_reg[17][43]_i_1_n_0
    SLICE_X35Y439                                                     r  u_wstore/row_q_reg[17][47]_i_1/CI
    SLICE_X35Y439        CARRY4 (Prop_carry4_CI_O[1])
                                                      0.166    24.779 r  u_wstore/row_q_reg[17][47]_i_1/O[1]
                         net (fo=18, routed)          2.508    27.287    u_wstore/row_new[45]
    SLICE_X28Y444        FDRE                                         r  u_wstore/row_q_reg[7][45]/D
  -------------------------------------------------------------------    -------------------

                         (clock core_clk rise edge)
                                                     25.000    25.000 r  
                                                      0.000    25.000 r  clk (IN)
                         net (fo=0)                   0.510    25.510    __ooc_clk_input
    BUFGCTRL_X0Y0                                                     r  __ooc_internal_bufg/I
    BUFGCTRL_X0Y0        BUFG (Prop_bufg_I_O)         0.083    25.593 r  __ooc_internal_bufg/O
                         net (fo=66536, routed)       1.691    27.284    u_wstore/clk
    SLICE_X28Y444        FDRE                                         r  u_wstore/row_q_reg[7][45]/C
                         clock pessimism              0.037    27.321    
                         clock uncertainty           -0.085    27.236    
    SLICE_X28Y444        FDRE (Setup_fdre_C_D)       -0.099    27.137    u_wstore/row_q_reg[7][45]
  -------------------------------------------------------------------
                         required time                         27.137    
                         arrival time                         -27.287    
  -------------------------------------------------------------------
                         slack                                 -0.150    




