Copyright 1986-2018 Xilinx, Inc. All Rights Reserved.
------------------------------------------------------------------------------------------------------------------------------------------------------------------------------------------------------------------
| Tool Version : Vivado v.2018.3 (win64) Build 2405991 Thu Dec  6 23:38:27 MST 2018
| Date         : Wed Sep 30 21:13:02 2026
| Host         : REEDZHAO running 64-bit major release  (build 9200)
| Command      : report_timing -delay_type max -max_paths 20 -path_type full_clock_expanded -input_pins -file C:/Users/Administrator/adc_rtl_vivado/run.86ebbd7c9da34a33b49af64888b4797e/out/timing_max_paths.rpt
| Design       : sar20_digital_core
| Device       : 7vx690t-ffg1761
| Speed File   : -2  PRODUCTION 1.11 2014-09-11
------------------------------------------------------------------------------------------------------------------------------------------------------------------------------------------------------------------

Timing Report

Slack (MET) :             0.946ns  (required time - arrival time)
  Source:                 u_structure/u_context/fine_slices_reg[1][3]/C
                            (rising edge-triggered cell FDRE clocked by core_clk  {rise@0.000ns fall@12.500ns period=25.000ns})
  Destination:            u_recon/rails_s_reg[65]/D
                            (rising edge-triggered cell FDRE clocked by core_clk  {rise@0.000ns fall@12.500ns period=25.000ns})
  Path Group:             core_clk
  Path Type:              Setup (Max at Slow Process Corner)
  Requirement:            25.000ns  (core_clk rise@25.000ns - core_clk rise@0.000ns)
  Data Path Delay:        23.914ns  (logic 5.291ns (22.125%)  route 18.623ns (77.875%))
  Logic Levels:           40  (CARRY4=21 LUT3=7 LUT4=7 LUT5=3 LUT6=2)
  Clock Path Skew:        -0.103ns (DCD - SCD + CPR)
    Destination Clock Delay (DCD):    1.718ns = ( 26.718 - 25.000 ) 
    Source Clock Delay      (SCD):    1.858ns
    Clock Pessimism Removal (CPR):    0.037ns
  Clock Uncertainty:      0.085ns  ((TSJ^2 + TIJ^2)^1/2 + DJ) / 2 + PE + UU
    Total System Jitter     (TSJ):    0.071ns
    Total Input Jitter      (TIJ):    0.000ns
    Discrete Jitter          (DJ):    0.000ns
    Phase Error              (PE):    0.000ns
    User Uncertainty         (UU):    0.050ns

    Location             Delay type                Incr(ns)  Path(ns)    Netlist Resource(s)
  -------------------------------------------------------------------    -------------------
                         (clock core_clk rise edge)
                                                      0.000     0.000 r  
                                                      0.000     0.000 r  clk (IN)
                         net (fo=0)                   0.537     0.537    __ooc_clk_input
    BUFGCTRL_X0Y0                                                     r  __ooc_internal_bufg/I
    BUFGCTRL_X0Y0        BUFG (Prop_bufg_I_O)         0.093     0.630 r  __ooc_internal_bufg/O
                         net (fo=66508, routed)       1.228     1.858    u_structure/u_context/clk
    SLICE_X101Y287       FDRE                                         r  u_structure/u_context/fine_slices_reg[1][3]/C
  -------------------------------------------------------------------    -------------------
    SLICE_X101Y287       FDRE (Prop_fdre_C_Q)         0.223     2.081 r  u_structure/u_context/fine_slices_reg[1][3]/Q
                         net (fo=81, routed)          0.628     2.709    u_structure/u_context/structural_ids[1][3]
    SLICE_X106Y286                                                    r  u_structure/u_context/op3_w_i_363/I2
    SLICE_X106Y286       LUT5 (Prop_lut5_I2_O)        0.043     2.752 r  u_structure/u_context/op3_w_i_363/O
                         net (fo=72, routed)          2.434     5.186    u_structure/u_context/op3_w_i_363_n_0
    SLICE_X161Y354                                                    r  u_structure/u_context/rails_s[63]_i_36495/I3
    SLICE_X161Y354       LUT4 (Prop_lut4_I3_O)        0.043     5.229 r  u_structure/u_context/rails_s[63]_i_36495/O
                         net (fo=1, routed)           0.355     5.584    u_structure/u_context/rails_s[63]_i_36495_n_0
    SLICE_X161Y354                                                    r  u_structure/u_context/rails_s[63]_i_29203/I4
    SLICE_X161Y354       LUT5 (Prop_lut5_I4_O)        0.043     5.627 r  u_structure/u_context/rails_s[63]_i_29203/O
                         net (fo=1, routed)           0.385     6.012    u_structure/u_context/rails_s[63]_i_29203_n_0
    SLICE_X164Y354                                                    r  u_structure/u_context/rails_s[63]_i_23433/I5
    SLICE_X164Y354       LUT6 (Prop_lut6_I5_O)        0.043     6.055 r  u_structure/u_context/rails_s[63]_i_23433/O
                         net (fo=47, routed)          4.375    10.430    u_structure/u_context/u_recon/u_weight_reduce/physical_on34_out[50]
    SLICE_X167Y104                                                    r  u_structure/u_context/rails_s[31]_i_6052/I0
    SLICE_X167Y104       LUT3 (Prop_lut3_I0_O)        0.054    10.484 r  u_structure/u_context/rails_s[31]_i_6052/O
                         net (fo=2, routed)           0.460    10.944    u_recon/u_weight_reduce/on_tree[3092]_933[4]
    SLICE_X166Y106                                                    r  u_recon/u_weight_reduce/rails_s[31]_i_3039/I1
    SLICE_X166Y106       LUT3 (Prop_lut3_I1_O)        0.141    11.085 r  u_recon/u_weight_reduce/rails_s[31]_i_3039/O
                         net (fo=2, routed)           0.470    11.555    u_recon/u_weight_reduce/rails_s[31]_i_3039_n_0
    SLICE_X166Y106                                                    r  u_recon/u_weight_reduce/rails_s[31]_i_3043/I3
    SLICE_X166Y106       LUT4 (Prop_lut4_I3_O)        0.134    11.689 r  u_recon/u_weight_reduce/rails_s[31]_i_3043/O
                         net (fo=1, routed)           0.000    11.689    u_recon/u_weight_reduce/rails_s[31]_i_3043_n_0
    SLICE_X166Y106                                                    r  u_recon/u_weight_reduce/rails_s_reg[31]_i_1817/S[1]
    SLICE_X166Y106       CARRY4 (Prop_carry4_S[1]_CO[3])
                                                      0.256    11.945 r  u_recon/u_weight_reduce/rails_s_reg[31]_i_1817/CO[3]
                         net (fo=1, routed)           0.000    11.945    u_recon/u_weight_reduce/rails_s_reg[31]_i_1817_n_0
    SLICE_X166Y107                                                    r  u_recon/u_weight_reduce/rails_s_reg[35]_i_1817/CI
    SLICE_X166Y107       CARRY4 (Prop_carry4_CI_O[0])
                                                      0.108    12.053 r  u_recon/u_weight_reduce/rails_s_reg[35]_i_1817/O[0]
                         net (fo=2, routed)           0.490    12.543    u_recon/u_weight_reduce/rails_s_reg[35]_i_1817_n_7
    SLICE_X161Y107                                                    r  u_recon/u_weight_reduce/rails_s[31]_i_1163/I2
    SLICE_X161Y107       LUT3 (Prop_lut3_I2_O)        0.132    12.675 r  u_recon/u_weight_reduce/rails_s[31]_i_1163/O
                         net (fo=2, routed)           0.608    13.283    u_recon/u_weight_reduce/rails_s[31]_i_1163_n_0
    SLICE_X161Y107                                                    r  u_recon/u_weight_reduce/rails_s[31]_i_1167/I3
    SLICE_X161Y107       LUT4 (Prop_lut4_I3_O)        0.136    13.419 r  u_recon/u_weight_reduce/rails_s[31]_i_1167/O
                         net (fo=1, routed)           0.000    13.419    u_recon/u_weight_reduce/rails_s[31]_i_1167_n_0
    SLICE_X161Y107                                                    r  u_recon/u_weight_reduce/rails_s_reg[31]_i_735/S[1]
    SLICE_X161Y107       CARRY4 (Prop_carry4_S[1]_CO[3])
                                                      0.267    13.686 r  u_recon/u_weight_reduce/rails_s_reg[31]_i_735/CO[3]
                         net (fo=1, routed)           0.000    13.686    u_recon/u_weight_reduce/rails_s_reg[31]_i_735_n_0
    SLICE_X161Y108                                                    r  u_recon/u_weight_reduce/rails_s_reg[35]_i_735/CI
    SLICE_X161Y108       CARRY4 (Prop_carry4_CI_CO[3])
                                                      0.053    13.739 r  u_recon/u_weight_reduce/rails_s_reg[35]_i_735/CO[3]
                         net (fo=1, routed)           0.000    13.739    u_recon/u_weight_reduce/rails_s_reg[35]_i_735_n_0
    SLICE_X161Y109                                                    r  u_recon/u_weight_reduce/rails_s_reg[39]_i_735/CI
    SLICE_X161Y109       CARRY4 (Prop_carry4_CI_CO[3])
                                                      0.053    13.792 r  u_recon/u_weight_reduce/rails_s_reg[39]_i_735/CO[3]
                         net (fo=1, routed)           0.000    13.792    u_recon/u_weight_reduce/rails_s_reg[39]_i_735_n_0
    SLICE_X161Y110                                                    r  u_recon/u_weight_reduce/rails_s_reg[43]_i_737/CI
    SLICE_X161Y110       CARRY4 (Prop_carry4_CI_CO[3])
                                                      0.053    13.845 r  u_recon/u_weight_reduce/rails_s_reg[43]_i_737/CO[3]
                         net (fo=1, routed)           0.000    13.845    u_recon/u_weight_reduce/rails_s_reg[43]_i_737_n_0
    SLICE_X161Y111                                                    r  u_recon/u_weight_reduce/rails_s_reg[47]_i_735/CI
    SLICE_X161Y111       CARRY4 (Prop_carry4_CI_CO[3])
                                                      0.053    13.898 r  u_recon/u_weight_reduce/rails_s_reg[47]_i_735/CO[3]
                         net (fo=1, routed)           0.000    13.898    u_recon/u_weight_reduce/rails_s_reg[47]_i_735_n_0
    SLICE_X161Y112                                                    r  u_recon/u_weight_reduce/rails_s_reg[51]_i_735/CI
    SLICE_X161Y112       CARRY4 (Prop_carry4_CI_O[3])
                                                      0.149    14.047 r  u_recon/u_weight_reduce/rails_s_reg[51]_i_735/O[3]
                         net (fo=2, routed)           1.778    15.825    u_recon/u_weight_reduce/rails_s_reg[51]_i_735_n_4
    SLICE_X114Y142                                                    r  u_recon/u_weight_reduce/rails_s[51]_i_472/I0
    SLICE_X114Y142       LUT3 (Prop_lut3_I0_O)        0.124    15.949 r  u_recon/u_weight_reduce/rails_s[51]_i_472/O
                         net (fo=2, routed)           0.565    16.515    u_recon/u_weight_reduce/rails_s[51]_i_472_n_0
    SLICE_X114Y143                                                    r  u_recon/u_weight_reduce/rails_s_reg[51]_i_305/DI[0]
    SLICE_X114Y143       CARRY4 (Prop_carry4_DI[0]_CO[3])
                                                      0.374    16.889 r  u_recon/u_weight_reduce/rails_s_reg[51]_i_305/CO[3]
                         net (fo=1, routed)           0.000    16.889    u_recon/u_weight_reduce/rails_s_reg[51]_i_305_n_0
    SLICE_X114Y144                                                    r  u_recon/u_weight_reduce/rails_s_reg[55]_i_305/CI
    SLICE_X114Y144       CARRY4 (Prop_carry4_CI_CO[3])
                                                      0.054    16.943 r  u_recon/u_weight_reduce/rails_s_reg[55]_i_305/CO[3]
                         net (fo=1, routed)           0.000    16.943    u_recon/u_weight_reduce/rails_s_reg[55]_i_305_n_0
    SLICE_X114Y145                                                    r  u_recon/u_weight_reduce/rails_s_reg[59]_i_336/CI
    SLICE_X114Y145       CARRY4 (Prop_carry4_CI_CO[3])
                                                      0.054    16.997 r  u_recon/u_weight_reduce/rails_s_reg[59]_i_336/CO[3]
                         net (fo=1, routed)           0.000    16.997    u_recon/u_weight_reduce/rails_s_reg[59]_i_336_n_0
    SLICE_X114Y146                                                    r  u_recon/u_weight_reduce/rails_s_reg[63]_i_341/CI
    SLICE_X114Y146       CARRY4 (Prop_carry4_CI_O[0])
                                                      0.108    17.105 r  u_recon/u_weight_reduce/rails_s_reg[63]_i_341/O[0]
                         net (fo=2, routed)           0.777    17.882    u_recon/u_weight_reduce/rails_s_reg[63]_i_341_n_7
    SLICE_X109Y160                                                    r  u_recon/u_weight_reduce/rails_s[59]_i_184/I2
    SLICE_X109Y160       LUT3 (Prop_lut3_I2_O)        0.132    18.014 r  u_recon/u_weight_reduce/rails_s[59]_i_184/O
                         net (fo=2, routed)           0.468    18.482    u_recon/u_weight_reduce/rails_s[59]_i_184_n_0
    SLICE_X109Y160                                                    r  u_recon/u_weight_reduce/rails_s[59]_i_188/I3
    SLICE_X109Y160       LUT4 (Prop_lut4_I3_O)        0.136    18.618 r  u_recon/u_weight_reduce/rails_s[59]_i_188/O
                         net (fo=1, routed)           0.000    18.618    u_recon/u_weight_reduce/rails_s[59]_i_188_n_0
    SLICE_X109Y160                                                    r  u_recon/u_weight_reduce/rails_s_reg[59]_i_108/S[1]
    SLICE_X109Y160       CARRY4 (Prop_carry4_S[1]_CO[3])
                                                      0.267    18.885 r  u_recon/u_weight_reduce/rails_s_reg[59]_i_108/CO[3]
                         net (fo=1, routed)           0.000    18.885    u_recon/u_weight_reduce/rails_s_reg[59]_i_108_n_0
    SLICE_X109Y161                                                    r  u_recon/u_weight_reduce/rails_s_reg[63]_i_84/CI
    SLICE_X109Y161       CARRY4 (Prop_carry4_CI_O[0])
                                                      0.111    18.996 r  u_recon/u_weight_reduce/rails_s_reg[63]_i_84/O[0]
                         net (fo=2, routed)           1.542    20.538    u_recon/u_weight_reduce/rails_s_reg[63]_i_84_n_7
    SLICE_X82Y191                                                     r  u_recon/u_weight_reduce/rails_s[59]_i_58/I1
    SLICE_X82Y191        LUT3 (Prop_lut3_I1_O)        0.132    20.670 r  u_recon/u_weight_reduce/rails_s[59]_i_58/O
                         net (fo=2, routed)           0.278    20.948    u_recon/u_weight_reduce/rails_s[59]_i_58_n_0
    SLICE_X82Y191                                                     r  u_recon/u_weight_reduce/rails_s[59]_i_62/I3
    SLICE_X82Y191        LUT4 (Prop_lut4_I3_O)        0.136    21.084 r  u_recon/u_weight_reduce/rails_s[59]_i_62/O
                         net (fo=1, routed)           0.000    21.084    u_recon/u_weight_reduce/rails_s[59]_i_62_n_0
    SLICE_X82Y191                                                     r  u_recon/u_weight_reduce/rails_s_reg[59]_i_32/S[1]
    SLICE_X82Y191        CARRY4 (Prop_carry4_S[1]_CO[3])
                                                      0.267    21.351 r  u_recon/u_weight_reduce/rails_s_reg[59]_i_32/CO[3]
                         net (fo=1, routed)           0.000    21.351    u_recon/u_weight_reduce/rails_s_reg[59]_i_32_n_0
    SLICE_X82Y192                                                     r  u_recon/u_weight_reduce/rails_s_reg[63]_i_19/CI
    SLICE_X82Y192        CARRY4 (Prop_carry4_CI_O[1])
                                                      0.166    21.517 r  u_recon/u_weight_reduce/rails_s_reg[63]_i_19/O[1]
                         net (fo=3, routed)           1.511    23.028    u_recon/u_weight_reduce/rails_s_reg[63]_i_19_n_6
    SLICE_X76Y240                                                     r  u_recon/u_weight_reduce/rails_s[59]_i_29/I2
    SLICE_X76Y240        LUT3 (Prop_lut3_I2_O)        0.123    23.151 r  u_recon/u_weight_reduce/rails_s[59]_i_29/O
                         net (fo=2, routed)           0.333    23.484    u_recon/u_weight_reduce/rails_s[59]_i_29_n_0
    SLICE_X75Y238                                                     r  u_recon/u_weight_reduce/rails_s[59]_i_13/I1
    SLICE_X75Y238        LUT5 (Prop_lut5_I1_O)        0.043    23.527 r  u_recon/u_weight_reduce/rails_s[59]_i_13/O
                         net (fo=2, routed)           0.493    24.020    u_recon/u_weight_reduce/rails_s[59]_i_13_n_0
    SLICE_X76Y238                                                     r  u_recon/u_weight_reduce/rails_s[59]_i_17/I0
    SLICE_X76Y238        LUT6 (Prop_lut6_I0_O)        0.043    24.063 r  u_recon/u_weight_reduce/rails_s[59]_i_17/O
                         net (fo=1, routed)           0.000    24.063    u_recon/u_weight_reduce/rails_s[59]_i_17_n_0
    SLICE_X76Y238                                                     r  u_recon/u_weight_reduce/rails_s_reg[59]_i_10/S[2]
    SLICE_X76Y238        CARRY4 (Prop_carry4_S[2]_CO[3])
                                                      0.195    24.258 r  u_recon/u_weight_reduce/rails_s_reg[59]_i_10/CO[3]
                         net (fo=1, routed)           0.000    24.258    u_recon/u_weight_reduce/rails_s_reg[59]_i_10_n_0
    SLICE_X76Y239                                                     r  u_recon/u_weight_reduce/rails_s_reg[63]_i_10/CI
    SLICE_X76Y239        CARRY4 (Prop_carry4_CI_O[1])
                                                      0.166    24.424 f  u_recon/u_weight_reduce/rails_s_reg[63]_i_10/O[1]
                         net (fo=2, routed)           0.348    24.772    u_recon/u_weight_reduce/sum_Won[57]
    SLICE_X77Y238                                                     f  u_recon/u_weight_reduce/rails_s[59]_i_2/I2
    SLICE_X77Y238        LUT4 (Prop_lut4_I2_O)        0.132    24.904 r  u_recon/u_weight_reduce/rails_s[59]_i_2/O
                         net (fo=2, routed)           0.324    25.228    u_recon/u_weight_reduce/rails_s[59]_i_2_n_0
    SLICE_X77Y238                                                     r  u_recon/u_weight_reduce/rails_s[59]_i_6/I0
    SLICE_X77Y238        LUT4 (Prop_lut4_I0_O)        0.132    25.360 r  u_recon/u_weight_reduce/rails_s[59]_i_6/O
                         net (fo=1, routed)           0.000    25.360    u_recon/u_weight_reduce/rails_s[59]_i_6_n_0
    SLICE_X77Y238                                                     r  u_recon/u_weight_reduce/rails_s_reg[59]_i_1/S[3]
    SLICE_X77Y238        CARRY4 (Prop_carry4_S[3]_CO[3])
                                                      0.193    25.553 r  u_recon/u_weight_reduce/rails_s_reg[59]_i_1/CO[3]
                         net (fo=1, routed)           0.000    25.553    u_recon/u_weight_reduce/rails_s_reg[59]_i_1_n_0
    SLICE_X77Y239                                                     r  u_recon/u_weight_reduce/rails_s_reg[63]_i_1/CI
    SLICE_X77Y239        CARRY4 (Prop_carry4_CI_CO[3])
                                                      0.053    25.606 r  u_recon/u_weight_reduce/rails_s_reg[63]_i_1/CO[3]
                         net (fo=1, routed)           0.000    25.606    u_recon/u_weight_reduce/rails_s_reg[63]_i_1_n_0
    SLICE_X77Y240                                                     r  u_recon/u_weight_reduce/rails_s_reg[64]_i_3/CI
    SLICE_X77Y240        CARRY4 (Prop_carry4_CI_O[1])
                                                      0.166    25.772 r  u_recon/u_weight_reduce/rails_s_reg[64]_i_3/O[1]
                         net (fo=1, routed)           0.000    25.772    u_recon/rails__0[65]
    SLICE_X77Y240        FDRE                                         r  u_recon/rails_s_reg[65]/D
  -------------------------------------------------------------------    -------------------

                         (clock core_clk rise edge)
                                                     25.000    25.000 r  
                                                      0.000    25.000 r  clk (IN)
                         net (fo=0)                   0.510    25.510    __ooc_clk_input
    BUFGCTRL_X0Y0                                                     r  __ooc_internal_bufg/I
    BUFGCTRL_X0Y0        BUFG (Prop_bufg_I_O)         0.083    25.593 r  __ooc_internal_bufg/O
                         net (fo=66508, routed)       1.125    26.718    u_recon/clk
    SLICE_X77Y240        FDRE                                         r  u_recon/rails_s_reg[65]/C
                         clock pessimism              0.037    26.755    
                         clock uncertainty           -0.085    26.670    
    SLICE_X77Y240        FDRE (Setup_fdre_C_D)        0.049    26.719    u_recon/rails_s_reg[65]
  -------------------------------------------------------------------
                         required time                         26.719    
                         arrival time                         -25.772    
  -------------------------------------------------------------------
                         slack                                  0.946    

Slack (MET) :             0.998ns  (required time - arrival time)
  Source:                 u_structure/u_context/fine_slices_reg[1][3]/C
                            (rising edge-triggered cell FDRE clocked by core_clk  {rise@0.000ns fall@12.500ns period=25.000ns})
  Destination:            u_recon/rails_s_reg[61]/D
                            (rising edge-triggered cell FDRE clocked by core_clk  {rise@0.000ns fall@12.500ns period=25.000ns})
  Path Group:             core_clk
  Path Type:              Setup (Max at Slow Process Corner)
  Requirement:            25.000ns  (core_clk rise@25.000ns - core_clk rise@0.000ns)
  Data Path Delay:        23.861ns  (logic 5.238ns (21.952%)  route 18.623ns (78.048%))
  Logic Levels:           39  (CARRY4=20 LUT3=7 LUT4=7 LUT5=3 LUT6=2)
  Clock Path Skew:        -0.104ns (DCD - SCD + CPR)
    Destination Clock Delay (DCD):    1.717ns = ( 26.717 - 25.000 ) 
    Source Clock Delay      (SCD):    1.858ns
    Clock Pessimism Removal (CPR):    0.037ns
  Clock Uncertainty:      0.085ns  ((TSJ^2 + TIJ^2)^1/2 + DJ) / 2 + PE + UU
    Total System Jitter     (TSJ):    0.071ns
    Total Input Jitter      (TIJ):    0.000ns
    Discrete Jitter          (DJ):    0.000ns
    Phase Error              (PE):    0.000ns
    User Uncertainty         (UU):    0.050ns

    Location             Delay type                Incr(ns)  Path(ns)    Netlist Resource(s)
  -------------------------------------------------------------------    -------------------
                         (clock core_clk rise edge)
                                                      0.000     0.000 r  
                                                      0.000     0.000 r  clk (IN)
                         net (fo=0)                   0.537     0.537    __ooc_clk_input
    BUFGCTRL_X0Y0                                                     r  __ooc_internal_bufg/I
    BUFGCTRL_X0Y0        BUFG (Prop_bufg_I_O)         0.093     0.630 r  __ooc_internal_bufg/O
                         net (fo=66508, routed)       1.228     1.858    u_structure/u_context/clk
    SLICE_X101Y287       FDRE                                         r  u_structure/u_context/fine_slices_reg[1][3]/C
  -------------------------------------------------------------------    -------------------
    SLICE_X101Y287       FDRE (Prop_fdre_C_Q)         0.223     2.081 r  u_structure/u_context/fine_slices_reg[1][3]/Q
                         net (fo=81, routed)          0.628     2.709    u_structure/u_context/structural_ids[1][3]
    SLICE_X106Y286                                                    r  u_structure/u_context/op3_w_i_363/I2
    SLICE_X106Y286       LUT5 (Prop_lut5_I2_O)        0.043     2.752 r  u_structure/u_context/op3_w_i_363/O
                         net (fo=72, routed)          2.434     5.186    u_structure/u_context/op3_w_i_363_n_0
    SLICE_X161Y354                                                    r  u_structure/u_context/rails_s[63]_i_36495/I3
    SLICE_X161Y354       LUT4 (Prop_lut4_I3_O)        0.043     5.229 r  u_structure/u_context/rails_s[63]_i_36495/O
                         net (fo=1, routed)           0.355     5.584    u_structure/u_context/rails_s[63]_i_36495_n_0
    SLICE_X161Y354                                                    r  u_structure/u_context/rails_s[63]_i_29203/I4
    SLICE_X161Y354       LUT5 (Prop_lut5_I4_O)        0.043     5.627 r  u_structure/u_context/rails_s[63]_i_29203/O
                         net (fo=1, routed)           0.385     6.012    u_structure/u_context/rails_s[63]_i_29203_n_0
    SLICE_X164Y354                                                    r  u_structure/u_context/rails_s[63]_i_23433/I5
    SLICE_X164Y354       LUT6 (Prop_lut6_I5_O)        0.043     6.055 r  u_structure/u_context/rails_s[63]_i_23433/O
                         net (fo=47, routed)          4.375    10.430    u_structure/u_context/u_recon/u_weight_reduce/physical_on34_out[50]
    SLICE_X167Y104                                                    r  u_structure/u_context/rails_s[31]_i_6052/I0
    SLICE_X167Y104       LUT3 (Prop_lut3_I0_O)        0.054    10.484 r  u_structure/u_context/rails_s[31]_i_6052/O
                         net (fo=2, routed)           0.460    10.944    u_recon/u_weight_reduce/on_tree[3092]_933[4]
    SLICE_X166Y106                                                    r  u_recon/u_weight_reduce/rails_s[31]_i_3039/I1
    SLICE_X166Y106       LUT3 (Prop_lut3_I1_O)        0.141    11.085 r  u_recon/u_weight_reduce/rails_s[31]_i_3039/O
                         net (fo=2, routed)           0.470    11.555    u_recon/u_weight_reduce/rails_s[31]_i_3039_n_0
    SLICE_X166Y106                                                    r  u_recon/u_weight_reduce/rails_s[31]_i_3043/I3
    SLICE_X166Y106       LUT4 (Prop_lut4_I3_O)        0.134    11.689 r  u_recon/u_weight_reduce/rails_s[31]_i_3043/O
                         net (fo=1, routed)           0.000    11.689    u_recon/u_weight_reduce/rails_s[31]_i_3043_n_0
    SLICE_X166Y106                                                    r  u_recon/u_weight_reduce/rails_s_reg[31]_i_1817/S[1]
    SLICE_X166Y106       CARRY4 (Prop_carry4_S[1]_CO[3])
                                                      0.256    11.945 r  u_recon/u_weight_reduce/rails_s_reg[31]_i_1817/CO[3]
                         net (fo=1, routed)           0.000    11.945    u_recon/u_weight_reduce/rails_s_reg[31]_i_1817_n_0
    SLICE_X166Y107                                                    r  u_recon/u_weight_reduce/rails_s_reg[35]_i_1817/CI
    SLICE_X166Y107       CARRY4 (Prop_carry4_CI_O[0])
                                                      0.108    12.053 r  u_recon/u_weight_reduce/rails_s_reg[35]_i_1817/O[0]
                         net (fo=2, routed)           0.490    12.543    u_recon/u_weight_reduce/rails_s_reg[35]_i_1817_n_7
    SLICE_X161Y107                                                    r  u_recon/u_weight_reduce/rails_s[31]_i_1163/I2
    SLICE_X161Y107       LUT3 (Prop_lut3_I2_O)        0.132    12.675 r  u_recon/u_weight_reduce/rails_s[31]_i_1163/O
                         net (fo=2, routed)           0.608    13.283    u_recon/u_weight_reduce/rails_s[31]_i_1163_n_0
    SLICE_X161Y107                                                    r  u_recon/u_weight_reduce/rails_s[31]_i_1167/I3
    SLICE_X161Y107       LUT4 (Prop_lut4_I3_O)        0.136    13.419 r  u_recon/u_weight_reduce/rails_s[31]_i_1167/O
                         net (fo=1, routed)           0.000    13.419    u_recon/u_weight_reduce/rails_s[31]_i_1167_n_0
    SLICE_X161Y107                                                    r  u_recon/u_weight_reduce/rails_s_reg[31]_i_735/S[1]
    SLICE_X161Y107       CARRY4 (Prop_carry4_S[1]_CO[3])
                                                      0.267    13.686 r  u_recon/u_weight_reduce/rails_s_reg[31]_i_735/CO[3]
                         net (fo=1, routed)           0.000    13.686    u_recon/u_weight_reduce/rails_s_reg[31]_i_735_n_0
    SLICE_X161Y108                                                    r  u_recon/u_weight_reduce/rails_s_reg[35]_i_735/CI
    SLICE_X161Y108       CARRY4 (Prop_carry4_CI_CO[3])
                                                      0.053    13.739 r  u_recon/u_weight_reduce/rails_s_reg[35]_i_735/CO[3]
                         net (fo=1, routed)           0.000    13.739    u_recon/u_weight_reduce/rails_s_reg[35]_i_735_n_0
    SLICE_X161Y109                                                    r  u_recon/u_weight_reduce/rails_s_reg[39]_i_735/CI
    SLICE_X161Y109       CARRY4 (Prop_carry4_CI_CO[3])
                                                      0.053    13.792 r  u_recon/u_weight_reduce/rails_s_reg[39]_i_735/CO[3]
                         net (fo=1, routed)           0.000    13.792    u_recon/u_weight_reduce/rails_s_reg[39]_i_735_n_0
    SLICE_X161Y110                                                    r  u_recon/u_weight_reduce/rails_s_reg[43]_i_737/CI
    SLICE_X161Y110       CARRY4 (Prop_carry4_CI_CO[3])
                                                      0.053    13.845 r  u_recon/u_weight_reduce/rails_s_reg[43]_i_737/CO[3]
                         net (fo=1, routed)           0.000    13.845    u_recon/u_weight_reduce/rails_s_reg[43]_i_737_n_0
    SLICE_X161Y111                                                    r  u_recon/u_weight_reduce/rails_s_reg[47]_i_735/CI
    SLICE_X161Y111       CARRY4 (Prop_carry4_CI_CO[3])
                                                      0.053    13.898 r  u_recon/u_weight_reduce/rails_s_reg[47]_i_735/CO[3]
                         net (fo=1, routed)           0.000    13.898    u_recon/u_weight_reduce/rails_s_reg[47]_i_735_n_0
    SLICE_X161Y112                                                    r  u_recon/u_weight_reduce/rails_s_reg[51]_i_735/CI
    SLICE_X161Y112       CARRY4 (Prop_carry4_CI_O[3])
                                                      0.149    14.047 r  u_recon/u_weight_reduce/rails_s_reg[51]_i_735/O[3]
                         net (fo=2, routed)           1.778    15.825    u_recon/u_weight_reduce/rails_s_reg[51]_i_735_n_4
    SLICE_X114Y142                                                    r  u_recon/u_weight_reduce/rails_s[51]_i_472/I0
    SLICE_X114Y142       LUT3 (Prop_lut3_I0_O)        0.124    15.949 r  u_recon/u_weight_reduce/rails_s[51]_i_472/O
                         net (fo=2, routed)           0.565    16.515    u_recon/u_weight_reduce/rails_s[51]_i_472_n_0
    SLICE_X114Y143                                                    r  u_recon/u_weight_reduce/rails_s_reg[51]_i_305/DI[0]
    SLICE_X114Y143       CARRY4 (Prop_carry4_DI[0]_CO[3])
                                                      0.374    16.889 r  u_recon/u_weight_reduce/rails_s_reg[51]_i_305/CO[3]
                         net (fo=1, routed)           0.000    16.889    u_recon/u_weight_reduce/rails_s_reg[51]_i_305_n_0
    SLICE_X114Y144                                                    r  u_recon/u_weight_reduce/rails_s_reg[55]_i_305/CI
    SLICE_X114Y144       CARRY4 (Prop_carry4_CI_CO[3])
                                                      0.054    16.943 r  u_recon/u_weight_reduce/rails_s_reg[55]_i_305/CO[3]
                         net (fo=1, routed)           0.000    16.943    u_recon/u_weight_reduce/rails_s_reg[55]_i_305_n_0
    SLICE_X114Y145                                                    r  u_recon/u_weight_reduce/rails_s_reg[59]_i_336/CI
    SLICE_X114Y145       CARRY4 (Prop_carry4_CI_CO[3])
                                                      0.054    16.997 r  u_recon/u_weight_reduce/rails_s_reg[59]_i_336/CO[3]
                         net (fo=1, routed)           0.000    16.997    u_recon/u_weight_reduce/rails_s_reg[59]_i_336_n_0
    SLICE_X114Y146                                                    r  u_recon/u_weight_reduce/rails_s_reg[63]_i_341/CI
    SLICE_X114Y146       CARRY4 (Prop_carry4_CI_O[0])
                                                      0.108    17.105 r  u_recon/u_weight_reduce/rails_s_reg[63]_i_341/O[0]
                         net (fo=2, routed)           0.777    17.882    u_recon/u_weight_reduce/rails_s_reg[63]_i_341_n_7
    SLICE_X109Y160                                                    r  u_recon/u_weight_reduce/rails_s[59]_i_184/I2
    SLICE_X109Y160       LUT3 (Prop_lut3_I2_O)        0.132    18.014 r  u_recon/u_weight_reduce/rails_s[59]_i_184/O
                         net (fo=2, routed)           0.468    18.482    u_recon/u_weight_reduce/rails_s[59]_i_184_n_0
    SLICE_X109Y160                                                    r  u_recon/u_weight_reduce/rails_s[59]_i_188/I3
    SLICE_X109Y160       LUT4 (Prop_lut4_I3_O)        0.136    18.618 r  u_recon/u_weight_reduce/rails_s[59]_i_188/O
                         net (fo=1, routed)           0.000    18.618    u_recon/u_weight_reduce/rails_s[59]_i_188_n_0
    SLICE_X109Y160                                                    r  u_recon/u_weight_reduce/rails_s_reg[59]_i_108/S[1]
    SLICE_X109Y160       CARRY4 (Prop_carry4_S[1]_CO[3])
                                                      0.267    18.885 r  u_recon/u_weight_reduce/rails_s_reg[59]_i_108/CO[3]
                         net (fo=1, routed)           0.000    18.885    u_recon/u_weight_reduce/rails_s_reg[59]_i_108_n_0
    SLICE_X109Y161                                                    r  u_recon/u_weight_reduce/rails_s_reg[63]_i_84/CI
    SLICE_X109Y161       CARRY4 (Prop_carry4_CI_O[0])
                                                      0.111    18.996 r  u_recon/u_weight_reduce/rails_s_reg[63]_i_84/O[0]
                         net (fo=2, routed)           1.542    20.538    u_recon/u_weight_reduce/rails_s_reg[63]_i_84_n_7
    SLICE_X82Y191                                                     r  u_recon/u_weight_reduce/rails_s[59]_i_58/I1
    SLICE_X82Y191        LUT3 (Prop_lut3_I1_O)        0.132    20.670 r  u_recon/u_weight_reduce/rails_s[59]_i_58/O
                         net (fo=2, routed)           0.278    20.948    u_recon/u_weight_reduce/rails_s[59]_i_58_n_0
    SLICE_X82Y191                                                     r  u_recon/u_weight_reduce/rails_s[59]_i_62/I3
    SLICE_X82Y191        LUT4 (Prop_lut4_I3_O)        0.136    21.084 r  u_recon/u_weight_reduce/rails_s[59]_i_62/O
                         net (fo=1, routed)           0.000    21.084    u_recon/u_weight_reduce/rails_s[59]_i_62_n_0
    SLICE_X82Y191                                                     r  u_recon/u_weight_reduce/rails_s_reg[59]_i_32/S[1]
    SLICE_X82Y191        CARRY4 (Prop_carry4_S[1]_CO[3])
                                                      0.267    21.351 r  u_recon/u_weight_reduce/rails_s_reg[59]_i_32/CO[3]
                         net (fo=1, routed)           0.000    21.351    u_recon/u_weight_reduce/rails_s_reg[59]_i_32_n_0
    SLICE_X82Y192                                                     r  u_recon/u_weight_reduce/rails_s_reg[63]_i_19/CI
    SLICE_X82Y192        CARRY4 (Prop_carry4_CI_O[1])
                                                      0.166    21.517 r  u_recon/u_weight_reduce/rails_s_reg[63]_i_19/O[1]
                         net (fo=3, routed)           1.511    23.028    u_recon/u_weight_reduce/rails_s_reg[63]_i_19_n_6
    SLICE_X76Y240                                                     r  u_recon/u_weight_reduce/rails_s[59]_i_29/I2
    SLICE_X76Y240        LUT3 (Prop_lut3_I2_O)        0.123    23.151 r  u_recon/u_weight_reduce/rails_s[59]_i_29/O
                         net (fo=2, routed)           0.333    23.484    u_recon/u_weight_reduce/rails_s[59]_i_29_n_0
    SLICE_X75Y238                                                     r  u_recon/u_weight_reduce/rails_s[59]_i_13/I1
    SLICE_X75Y238        LUT5 (Prop_lut5_I1_O)        0.043    23.527 r  u_recon/u_weight_reduce/rails_s[59]_i_13/O
                         net (fo=2, routed)           0.493    24.020    u_recon/u_weight_reduce/rails_s[59]_i_13_n_0
    SLICE_X76Y238                                                     r  u_recon/u_weight_reduce/rails_s[59]_i_17/I0
    SLICE_X76Y238        LUT6 (Prop_lut6_I0_O)        0.043    24.063 r  u_recon/u_weight_reduce/rails_s[59]_i_17/O
                         net (fo=1, routed)           0.000    24.063    u_recon/u_weight_reduce/rails_s[59]_i_17_n_0
    SLICE_X76Y238                                                     r  u_recon/u_weight_reduce/rails_s_reg[59]_i_10/S[2]
    SLICE_X76Y238        CARRY4 (Prop_carry4_S[2]_CO[3])
                                                      0.195    24.258 r  u_recon/u_weight_reduce/rails_s_reg[59]_i_10/CO[3]
                         net (fo=1, routed)           0.000    24.258    u_recon/u_weight_reduce/rails_s_reg[59]_i_10_n_0
    SLICE_X76Y239                                                     r  u_recon/u_weight_reduce/rails_s_reg[63]_i_10/CI
    SLICE_X76Y239        CARRY4 (Prop_carry4_CI_O[1])
                                                      0.166    24.424 f  u_recon/u_weight_reduce/rails_s_reg[63]_i_10/O[1]
                         net (fo=2, routed)           0.348    24.772    u_recon/u_weight_reduce/sum_Won[57]
    SLICE_X77Y238                                                     f  u_recon/u_weight_reduce/rails_s[59]_i_2/I2
    SLICE_X77Y238        LUT4 (Prop_lut4_I2_O)        0.132    24.904 r  u_recon/u_weight_reduce/rails_s[59]_i_2/O
                         net (fo=2, routed)           0.324    25.228    u_recon/u_weight_reduce/rails_s[59]_i_2_n_0
    SLICE_X77Y238                                                     r  u_recon/u_weight_reduce/rails_s[59]_i_6/I0
    SLICE_X77Y238        LUT4 (Prop_lut4_I0_O)        0.132    25.360 r  u_recon/u_weight_reduce/rails_s[59]_i_6/O
                         net (fo=1, routed)           0.000    25.360    u_recon/u_weight_reduce/rails_s[59]_i_6_n_0
    SLICE_X77Y238                                                     r  u_recon/u_weight_reduce/rails_s_reg[59]_i_1/S[3]
    SLICE_X77Y238        CARRY4 (Prop_carry4_S[3]_CO[3])
                                                      0.193    25.553 r  u_recon/u_weight_reduce/rails_s_reg[59]_i_1/CO[3]
                         net (fo=1, routed)           0.000    25.553    u_recon/u_weight_reduce/rails_s_reg[59]_i_1_n_0
    SLICE_X77Y239                                                     r  u_recon/u_weight_reduce/rails_s_reg[63]_i_1/CI
    SLICE_X77Y239        CARRY4 (Prop_carry4_CI_O[1])
                                                      0.166    25.719 r  u_recon/u_weight_reduce/rails_s_reg[63]_i_1/O[1]
                         net (fo=1, routed)           0.000    25.719    u_recon/rails[61]
    SLICE_X77Y239        FDRE                                         r  u_recon/rails_s_reg[61]/D
  -------------------------------------------------------------------    -------------------

                         (clock core_clk rise edge)
                                                     25.000    25.000 r  
                                                      0.000    25.000 r  clk (IN)
                         net (fo=0)                   0.510    25.510    __ooc_clk_input
    BUFGCTRL_X0Y0                                                     r  __ooc_internal_bufg/I
    BUFGCTRL_X0Y0        BUFG (Prop_bufg_I_O)         0.083    25.593 r  __ooc_internal_bufg/O
                         net (fo=66508, routed)       1.124    26.717    u_recon/clk
    SLICE_X77Y239        FDRE                                         r  u_recon/rails_s_reg[61]/C
                         clock pessimism              0.037    26.754    
                         clock uncertainty           -0.085    26.669    
    SLICE_X77Y239        FDRE (Setup_fdre_C_D)        0.049    26.718    u_recon/rails_s_reg[61]
  -------------------------------------------------------------------
                         required time                         26.718    
                         arrival time                         -25.719    
  -------------------------------------------------------------------
                         slack                                  0.998    

Slack (MET) :             1.001ns  (required time - arrival time)
  Source:                 u_structure/u_context/fine_slices_reg[1][3]/C
                            (rising edge-triggered cell FDRE clocked by core_clk  {rise@0.000ns fall@12.500ns period=25.000ns})
  Destination:            u_recon/rails_s_reg[64]/D
                            (rising edge-triggered cell FDRE clocked by core_clk  {rise@0.000ns fall@12.500ns period=25.000ns})
  Path Group:             core_clk
  Path Type:              Setup (Max at Slow Process Corner)
  Requirement:            25.000ns  (core_clk rise@25.000ns - core_clk rise@0.000ns)
  Data Path Delay:        23.859ns  (logic 5.236ns (21.945%)  route 18.623ns (78.055%))
  Logic Levels:           40  (CARRY4=21 LUT3=7 LUT4=7 LUT5=3 LUT6=2)
  Clock Path Skew:        -0.103ns (DCD - SCD + CPR)
    Destination Clock Delay (DCD):    1.718ns = ( 26.718 - 25.000 ) 
    Source Clock Delay      (SCD):    1.858ns
    Clock Pessimism Removal (CPR):    0.037ns
  Clock Uncertainty:      0.085ns  ((TSJ^2 + TIJ^2)^1/2 + DJ) / 2 + PE + UU
    Total System Jitter     (TSJ):    0.071ns
    Total Input Jitter      (TIJ):    0.000ns
    Discrete Jitter          (DJ):    0.000ns
    Phase Error              (PE):    0.000ns
    User Uncertainty         (UU):    0.050ns

    Location             Delay type                Incr(ns)  Path(ns)    Netlist Resource(s)
  -------------------------------------------------------------------    -------------------
                         (clock core_clk rise edge)
                                                      0.000     0.000 r  
                                                      0.000     0.000 r  clk (IN)
                         net (fo=0)                   0.537     0.537    __ooc_clk_input
    BUFGCTRL_X0Y0                                                     r  __ooc_internal_bufg/I
    BUFGCTRL_X0Y0        BUFG (Prop_bufg_I_O)         0.093     0.630 r  __ooc_internal_bufg/O
                         net (fo=66508, routed)       1.228     1.858    u_structure/u_context/clk
    SLICE_X101Y287       FDRE                                         r  u_structure/u_context/fine_slices_reg[1][3]/C
  -------------------------------------------------------------------    -------------------
    SLICE_X101Y287       FDRE (Prop_fdre_C_Q)         0.223     2.081 r  u_structure/u_context/fine_slices_reg[1][3]/Q
                         net (fo=81, routed)          0.628     2.709    u_structure/u_context/structural_ids[1][3]
    SLICE_X106Y286                                                    r  u_structure/u_context/op3_w_i_363/I2
    SLICE_X106Y286       LUT5 (Prop_lut5_I2_O)        0.043     2.752 r  u_structure/u_context/op3_w_i_363/O
                         net (fo=72, routed)          2.434     5.186    u_structure/u_context/op3_w_i_363_n_0
    SLICE_X161Y354                                                    r  u_structure/u_context/rails_s[63]_i_36495/I3
    SLICE_X161Y354       LUT4 (Prop_lut4_I3_O)        0.043     5.229 r  u_structure/u_context/rails_s[63]_i_36495/O
                         net (fo=1, routed)           0.355     5.584    u_structure/u_context/rails_s[63]_i_36495_n_0
    SLICE_X161Y354                                                    r  u_structure/u_context/rails_s[63]_i_29203/I4
    SLICE_X161Y354       LUT5 (Prop_lut5_I4_O)        0.043     5.627 r  u_structure/u_context/rails_s[63]_i_29203/O
                         net (fo=1, routed)           0.385     6.012    u_structure/u_context/rails_s[63]_i_29203_n_0
    SLICE_X164Y354                                                    r  u_structure/u_context/rails_s[63]_i_23433/I5
    SLICE_X164Y354       LUT6 (Prop_lut6_I5_O)        0.043     6.055 r  u_structure/u_context/rails_s[63]_i_23433/O
                         net (fo=47, routed)          4.375    10.430    u_structure/u_context/u_recon/u_weight_reduce/physical_on34_out[50]
    SLICE_X167Y104                                                    r  u_structure/u_context/rails_s[31]_i_6052/I0
    SLICE_X167Y104       LUT3 (Prop_lut3_I0_O)        0.054    10.484 r  u_structure/u_context/rails_s[31]_i_6052/O
                         net (fo=2, routed)           0.460    10.944    u_recon/u_weight_reduce/on_tree[3092]_933[4]
    SLICE_X166Y106                                                    r  u_recon/u_weight_reduce/rails_s[31]_i_3039/I1
    SLICE_X166Y106       LUT3 (Prop_lut3_I1_O)        0.141    11.085 r  u_recon/u_weight_reduce/rails_s[31]_i_3039/O
                         net (fo=2, routed)           0.470    11.555    u_recon/u_weight_reduce/rails_s[31]_i_3039_n_0
    SLICE_X166Y106                                                    r  u_recon/u_weight_reduce/rails_s[31]_i_3043/I3
    SLICE_X166Y106       LUT4 (Prop_lut4_I3_O)        0.134    11.689 r  u_recon/u_weight_reduce/rails_s[31]_i_3043/O
                         net (fo=1, routed)           0.000    11.689    u_recon/u_weight_reduce/rails_s[31]_i_3043_n_0
    SLICE_X166Y106                                                    r  u_recon/u_weight_reduce/rails_s_reg[31]_i_1817/S[1]
    SLICE_X166Y106       CARRY4 (Prop_carry4_S[1]_CO[3])
                                                      0.256    11.945 r  u_recon/u_weight_reduce/rails_s_reg[31]_i_1817/CO[3]
                         net (fo=1, routed)           0.000    11.945    u_recon/u_weight_reduce/rails_s_reg[31]_i_1817_n_0
    SLICE_X166Y107                                                    r  u_recon/u_weight_reduce/rails_s_reg[35]_i_1817/CI
    SLICE_X166Y107       CARRY4 (Prop_carry4_CI_O[0])
                                                      0.108    12.053 r  u_recon/u_weight_reduce/rails_s_reg[35]_i_1817/O[0]
                         net (fo=2, routed)           0.490    12.543    u_recon/u_weight_reduce/rails_s_reg[35]_i_1817_n_7
    SLICE_X161Y107                                                    r  u_recon/u_weight_reduce/rails_s[31]_i_1163/I2
    SLICE_X161Y107       LUT3 (Prop_lut3_I2_O)        0.132    12.675 r  u_recon/u_weight_reduce/rails_s[31]_i_1163/O
                         net (fo=2, routed)           0.608    13.283    u_recon/u_weight_reduce/rails_s[31]_i_1163_n_0
    SLICE_X161Y107                                                    r  u_recon/u_weight_reduce/rails_s[31]_i_1167/I3
    SLICE_X161Y107       LUT4 (Prop_lut4_I3_O)        0.136    13.419 r  u_recon/u_weight_reduce/rails_s[31]_i_1167/O
                         net (fo=1, routed)           0.000    13.419    u_recon/u_weight_reduce/rails_s[31]_i_1167_n_0
    SLICE_X161Y107                                                    r  u_recon/u_weight_reduce/rails_s_reg[31]_i_735/S[1]
    SLICE_X161Y107       CARRY4 (Prop_carry4_S[1]_CO[3])
                                                      0.267    13.686 r  u_recon/u_weight_reduce/rails_s_reg[31]_i_735/CO[3]
                         net (fo=1, routed)           0.000    13.686    u_recon/u_weight_reduce/rails_s_reg[31]_i_735_n_0
    SLICE_X161Y108                                                    r  u_recon/u_weight_reduce/rails_s_reg[35]_i_735/CI
    SLICE_X161Y108       CARRY4 (Prop_carry4_CI_CO[3])
                                                      0.053    13.739 r  u_recon/u_weight_reduce/rails_s_reg[35]_i_735/CO[3]
                         net (fo=1, routed)           0.000    13.739    u_recon/u_weight_reduce/rails_s_reg[35]_i_735_n_0
    SLICE_X161Y109                                                    r  u_recon/u_weight_reduce/rails_s_reg[39]_i_735/CI
    SLICE_X161Y109       CARRY4 (Prop_carry4_CI_CO[3])
                                                      0.053    13.792 r  u_recon/u_weight_reduce/rails_s_reg[39]_i_735/CO[3]
                         net (fo=1, routed)           0.000    13.792    u_recon/u_weight_reduce/rails_s_reg[39]_i_735_n_0
    SLICE_X161Y110                                                    r  u_recon/u_weight_reduce/rails_s_reg[43]_i_737/CI
    SLICE_X161Y110       CARRY4 (Prop_carry4_CI_CO[3])
                                                      0.053    13.845 r  u_recon/u_weight_reduce/rails_s_reg[43]_i_737/CO[3]
                         net (fo=1, routed)           0.000    13.845    u_recon/u_weight_reduce/rails_s_reg[43]_i_737_n_0
    SLICE_X161Y111                                                    r  u_recon/u_weight_reduce/rails_s_reg[47]_i_735/CI
    SLICE_X161Y111       CARRY4 (Prop_carry4_CI_CO[3])
                                                      0.053    13.898 r  u_recon/u_weight_reduce/rails_s_reg[47]_i_735/CO[3]
                         net (fo=1, routed)           0.000    13.898    u_recon/u_weight_reduce/rails_s_reg[47]_i_735_n_0
    SLICE_X161Y112                                                    r  u_recon/u_weight_reduce/rails_s_reg[51]_i_735/CI
    SLICE_X161Y112       CARRY4 (Prop_carry4_CI_O[3])
                                                      0.149    14.047 r  u_recon/u_weight_reduce/rails_s_reg[51]_i_735/O[3]
                         net (fo=2, routed)           1.778    15.825    u_recon/u_weight_reduce/rails_s_reg[51]_i_735_n_4
    SLICE_X114Y142                                                    r  u_recon/u_weight_reduce/rails_s[51]_i_472/I0
    SLICE_X114Y142       LUT3 (Prop_lut3_I0_O)        0.124    15.949 r  u_recon/u_weight_reduce/rails_s[51]_i_472/O
                         net (fo=2, routed)           0.565    16.515    u_recon/u_weight_reduce/rails_s[51]_i_472_n_0
    SLICE_X114Y143                                                    r  u_recon/u_weight_reduce/rails_s_reg[51]_i_305/DI[0]
    SLICE_X114Y143       CARRY4 (Prop_carry4_DI[0]_CO[3])
                                                      0.374    16.889 r  u_recon/u_weight_reduce/rails_s_reg[51]_i_305/CO[3]
                         net (fo=1, routed)           0.000    16.889    u_recon/u_weight_reduce/rails_s_reg[51]_i_305_n_0
    SLICE_X114Y144                                                    r  u_recon/u_weight_reduce/rails_s_reg[55]_i_305/CI
    SLICE_X114Y144       CARRY4 (Prop_carry4_CI_CO[3])
                                                      0.054    16.943 r  u_recon/u_weight_reduce/rails_s_reg[55]_i_305/CO[3]
                         net (fo=1, routed)           0.000    16.943    u_recon/u_weight_reduce/rails_s_reg[55]_i_305_n_0
    SLICE_X114Y145                                                    r  u_recon/u_weight_reduce/rails_s_reg[59]_i_336/CI
    SLICE_X114Y145       CARRY4 (Prop_carry4_CI_CO[3])
                                                      0.054    16.997 r  u_recon/u_weight_reduce/rails_s_reg[59]_i_336/CO[3]
                         net (fo=1, routed)           0.000    16.997    u_recon/u_weight_reduce/rails_s_reg[59]_i_336_n_0
    SLICE_X114Y146                                                    r  u_recon/u_weight_reduce/rails_s_reg[63]_i_341/CI
    SLICE_X114Y146       CARRY4 (Prop_carry4_CI_O[0])
                                                      0.108    17.105 r  u_recon/u_weight_reduce/rails_s_reg[63]_i_341/O[0]
                         net (fo=2, routed)           0.777    17.882    u_recon/u_weight_reduce/rails_s_reg[63]_i_341_n_7
    SLICE_X109Y160                                                    r  u_recon/u_weight_reduce/rails_s[59]_i_184/I2
    SLICE_X109Y160       LUT3 (Prop_lut3_I2_O)        0.132    18.014 r  u_recon/u_weight_reduce/rails_s[59]_i_184/O
                         net (fo=2, routed)           0.468    18.482    u_recon/u_weight_reduce/rails_s[59]_i_184_n_0
    SLICE_X109Y160                                                    r  u_recon/u_weight_reduce/rails_s[59]_i_188/I3
    SLICE_X109Y160       LUT4 (Prop_lut4_I3_O)        0.136    18.618 r  u_recon/u_weight_reduce/rails_s[59]_i_188/O
                         net (fo=1, routed)           0.000    18.618    u_recon/u_weight_reduce/rails_s[59]_i_188_n_0
    SLICE_X109Y160                                                    r  u_recon/u_weight_reduce/rails_s_reg[59]_i_108/S[1]
    SLICE_X109Y160       CARRY4 (Prop_carry4_S[1]_CO[3])
                                                      0.267    18.885 r  u_recon/u_weight_reduce/rails_s_reg[59]_i_108/CO[3]
                         net (fo=1, routed)           0.000    18.885    u_recon/u_weight_reduce/rails_s_reg[59]_i_108_n_0
    SLICE_X109Y161                                                    r  u_recon/u_weight_reduce/rails_s_reg[63]_i_84/CI
    SLICE_X109Y161       CARRY4 (Prop_carry4_CI_O[0])
                                                      0.111    18.996 r  u_recon/u_weight_reduce/rails_s_reg[63]_i_84/O[0]
                         net (fo=2, routed)           1.542    20.538    u_recon/u_weight_reduce/rails_s_reg[63]_i_84_n_7
    SLICE_X82Y191                                                     r  u_recon/u_weight_reduce/rails_s[59]_i_58/I1
    SLICE_X82Y191        LUT3 (Prop_lut3_I1_O)        0.132    20.670 r  u_recon/u_weight_reduce/rails_s[59]_i_58/O
                         net (fo=2, routed)           0.278    20.948    u_recon/u_weight_reduce/rails_s[59]_i_58_n_0
    SLICE_X82Y191                                                     r  u_recon/u_weight_reduce/rails_s[59]_i_62/I3
    SLICE_X82Y191        LUT4 (Prop_lut4_I3_O)        0.136    21.084 r  u_recon/u_weight_reduce/rails_s[59]_i_62/O
                         net (fo=1, routed)           0.000    21.084    u_recon/u_weight_reduce/rails_s[59]_i_62_n_0
    SLICE_X82Y191                                                     r  u_recon/u_weight_reduce/rails_s_reg[59]_i_32/S[1]
    SLICE_X82Y191        CARRY4 (Prop_carry4_S[1]_CO[3])
                                                      0.267    21.351 r  u_recon/u_weight_reduce/rails_s_reg[59]_i_32/CO[3]
                         net (fo=1, routed)           0.000    21.351    u_recon/u_weight_reduce/rails_s_reg[59]_i_32_n_0
    SLICE_X82Y192                                                     r  u_recon/u_weight_reduce/rails_s_reg[63]_i_19/CI
    SLICE_X82Y192        CARRY4 (Prop_carry4_CI_O[1])
                                                      0.166    21.517 r  u_recon/u_weight_reduce/rails_s_reg[63]_i_19/O[1]
                         net (fo=3, routed)           1.511    23.028    u_recon/u_weight_reduce/rails_s_reg[63]_i_19_n_6
    SLICE_X76Y240                                                     r  u_recon/u_weight_reduce/rails_s[59]_i_29/I2
    SLICE_X76Y240        LUT3 (Prop_lut3_I2_O)        0.123    23.151 r  u_recon/u_weight_reduce/rails_s[59]_i_29/O
                         net (fo=2, routed)           0.333    23.484    u_recon/u_weight_reduce/rails_s[59]_i_29_n_0
    SLICE_X75Y238                                                     r  u_recon/u_weight_reduce/rails_s[59]_i_13/I1
    SLICE_X75Y238        LUT5 (Prop_lut5_I1_O)        0.043    23.527 r  u_recon/u_weight_reduce/rails_s[59]_i_13/O
                         net (fo=2, routed)           0.493    24.020    u_recon/u_weight_reduce/rails_s[59]_i_13_n_0
    SLICE_X76Y238                                                     r  u_recon/u_weight_reduce/rails_s[59]_i_17/I0
    SLICE_X76Y238        LUT6 (Prop_lut6_I0_O)        0.043    24.063 r  u_recon/u_weight_reduce/rails_s[59]_i_17/O
                         net (fo=1, routed)           0.000    24.063    u_recon/u_weight_reduce/rails_s[59]_i_17_n_0
    SLICE_X76Y238                                                     r  u_recon/u_weight_reduce/rails_s_reg[59]_i_10/S[2]
    SLICE_X76Y238        CARRY4 (Prop_carry4_S[2]_CO[3])
                                                      0.195    24.258 r  u_recon/u_weight_reduce/rails_s_reg[59]_i_10/CO[3]
                         net (fo=1, routed)           0.000    24.258    u_recon/u_weight_reduce/rails_s_reg[59]_i_10_n_0
    SLICE_X76Y239                                                     r  u_recon/u_weight_reduce/rails_s_reg[63]_i_10/CI
    SLICE_X76Y239        CARRY4 (Prop_carry4_CI_O[1])
                                                      0.166    24.424 f  u_recon/u_weight_reduce/rails_s_reg[63]_i_10/O[1]
                         net (fo=2, routed)           0.348    24.772    u_recon/u_weight_reduce/sum_Won[57]
    SLICE_X77Y238                                                     f  u_recon/u_weight_reduce/rails_s[59]_i_2/I2
    SLICE_X77Y238        LUT4 (Prop_lut4_I2_O)        0.132    24.904 r  u_recon/u_weight_reduce/rails_s[59]_i_2/O
                         net (fo=2, routed)           0.324    25.228    u_recon/u_weight_reduce/rails_s[59]_i_2_n_0
    SLICE_X77Y238                                                     r  u_recon/u_weight_reduce/rails_s[59]_i_6/I0
    SLICE_X77Y238        LUT4 (Prop_lut4_I0_O)        0.132    25.360 r  u_recon/u_weight_reduce/rails_s[59]_i_6/O
                         net (fo=1, routed)           0.000    25.360    u_recon/u_weight_reduce/rails_s[59]_i_6_n_0
    SLICE_X77Y238                                                     r  u_recon/u_weight_reduce/rails_s_reg[59]_i_1/S[3]
    SLICE_X77Y238        CARRY4 (Prop_carry4_S[3]_CO[3])
                                                      0.193    25.553 r  u_recon/u_weight_reduce/rails_s_reg[59]_i_1/CO[3]
                         net (fo=1, routed)           0.000    25.553    u_recon/u_weight_reduce/rails_s_reg[59]_i_1_n_0
    SLICE_X77Y239                                                     r  u_recon/u_weight_reduce/rails_s_reg[63]_i_1/CI
    SLICE_X77Y239        CARRY4 (Prop_carry4_CI_CO[3])
                                                      0.053    25.606 r  u_recon/u_weight_reduce/rails_s_reg[63]_i_1/CO[3]
                         net (fo=1, routed)           0.000    25.606    u_recon/u_weight_reduce/rails_s_reg[63]_i_1_n_0
    SLICE_X77Y240                                                     r  u_recon/u_weight_reduce/rails_s_reg[64]_i_3/CI
    SLICE_X77Y240        CARRY4 (Prop_carry4_CI_O[0])
                                                      0.111    25.717 r  u_recon/u_weight_reduce/rails_s_reg[64]_i_3/O[0]
                         net (fo=1, routed)           0.000    25.717    u_recon/rails[64]
    SLICE_X77Y240        FDRE                                         r  u_recon/rails_s_reg[64]/D
  -------------------------------------------------------------------    -------------------

                         (clock core_clk rise edge)
                                                     25.000    25.000 r  
                                                      0.000    25.000 r  clk (IN)
                         net (fo=0)                   0.510    25.510    __ooc_clk_input
    BUFGCTRL_X0Y0                                                     r  __ooc_internal_bufg/I
    BUFGCTRL_X0Y0        BUFG (Prop_bufg_I_O)         0.083    25.593 r  __ooc_internal_bufg/O
                         net (fo=66508, routed)       1.125    26.718    u_recon/clk
    SLICE_X77Y240        FDRE                                         r  u_recon/rails_s_reg[64]/C
                         clock pessimism              0.037    26.755    
                         clock uncertainty           -0.085    26.670    
    SLICE_X77Y240        FDRE (Setup_fdre_C_D)        0.049    26.719    u_recon/rails_s_reg[64]
  -------------------------------------------------------------------
                         required time                         26.719    
                         arrival time                         -25.717    
  -------------------------------------------------------------------
                         slack                                  1.001    

Slack (MET) :             1.015ns  (required time - arrival time)
  Source:                 u_structure/u_context/fine_slices_reg[1][3]/C
                            (rising edge-triggered cell FDRE clocked by core_clk  {rise@0.000ns fall@12.500ns period=25.000ns})
  Destination:            u_recon/rails_s_reg[63]/D
                            (rising edge-triggered cell FDRE clocked by core_clk  {rise@0.000ns fall@12.500ns period=25.000ns})
  Path Group:             core_clk
  Path Type:              Setup (Max at Slow Process Corner)
  Requirement:            25.000ns  (core_clk rise@25.000ns - core_clk rise@0.000ns)
  Data Path Delay:        23.844ns  (logic 5.221ns (21.896%)  route 18.623ns (78.104%))
  Logic Levels:           39  (CARRY4=20 LUT3=7 LUT4=7 LUT5=3 LUT6=2)
  Clock Path Skew:        -0.104ns (DCD - SCD + CPR)
    Destination Clock Delay (DCD):    1.717ns = ( 26.717 - 25.000 ) 
    Source Clock Delay      (SCD):    1.858ns
    Clock Pessimism Removal (CPR):    0.037ns
  Clock Uncertainty:      0.085ns  ((TSJ^2 + TIJ^2)^1/2 + DJ) / 2 + PE + UU
    Total System Jitter     (TSJ):    0.071ns
    Total Input Jitter      (TIJ):    0.000ns
    Discrete Jitter          (DJ):    0.000ns
    Phase Error              (PE):    0.000ns
    User Uncertainty         (UU):    0.050ns

    Location             Delay type                Incr(ns)  Path(ns)    Netlist Resource(s)
  -------------------------------------------------------------------    -------------------
                         (clock core_clk rise edge)
                                                      0.000     0.000 r  
                                                      0.000     0.000 r  clk (IN)
                         net (fo=0)                   0.537     0.537    __ooc_clk_input
    BUFGCTRL_X0Y0                                                     r  __ooc_internal_bufg/I
    BUFGCTRL_X0Y0        BUFG (Prop_bufg_I_O)         0.093     0.630 r  __ooc_internal_bufg/O
                         net (fo=66508, routed)       1.228     1.858    u_structure/u_context/clk
    SLICE_X101Y287       FDRE                                         r  u_structure/u_context/fine_slices_reg[1][3]/C
  -------------------------------------------------------------------    -------------------
    SLICE_X101Y287       FDRE (Prop_fdre_C_Q)         0.223     2.081 r  u_structure/u_context/fine_slices_reg[1][3]/Q
                         net (fo=81, routed)          0.628     2.709    u_structure/u_context/structural_ids[1][3]
    SLICE_X106Y286                                                    r  u_structure/u_context/op3_w_i_363/I2
    SLICE_X106Y286       LUT5 (Prop_lut5_I2_O)        0.043     2.752 r  u_structure/u_context/op3_w_i_363/O
                         net (fo=72, routed)          2.434     5.186    u_structure/u_context/op3_w_i_363_n_0
    SLICE_X161Y354                                                    r  u_structure/u_context/rails_s[63]_i_36495/I3
    SLICE_X161Y354       LUT4 (Prop_lut4_I3_O)        0.043     5.229 r  u_structure/u_context/rails_s[63]_i_36495/O
                         net (fo=1, routed)           0.355     5.584    u_structure/u_context/rails_s[63]_i_36495_n_0
    SLICE_X161Y354                                                    r  u_structure/u_context/rails_s[63]_i_29203/I4
    SLICE_X161Y354       LUT5 (Prop_lut5_I4_O)        0.043     5.627 r  u_structure/u_context/rails_s[63]_i_29203/O
                         net (fo=1, routed)           0.385     6.012    u_structure/u_context/rails_s[63]_i_29203_n_0
    SLICE_X164Y354                                                    r  u_structure/u_context/rails_s[63]_i_23433/I5
    SLICE_X164Y354       LUT6 (Prop_lut6_I5_O)        0.043     6.055 r  u_structure/u_context/rails_s[63]_i_23433/O
                         net (fo=47, routed)          4.375    10.430    u_structure/u_context/u_recon/u_weight_reduce/physical_on34_out[50]
    SLICE_X167Y104                                                    r  u_structure/u_context/rails_s[31]_i_6052/I0
    SLICE_X167Y104       LUT3 (Prop_lut3_I0_O)        0.054    10.484 r  u_structure/u_context/rails_s[31]_i_6052/O
                         net (fo=2, routed)           0.460    10.944    u_recon/u_weight_reduce/on_tree[3092]_933[4]
    SLICE_X166Y106                                                    r  u_recon/u_weight_reduce/rails_s[31]_i_3039/I1
    SLICE_X166Y106       LUT3 (Prop_lut3_I1_O)        0.141    11.085 r  u_recon/u_weight_reduce/rails_s[31]_i_3039/O
                         net (fo=2, routed)           0.470    11.555    u_recon/u_weight_reduce/rails_s[31]_i_3039_n_0
    SLICE_X166Y106                                                    r  u_recon/u_weight_reduce/rails_s[31]_i_3043/I3
    SLICE_X166Y106       LUT4 (Prop_lut4_I3_O)        0.134    11.689 r  u_recon/u_weight_reduce/rails_s[31]_i_3043/O
                         net (fo=1, routed)           0.000    11.689    u_recon/u_weight_reduce/rails_s[31]_i_3043_n_0
    SLICE_X166Y106                                                    r  u_recon/u_weight_reduce/rails_s_reg[31]_i_1817/S[1]
    SLICE_X166Y106       CARRY4 (Prop_carry4_S[1]_CO[3])
                                                      0.256    11.945 r  u_recon/u_weight_reduce/rails_s_reg[31]_i_1817/CO[3]
                         net (fo=1, routed)           0.000    11.945    u_recon/u_weight_reduce/rails_s_reg[31]_i_1817_n_0
    SLICE_X166Y107                                                    r  u_recon/u_weight_reduce/rails_s_reg[35]_i_1817/CI
    SLICE_X166Y107       CARRY4 (Prop_carry4_CI_O[0])
                                                      0.108    12.053 r  u_recon/u_weight_reduce/rails_s_reg[35]_i_1817/O[0]
                         net (fo=2, routed)           0.490    12.543    u_recon/u_weight_reduce/rails_s_reg[35]_i_1817_n_7
    SLICE_X161Y107                                                    r  u_recon/u_weight_reduce/rails_s[31]_i_1163/I2
    SLICE_X161Y107       LUT3 (Prop_lut3_I2_O)        0.132    12.675 r  u_recon/u_weight_reduce/rails_s[31]_i_1163/O
                         net (fo=2, routed)           0.608    13.283    u_recon/u_weight_reduce/rails_s[31]_i_1163_n_0
    SLICE_X161Y107                                                    r  u_recon/u_weight_reduce/rails_s[31]_i_1167/I3
    SLICE_X161Y107       LUT4 (Prop_lut4_I3_O)        0.136    13.419 r  u_recon/u_weight_reduce/rails_s[31]_i_1167/O
                         net (fo=1, routed)           0.000    13.419    u_recon/u_weight_reduce/rails_s[31]_i_1167_n_0
    SLICE_X161Y107                                                    r  u_recon/u_weight_reduce/rails_s_reg[31]_i_735/S[1]
    SLICE_X161Y107       CARRY4 (Prop_carry4_S[1]_CO[3])
                                                      0.267    13.686 r  u_recon/u_weight_reduce/rails_s_reg[31]_i_735/CO[3]
                         net (fo=1, routed)           0.000    13.686    u_recon/u_weight_reduce/rails_s_reg[31]_i_735_n_0
    SLICE_X161Y108                                                    r  u_recon/u_weight_reduce/rails_s_reg[35]_i_735/CI
    SLICE_X161Y108       CARRY4 (Prop_carry4_CI_CO[3])
                                                      0.053    13.739 r  u_recon/u_weight_reduce/rails_s_reg[35]_i_735/CO[3]
                         net (fo=1, routed)           0.000    13.739    u_recon/u_weight_reduce/rails_s_reg[35]_i_735_n_0
    SLICE_X161Y109                                                    r  u_recon/u_weight_reduce/rails_s_reg[39]_i_735/CI
    SLICE_X161Y109       CARRY4 (Prop_carry4_CI_CO[3])
                                                      0.053    13.792 r  u_recon/u_weight_reduce/rails_s_reg[39]_i_735/CO[3]
                         net (fo=1, routed)           0.000    13.792    u_recon/u_weight_reduce/rails_s_reg[39]_i_735_n_0
    SLICE_X161Y110                                                    r  u_recon/u_weight_reduce/rails_s_reg[43]_i_737/CI
    SLICE_X161Y110       CARRY4 (Prop_carry4_CI_CO[3])
                                                      0.053    13.845 r  u_recon/u_weight_reduce/rails_s_reg[43]_i_737/CO[3]
                         net (fo=1, routed)           0.000    13.845    u_recon/u_weight_reduce/rails_s_reg[43]_i_737_n_0
    SLICE_X161Y111                                                    r  u_recon/u_weight_reduce/rails_s_reg[47]_i_735/CI
    SLICE_X161Y111       CARRY4 (Prop_carry4_CI_CO[3])
                                                      0.053    13.898 r  u_recon/u_weight_reduce/rails_s_reg[47]_i_735/CO[3]
                         net (fo=1, routed)           0.000    13.898    u_recon/u_weight_reduce/rails_s_reg[47]_i_735_n_0
    SLICE_X161Y112                                                    r  u_recon/u_weight_reduce/rails_s_reg[51]_i_735/CI
    SLICE_X161Y112       CARRY4 (Prop_carry4_CI_O[3])
                                                      0.149    14.047 r  u_recon/u_weight_reduce/rails_s_reg[51]_i_735/O[3]
                         net (fo=2, routed)           1.778    15.825    u_recon/u_weight_reduce/rails_s_reg[51]_i_735_n_4
    SLICE_X114Y142                                                    r  u_recon/u_weight_reduce/rails_s[51]_i_472/I0
    SLICE_X114Y142       LUT3 (Prop_lut3_I0_O)        0.124    15.949 r  u_recon/u_weight_reduce/rails_s[51]_i_472/O
                         net (fo=2, routed)           0.565    16.515    u_recon/u_weight_reduce/rails_s[51]_i_472_n_0
    SLICE_X114Y143                                                    r  u_recon/u_weight_reduce/rails_s_reg[51]_i_305/DI[0]
    SLICE_X114Y143       CARRY4 (Prop_carry4_DI[0]_CO[3])
                                                      0.374    16.889 r  u_recon/u_weight_reduce/rails_s_reg[51]_i_305/CO[3]
                         net (fo=1, routed)           0.000    16.889    u_recon/u_weight_reduce/rails_s_reg[51]_i_305_n_0
    SLICE_X114Y144                                                    r  u_recon/u_weight_reduce/rails_s_reg[55]_i_305/CI
    SLICE_X114Y144       CARRY4 (Prop_carry4_CI_CO[3])
                                                      0.054    16.943 r  u_recon/u_weight_reduce/rails_s_reg[55]_i_305/CO[3]
                         net (fo=1, routed)           0.000    16.943    u_recon/u_weight_reduce/rails_s_reg[55]_i_305_n_0
    SLICE_X114Y145                                                    r  u_recon/u_weight_reduce/rails_s_reg[59]_i_336/CI
    SLICE_X114Y145       CARRY4 (Prop_carry4_CI_CO[3])
                                                      0.054    16.997 r  u_recon/u_weight_reduce/rails_s_reg[59]_i_336/CO[3]
                         net (fo=1, routed)           0.000    16.997    u_recon/u_weight_reduce/rails_s_reg[59]_i_336_n_0
    SLICE_X114Y146                                                    r  u_recon/u_weight_reduce/rails_s_reg[63]_i_341/CI
    SLICE_X114Y146       CARRY4 (Prop_carry4_CI_O[0])
                                                      0.108    17.105 r  u_recon/u_weight_reduce/rails_s_reg[63]_i_341/O[0]
                         net (fo=2, routed)           0.777    17.882    u_recon/u_weight_reduce/rails_s_reg[63]_i_341_n_7
    SLICE_X109Y160                                                    r  u_recon/u_weight_reduce/rails_s[59]_i_184/I2
    SLICE_X109Y160       LUT3 (Prop_lut3_I2_O)        0.132    18.014 r  u_recon/u_weight_reduce/rails_s[59]_i_184/O
                         net (fo=2, routed)           0.468    18.482    u_recon/u_weight_reduce/rails_s[59]_i_184_n_0
    SLICE_X109Y160                                                    r  u_recon/u_weight_reduce/rails_s[59]_i_188/I3
    SLICE_X109Y160       LUT4 (Prop_lut4_I3_O)        0.136    18.618 r  u_recon/u_weight_reduce/rails_s[59]_i_188/O
                         net (fo=1, routed)           0.000    18.618    u_recon/u_weight_reduce/rails_s[59]_i_188_n_0
    SLICE_X109Y160                                                    r  u_recon/u_weight_reduce/rails_s_reg[59]_i_108/S[1]
    SLICE_X109Y160       CARRY4 (Prop_carry4_S[1]_CO[3])
                                                      0.267    18.885 r  u_recon/u_weight_reduce/rails_s_reg[59]_i_108/CO[3]
                         net (fo=1, routed)           0.000    18.885    u_recon/u_weight_reduce/rails_s_reg[59]_i_108_n_0
    SLICE_X109Y161                                                    r  u_recon/u_weight_reduce/rails_s_reg[63]_i_84/CI
    SLICE_X109Y161       CARRY4 (Prop_carry4_CI_O[0])
                                                      0.111    18.996 r  u_recon/u_weight_reduce/rails_s_reg[63]_i_84/O[0]
                         net (fo=2, routed)           1.542    20.538    u_recon/u_weight_reduce/rails_s_reg[63]_i_84_n_7
    SLICE_X82Y191                                                     r  u_recon/u_weight_reduce/rails_s[59]_i_58/I1
    SLICE_X82Y191        LUT3 (Prop_lut3_I1_O)        0.132    20.670 r  u_recon/u_weight_reduce/rails_s[59]_i_58/O
                         net (fo=2, routed)           0.278    20.948    u_recon/u_weight_reduce/rails_s[59]_i_58_n_0
    SLICE_X82Y191                                                     r  u_recon/u_weight_reduce/rails_s[59]_i_62/I3
    SLICE_X82Y191        LUT4 (Prop_lut4_I3_O)        0.136    21.084 r  u_recon/u_weight_reduce/rails_s[59]_i_62/O
                         net (fo=1, routed)           0.000    21.084    u_recon/u_weight_reduce/rails_s[59]_i_62_n_0
    SLICE_X82Y191                                                     r  u_recon/u_weight_reduce/rails_s_reg[59]_i_32/S[1]
    SLICE_X82Y191        CARRY4 (Prop_carry4_S[1]_CO[3])
                                                      0.267    21.351 r  u_recon/u_weight_reduce/rails_s_reg[59]_i_32/CO[3]
                         net (fo=1, routed)           0.000    21.351    u_recon/u_weight_reduce/rails_s_reg[59]_i_32_n_0
    SLICE_X82Y192                                                     r  u_recon/u_weight_reduce/rails_s_reg[63]_i_19/CI
    SLICE_X82Y192        CARRY4 (Prop_carry4_CI_O[1])
                                                      0.166    21.517 r  u_recon/u_weight_reduce/rails_s_reg[63]_i_19/O[1]
                         net (fo=3, routed)           1.511    23.028    u_recon/u_weight_reduce/rails_s_reg[63]_i_19_n_6
    SLICE_X76Y240                                                     r  u_recon/u_weight_reduce/rails_s[59]_i_29/I2
    SLICE_X76Y240        LUT3 (Prop_lut3_I2_O)        0.123    23.151 r  u_recon/u_weight_reduce/rails_s[59]_i_29/O
                         net (fo=2, routed)           0.333    23.484    u_recon/u_weight_reduce/rails_s[59]_i_29_n_0
    SLICE_X75Y238                                                     r  u_recon/u_weight_reduce/rails_s[59]_i_13/I1
    SLICE_X75Y238        LUT5 (Prop_lut5_I1_O)        0.043    23.527 r  u_recon/u_weight_reduce/rails_s[59]_i_13/O
                         net (fo=2, routed)           0.493    24.020    u_recon/u_weight_reduce/rails_s[59]_i_13_n_0
    SLICE_X76Y238                                                     r  u_recon/u_weight_reduce/rails_s[59]_i_17/I0
    SLICE_X76Y238        LUT6 (Prop_lut6_I0_O)        0.043    24.063 r  u_recon/u_weight_reduce/rails_s[59]_i_17/O
                         net (fo=1, routed)           0.000    24.063    u_recon/u_weight_reduce/rails_s[59]_i_17_n_0
    SLICE_X76Y238                                                     r  u_recon/u_weight_reduce/rails_s_reg[59]_i_10/S[2]
    SLICE_X76Y238        CARRY4 (Prop_carry4_S[2]_CO[3])
                                                      0.195    24.258 r  u_recon/u_weight_reduce/rails_s_reg[59]_i_10/CO[3]
                         net (fo=1, routed)           0.000    24.258    u_recon/u_weight_reduce/rails_s_reg[59]_i_10_n_0
    SLICE_X76Y239                                                     r  u_recon/u_weight_reduce/rails_s_reg[63]_i_10/CI
    SLICE_X76Y239        CARRY4 (Prop_carry4_CI_O[1])
                                                      0.166    24.424 f  u_recon/u_weight_reduce/rails_s_reg[63]_i_10/O[1]
                         net (fo=2, routed)           0.348    24.772    u_recon/u_weight_reduce/sum_Won[57]
    SLICE_X77Y238                                                     f  u_recon/u_weight_reduce/rails_s[59]_i_2/I2
    SLICE_X77Y238        LUT4 (Prop_lut4_I2_O)        0.132    24.904 r  u_recon/u_weight_reduce/rails_s[59]_i_2/O
                         net (fo=2, routed)           0.324    25.228    u_recon/u_weight_reduce/rails_s[59]_i_2_n_0
    SLICE_X77Y238                                                     r  u_recon/u_weight_reduce/rails_s[59]_i_6/I0
    SLICE_X77Y238        LUT4 (Prop_lut4_I0_O)        0.132    25.360 r  u_recon/u_weight_reduce/rails_s[59]_i_6/O
                         net (fo=1, routed)           0.000    25.360    u_recon/u_weight_reduce/rails_s[59]_i_6_n_0
    SLICE_X77Y238                                                     r  u_recon/u_weight_reduce/rails_s_reg[59]_i_1/S[3]
    SLICE_X77Y238        CARRY4 (Prop_carry4_S[3]_CO[3])
                                                      0.193    25.553 r  u_recon/u_weight_reduce/rails_s_reg[59]_i_1/CO[3]
                         net (fo=1, routed)           0.000    25.553    u_recon/u_weight_reduce/rails_s_reg[59]_i_1_n_0
    SLICE_X77Y239                                                     r  u_recon/u_weight_reduce/rails_s_reg[63]_i_1/CI
    SLICE_X77Y239        CARRY4 (Prop_carry4_CI_O[3])
                                                      0.149    25.702 r  u_recon/u_weight_reduce/rails_s_reg[63]_i_1/O[3]
                         net (fo=1, routed)           0.000    25.702    u_recon/rails[63]
    SLICE_X77Y239        FDRE                                         r  u_recon/rails_s_reg[63]/D
  -------------------------------------------------------------------    -------------------

                         (clock core_clk rise edge)
                                                     25.000    25.000 r  
                                                      0.000    25.000 r  clk (IN)
                         net (fo=0)                   0.510    25.510    __ooc_clk_input
    BUFGCTRL_X0Y0                                                     r  __ooc_internal_bufg/I
    BUFGCTRL_X0Y0        BUFG (Prop_bufg_I_O)         0.083    25.593 r  __ooc_internal_bufg/O
                         net (fo=66508, routed)       1.124    26.717    u_recon/clk
    SLICE_X77Y239        FDRE                                         r  u_recon/rails_s_reg[63]/C
                         clock pessimism              0.037    26.754    
                         clock uncertainty           -0.085    26.669    
    SLICE_X77Y239        FDRE (Setup_fdre_C_D)        0.049    26.718    u_recon/rails_s_reg[63]
  -------------------------------------------------------------------
                         required time                         26.718    
                         arrival time                         -25.702    
  -------------------------------------------------------------------
                         slack                                  1.015    

Slack (MET) :             1.053ns  (required time - arrival time)
  Source:                 u_structure/u_context/fine_slices_reg[1][3]/C
                            (rising edge-triggered cell FDRE clocked by core_clk  {rise@0.000ns fall@12.500ns period=25.000ns})
  Destination:            u_recon/rails_s_reg[60]/D
                            (rising edge-triggered cell FDRE clocked by core_clk  {rise@0.000ns fall@12.500ns period=25.000ns})
  Path Group:             core_clk
  Path Type:              Setup (Max at Slow Process Corner)
  Requirement:            25.000ns  (core_clk rise@25.000ns - core_clk rise@0.000ns)
  Data Path Delay:        23.806ns  (logic 5.183ns (21.772%)  route 18.623ns (78.228%))
  Logic Levels:           39  (CARRY4=20 LUT3=7 LUT4=7 LUT5=3 LUT6=2)
  Clock Path Skew:        -0.104ns (DCD - SCD + CPR)
    Destination Clock Delay (DCD):    1.717ns = ( 26.717 - 25.000 ) 
    Source Clock Delay      (SCD):    1.858ns
    Clock Pessimism Removal (CPR):    0.037ns
  Clock Uncertainty:      0.085ns  ((TSJ^2 + TIJ^2)^1/2 + DJ) / 2 + PE + UU
    Total System Jitter     (TSJ):    0.071ns
    Total Input Jitter      (TIJ):    0.000ns
    Discrete Jitter          (DJ):    0.000ns
    Phase Error              (PE):    0.000ns
    User Uncertainty         (UU):    0.050ns

    Location             Delay type                Incr(ns)  Path(ns)    Netlist Resource(s)
  -------------------------------------------------------------------    -------------------
                         (clock core_clk rise edge)
                                                      0.000     0.000 r  
                                                      0.000     0.000 r  clk (IN)
                         net (fo=0)                   0.537     0.537    __ooc_clk_input
    BUFGCTRL_X0Y0                                                     r  __ooc_internal_bufg/I
    BUFGCTRL_X0Y0        BUFG (Prop_bufg_I_O)         0.093     0.630 r  __ooc_internal_bufg/O
                         net (fo=66508, routed)       1.228     1.858    u_structure/u_context/clk
    SLICE_X101Y287       FDRE                                         r  u_structure/u_context/fine_slices_reg[1][3]/C
  -------------------------------------------------------------------    -------------------
    SLICE_X101Y287       FDRE (Prop_fdre_C_Q)         0.223     2.081 r  u_structure/u_context/fine_slices_reg[1][3]/Q
                         net (fo=81, routed)          0.628     2.709    u_structure/u_context/structural_ids[1][3]
    SLICE_X106Y286                                                    r  u_structure/u_context/op3_w_i_363/I2
    SLICE_X106Y286       LUT5 (Prop_lut5_I2_O)        0.043     2.752 r  u_structure/u_context/op3_w_i_363/O
                         net (fo=72, routed)          2.434     5.186    u_structure/u_context/op3_w_i_363_n_0
    SLICE_X161Y354                                                    r  u_structure/u_context/rails_s[63]_i_36495/I3
    SLICE_X161Y354       LUT4 (Prop_lut4_I3_O)        0.043     5.229 r  u_structure/u_context/rails_s[63]_i_36495/O
                         net (fo=1, routed)           0.355     5.584    u_structure/u_context/rails_s[63]_i_36495_n_0
    SLICE_X161Y354                                                    r  u_structure/u_context/rails_s[63]_i_29203/I4
    SLICE_X161Y354       LUT5 (Prop_lut5_I4_O)        0.043     5.627 r  u_structure/u_context/rails_s[63]_i_29203/O
                         net (fo=1, routed)           0.385     6.012    u_structure/u_context/rails_s[63]_i_29203_n_0
    SLICE_X164Y354                                                    r  u_structure/u_context/rails_s[63]_i_23433/I5
    SLICE_X164Y354       LUT6 (Prop_lut6_I5_O)        0.043     6.055 r  u_structure/u_context/rails_s[63]_i_23433/O
                         net (fo=47, routed)          4.375    10.430    u_structure/u_context/u_recon/u_weight_reduce/physical_on34_out[50]
    SLICE_X167Y104                                                    r  u_structure/u_context/rails_s[31]_i_6052/I0
    SLICE_X167Y104       LUT3 (Prop_lut3_I0_O)        0.054    10.484 r  u_structure/u_context/rails_s[31]_i_6052/O
                         net (fo=2, routed)           0.460    10.944    u_recon/u_weight_reduce/on_tree[3092]_933[4]
    SLICE_X166Y106                                                    r  u_recon/u_weight_reduce/rails_s[31]_i_3039/I1
    SLICE_X166Y106       LUT3 (Prop_lut3_I1_O)        0.141    11.085 r  u_recon/u_weight_reduce/rails_s[31]_i_3039/O
                         net (fo=2, routed)           0.470    11.555    u_recon/u_weight_reduce/rails_s[31]_i_3039_n_0
    SLICE_X166Y106                                                    r  u_recon/u_weight_reduce/rails_s[31]_i_3043/I3
    SLICE_X166Y106       LUT4 (Prop_lut4_I3_O)        0.134    11.689 r  u_recon/u_weight_reduce/rails_s[31]_i_3043/O
                         net (fo=1, routed)           0.000    11.689    u_recon/u_weight_reduce/rails_s[31]_i_3043_n_0
    SLICE_X166Y106                                                    r  u_recon/u_weight_reduce/rails_s_reg[31]_i_1817/S[1]
    SLICE_X166Y106       CARRY4 (Prop_carry4_S[1]_CO[3])
                                                      0.256    11.945 r  u_recon/u_weight_reduce/rails_s_reg[31]_i_1817/CO[3]
                         net (fo=1, routed)           0.000    11.945    u_recon/u_weight_reduce/rails_s_reg[31]_i_1817_n_0
    SLICE_X166Y107                                                    r  u_recon/u_weight_reduce/rails_s_reg[35]_i_1817/CI
    SLICE_X166Y107       CARRY4 (Prop_carry4_CI_O[0])
                                                      0.108    12.053 r  u_recon/u_weight_reduce/rails_s_reg[35]_i_1817/O[0]
                         net (fo=2, routed)           0.490    12.543    u_recon/u_weight_reduce/rails_s_reg[35]_i_1817_n_7
    SLICE_X161Y107                                                    r  u_recon/u_weight_reduce/rails_s[31]_i_1163/I2
    SLICE_X161Y107       LUT3 (Prop_lut3_I2_O)        0.132    12.675 r  u_recon/u_weight_reduce/rails_s[31]_i_1163/O
                         net (fo=2, routed)           0.608    13.283    u_recon/u_weight_reduce/rails_s[31]_i_1163_n_0
    SLICE_X161Y107                                                    r  u_recon/u_weight_reduce/rails_s[31]_i_1167/I3
    SLICE_X161Y107       LUT4 (Prop_lut4_I3_O)        0.136    13.419 r  u_recon/u_weight_reduce/rails_s[31]_i_1167/O
                         net (fo=1, routed)           0.000    13.419    u_recon/u_weight_reduce/rails_s[31]_i_1167_n_0
    SLICE_X161Y107                                                    r  u_recon/u_weight_reduce/rails_s_reg[31]_i_735/S[1]
    SLICE_X161Y107       CARRY4 (Prop_carry4_S[1]_CO[3])
                                                      0.267    13.686 r  u_recon/u_weight_reduce/rails_s_reg[31]_i_735/CO[3]
                         net (fo=1, routed)           0.000    13.686    u_recon/u_weight_reduce/rails_s_reg[31]_i_735_n_0
    SLICE_X161Y108                                                    r  u_recon/u_weight_reduce/rails_s_reg[35]_i_735/CI
    SLICE_X161Y108       CARRY4 (Prop_carry4_CI_CO[3])
                                                      0.053    13.739 r  u_recon/u_weight_reduce/rails_s_reg[35]_i_735/CO[3]
                         net (fo=1, routed)           0.000    13.739    u_recon/u_weight_reduce/rails_s_reg[35]_i_735_n_0
    SLICE_X161Y109                                                    r  u_recon/u_weight_reduce/rails_s_reg[39]_i_735/CI
    SLICE_X161Y109       CARRY4 (Prop_carry4_CI_CO[3])
                                                      0.053    13.792 r  u_recon/u_weight_reduce/rails_s_reg[39]_i_735/CO[3]
                         net (fo=1, routed)           0.000    13.792    u_recon/u_weight_reduce/rails_s_reg[39]_i_735_n_0
    SLICE_X161Y110                                                    r  u_recon/u_weight_reduce/rails_s_reg[43]_i_737/CI
    SLICE_X161Y110       CARRY4 (Prop_carry4_CI_CO[3])
                                                      0.053    13.845 r  u_recon/u_weight_reduce/rails_s_reg[43]_i_737/CO[3]
                         net (fo=1, routed)           0.000    13.845    u_recon/u_weight_reduce/rails_s_reg[43]_i_737_n_0
    SLICE_X161Y111                                                    r  u_recon/u_weight_reduce/rails_s_reg[47]_i_735/CI
    SLICE_X161Y111       CARRY4 (Prop_carry4_CI_CO[3])
                                                      0.053    13.898 r  u_recon/u_weight_reduce/rails_s_reg[47]_i_735/CO[3]
                         net (fo=1, routed)           0.000    13.898    u_recon/u_weight_reduce/rails_s_reg[47]_i_735_n_0
    SLICE_X161Y112                                                    r  u_recon/u_weight_reduce/rails_s_reg[51]_i_735/CI
    SLICE_X161Y112       CARRY4 (Prop_carry4_CI_O[3])
                                                      0.149    14.047 r  u_recon/u_weight_reduce/rails_s_reg[51]_i_735/O[3]
                         net (fo=2, routed)           1.778    15.825    u_recon/u_weight_reduce/rails_s_reg[51]_i_735_n_4
    SLICE_X114Y142                                                    r  u_recon/u_weight_reduce/rails_s[51]_i_472/I0
    SLICE_X114Y142       LUT3 (Prop_lut3_I0_O)        0.124    15.949 r  u_recon/u_weight_reduce/rails_s[51]_i_472/O
                         net (fo=2, routed)           0.565    16.515    u_recon/u_weight_reduce/rails_s[51]_i_472_n_0
    SLICE_X114Y143                                                    r  u_recon/u_weight_reduce/rails_s_reg[51]_i_305/DI[0]
    SLICE_X114Y143       CARRY4 (Prop_carry4_DI[0]_CO[3])
                                                      0.374    16.889 r  u_recon/u_weight_reduce/rails_s_reg[51]_i_305/CO[3]
                         net (fo=1, routed)           0.000    16.889    u_recon/u_weight_reduce/rails_s_reg[51]_i_305_n_0
    SLICE_X114Y144                                                    r  u_recon/u_weight_reduce/rails_s_reg[55]_i_305/CI
    SLICE_X114Y144       CARRY4 (Prop_carry4_CI_CO[3])
                                                      0.054    16.943 r  u_recon/u_weight_reduce/rails_s_reg[55]_i_305/CO[3]
                         net (fo=1, routed)           0.000    16.943    u_recon/u_weight_reduce/rails_s_reg[55]_i_305_n_0
    SLICE_X114Y145                                                    r  u_recon/u_weight_reduce/rails_s_reg[59]_i_336/CI
    SLICE_X114Y145       CARRY4 (Prop_carry4_CI_CO[3])
                                                      0.054    16.997 r  u_recon/u_weight_reduce/rails_s_reg[59]_i_336/CO[3]
                         net (fo=1, routed)           0.000    16.997    u_recon/u_weight_reduce/rails_s_reg[59]_i_336_n_0
    SLICE_X114Y146                                                    r  u_recon/u_weight_reduce/rails_s_reg[63]_i_341/CI
    SLICE_X114Y146       CARRY4 (Prop_carry4_CI_O[0])
                                                      0.108    17.105 r  u_recon/u_weight_reduce/rails_s_reg[63]_i_341/O[0]
                         net (fo=2, routed)           0.777    17.882    u_recon/u_weight_reduce/rails_s_reg[63]_i_341_n_7
    SLICE_X109Y160                                                    r  u_recon/u_weight_reduce/rails_s[59]_i_184/I2
    SLICE_X109Y160       LUT3 (Prop_lut3_I2_O)        0.132    18.014 r  u_recon/u_weight_reduce/rails_s[59]_i_184/O
                         net (fo=2, routed)           0.468    18.482    u_recon/u_weight_reduce/rails_s[59]_i_184_n_0
    SLICE_X109Y160                                                    r  u_recon/u_weight_reduce/rails_s[59]_i_188/I3
    SLICE_X109Y160       LUT4 (Prop_lut4_I3_O)        0.136    18.618 r  u_recon/u_weight_reduce/rails_s[59]_i_188/O
                         net (fo=1, routed)           0.000    18.618    u_recon/u_weight_reduce/rails_s[59]_i_188_n_0
    SLICE_X109Y160                                                    r  u_recon/u_weight_reduce/rails_s_reg[59]_i_108/S[1]
    SLICE_X109Y160       CARRY4 (Prop_carry4_S[1]_CO[3])
                                                      0.267    18.885 r  u_recon/u_weight_reduce/rails_s_reg[59]_i_108/CO[3]
                         net (fo=1, routed)           0.000    18.885    u_recon/u_weight_reduce/rails_s_reg[59]_i_108_n_0
    SLICE_X109Y161                                                    r  u_recon/u_weight_reduce/rails_s_reg[63]_i_84/CI
    SLICE_X109Y161       CARRY4 (Prop_carry4_CI_O[0])
                                                      0.111    18.996 r  u_recon/u_weight_reduce/rails_s_reg[63]_i_84/O[0]
                         net (fo=2, routed)           1.542    20.538    u_recon/u_weight_reduce/rails_s_reg[63]_i_84_n_7
    SLICE_X82Y191                                                     r  u_recon/u_weight_reduce/rails_s[59]_i_58/I1
    SLICE_X82Y191        LUT3 (Prop_lut3_I1_O)        0.132    20.670 r  u_recon/u_weight_reduce/rails_s[59]_i_58/O
                         net (fo=2, routed)           0.278    20.948    u_recon/u_weight_reduce/rails_s[59]_i_58_n_0
    SLICE_X82Y191                                                     r  u_recon/u_weight_reduce/rails_s[59]_i_62/I3
    SLICE_X82Y191        LUT4 (Prop_lut4_I3_O)        0.136    21.084 r  u_recon/u_weight_reduce/rails_s[59]_i_62/O
                         net (fo=1, routed)           0.000    21.084    u_recon/u_weight_reduce/rails_s[59]_i_62_n_0
    SLICE_X82Y191                                                     r  u_recon/u_weight_reduce/rails_s_reg[59]_i_32/S[1]
    SLICE_X82Y191        CARRY4 (Prop_carry4_S[1]_CO[3])
                                                      0.267    21.351 r  u_recon/u_weight_reduce/rails_s_reg[59]_i_32/CO[3]
                         net (fo=1, routed)           0.000    21.351    u_recon/u_weight_reduce/rails_s_reg[59]_i_32_n_0
    SLICE_X82Y192                                                     r  u_recon/u_weight_reduce/rails_s_reg[63]_i_19/CI
    SLICE_X82Y192        CARRY4 (Prop_carry4_CI_O[1])
                                                      0.166    21.517 r  u_recon/u_weight_reduce/rails_s_reg[63]_i_19/O[1]
                         net (fo=3, routed)           1.511    23.028    u_recon/u_weight_reduce/rails_s_reg[63]_i_19_n_6
    SLICE_X76Y240                                                     r  u_recon/u_weight_reduce/rails_s[59]_i_29/I2
    SLICE_X76Y240        LUT3 (Prop_lut3_I2_O)        0.123    23.151 r  u_recon/u_weight_reduce/rails_s[59]_i_29/O
                         net (fo=2, routed)           0.333    23.484    u_recon/u_weight_reduce/rails_s[59]_i_29_n_0
    SLICE_X75Y238                                                     r  u_recon/u_weight_reduce/rails_s[59]_i_13/I1
    SLICE_X75Y238        LUT5 (Prop_lut5_I1_O)        0.043    23.527 r  u_recon/u_weight_reduce/rails_s[59]_i_13/O
                         net (fo=2, routed)           0.493    24.020    u_recon/u_weight_reduce/rails_s[59]_i_13_n_0
    SLICE_X76Y238                                                     r  u_recon/u_weight_reduce/rails_s[59]_i_17/I0
    SLICE_X76Y238        LUT6 (Prop_lut6_I0_O)        0.043    24.063 r  u_recon/u_weight_reduce/rails_s[59]_i_17/O
                         net (fo=1, routed)           0.000    24.063    u_recon/u_weight_reduce/rails_s[59]_i_17_n_0
    SLICE_X76Y238                                                     r  u_recon/u_weight_reduce/rails_s_reg[59]_i_10/S[2]
    SLICE_X76Y238        CARRY4 (Prop_carry4_S[2]_CO[3])
                                                      0.195    24.258 r  u_recon/u_weight_reduce/rails_s_reg[59]_i_10/CO[3]
                         net (fo=1, routed)           0.000    24.258    u_recon/u_weight_reduce/rails_s_reg[59]_i_10_n_0
    SLICE_X76Y239                                                     r  u_recon/u_weight_reduce/rails_s_reg[63]_i_10/CI
    SLICE_X76Y239        CARRY4 (Prop_carry4_CI_O[1])
                                                      0.166    24.424 f  u_recon/u_weight_reduce/rails_s_reg[63]_i_10/O[1]
                         net (fo=2, routed)           0.348    24.772    u_recon/u_weight_reduce/sum_Won[57]
    SLICE_X77Y238                                                     f  u_recon/u_weight_reduce/rails_s[59]_i_2/I2
    SLICE_X77Y238        LUT4 (Prop_lut4_I2_O)        0.132    24.904 r  u_recon/u_weight_reduce/rails_s[59]_i_2/O
                         net (fo=2, routed)           0.324    25.228    u_recon/u_weight_reduce/rails_s[59]_i_2_n_0
    SLICE_X77Y238                                                     r  u_recon/u_weight_reduce/rails_s[59]_i_6/I0
    SLICE_X77Y238        LUT4 (Prop_lut4_I0_O)        0.132    25.360 r  u_recon/u_weight_reduce/rails_s[59]_i_6/O
                         net (fo=1, routed)           0.000    25.360    u_recon/u_weight_reduce/rails_s[59]_i_6_n_0
    SLICE_X77Y238                                                     r  u_recon/u_weight_reduce/rails_s_reg[59]_i_1/S[3]
    SLICE_X77Y238        CARRY4 (Prop_carry4_S[3]_CO[3])
                                                      0.193    25.553 r  u_recon/u_weight_reduce/rails_s_reg[59]_i_1/CO[3]
                         net (fo=1, routed)           0.000    25.553    u_recon/u_weight_reduce/rails_s_reg[59]_i_1_n_0
    SLICE_X77Y239                                                     r  u_recon/u_weight_reduce/rails_s_reg[63]_i_1/CI
    SLICE_X77Y239        CARRY4 (Prop_carry4_CI_O[0])
                                                      0.111    25.664 r  u_recon/u_weight_reduce/rails_s_reg[63]_i_1/O[0]
                         net (fo=1, routed)           0.000    25.664    u_recon/rails__1[60]
    SLICE_X77Y239        FDRE                                         r  u_recon/rails_s_reg[60]/D
  -------------------------------------------------------------------    -------------------

                         (clock core_clk rise edge)
                                                     25.000    25.000 r  
                                                      0.000    25.000 r  clk (IN)
                         net (fo=0)                   0.510    25.510    __ooc_clk_input
    BUFGCTRL_X0Y0                                                     r  __ooc_internal_bufg/I
    BUFGCTRL_X0Y0        BUFG (Prop_bufg_I_O)         0.083    25.593 r  __ooc_internal_bufg/O
                         net (fo=66508, routed)       1.124    26.717    u_recon/clk
    SLICE_X77Y239        FDRE                                         r  u_recon/rails_s_reg[60]/C
                         clock pessimism              0.037    26.754    
                         clock uncertainty           -0.085    26.669    
    SLICE_X77Y239        FDRE (Setup_fdre_C_D)        0.049    26.718    u_recon/rails_s_reg[60]
  -------------------------------------------------------------------
                         required time                         26.718    
                         arrival time                         -25.664    
  -------------------------------------------------------------------
                         slack                                  1.053    

Slack (MET) :             1.053ns  (required time - arrival time)
  Source:                 u_structure/u_context/fine_slices_reg[1][3]/C
                            (rising edge-triggered cell FDRE clocked by core_clk  {rise@0.000ns fall@12.500ns period=25.000ns})
  Destination:            u_recon/rails_s_reg[62]/D
                            (rising edge-triggered cell FDRE clocked by core_clk  {rise@0.000ns fall@12.500ns period=25.000ns})
  Path Group:             core_clk
  Path Type:              Setup (Max at Slow Process Corner)
  Requirement:            25.000ns  (core_clk rise@25.000ns - core_clk rise@0.000ns)
  Data Path Delay:        23.806ns  (logic 5.183ns (21.772%)  route 18.623ns (78.228%))
  Logic Levels:           39  (CARRY4=20 LUT3=7 LUT4=7 LUT5=3 LUT6=2)
  Clock Path Skew:        -0.104ns (DCD - SCD + CPR)
    Destination Clock Delay (DCD):    1.717ns = ( 26.717 - 25.000 ) 
    Source Clock Delay      (SCD):    1.858ns
    Clock Pessimism Removal (CPR):    0.037ns
  Clock Uncertainty:      0.085ns  ((TSJ^2 + TIJ^2)^1/2 + DJ) / 2 + PE + UU
    Total System Jitter     (TSJ):    0.071ns
    Total Input Jitter      (TIJ):    0.000ns
    Discrete Jitter          (DJ):    0.000ns
    Phase Error              (PE):    0.000ns
    User Uncertainty         (UU):    0.050ns

    Location             Delay type                Incr(ns)  Path(ns)    Netlist Resource(s)
  -------------------------------------------------------------------    -------------------
                         (clock core_clk rise edge)
                                                      0.000     0.000 r  
                                                      0.000     0.000 r  clk (IN)
                         net (fo=0)                   0.537     0.537    __ooc_clk_input
    BUFGCTRL_X0Y0                                                     r  __ooc_internal_bufg/I
    BUFGCTRL_X0Y0        BUFG (Prop_bufg_I_O)         0.093     0.630 r  __ooc_internal_bufg/O
                         net (fo=66508, routed)       1.228     1.858    u_structure/u_context/clk
    SLICE_X101Y287       FDRE                                         r  u_structure/u_context/fine_slices_reg[1][3]/C
  -------------------------------------------------------------------    -------------------
    SLICE_X101Y287       FDRE (Prop_fdre_C_Q)         0.223     2.081 r  u_structure/u_context/fine_slices_reg[1][3]/Q
                         net (fo=81, routed)          0.628     2.709    u_structure/u_context/structural_ids[1][3]
    SLICE_X106Y286                                                    r  u_structure/u_context/op3_w_i_363/I2
    SLICE_X106Y286       LUT5 (Prop_lut5_I2_O)        0.043     2.752 r  u_structure/u_context/op3_w_i_363/O
                         net (fo=72, routed)          2.434     5.186    u_structure/u_context/op3_w_i_363_n_0
    SLICE_X161Y354                                                    r  u_structure/u_context/rails_s[63]_i_36495/I3
    SLICE_X161Y354       LUT4 (Prop_lut4_I3_O)        0.043     5.229 r  u_structure/u_context/rails_s[63]_i_36495/O
                         net (fo=1, routed)           0.355     5.584    u_structure/u_context/rails_s[63]_i_36495_n_0
    SLICE_X161Y354                                                    r  u_structure/u_context/rails_s[63]_i_29203/I4
    SLICE_X161Y354       LUT5 (Prop_lut5_I4_O)        0.043     5.627 r  u_structure/u_context/rails_s[63]_i_29203/O
                         net (fo=1, routed)           0.385     6.012    u_structure/u_context/rails_s[63]_i_29203_n_0
    SLICE_X164Y354                                                    r  u_structure/u_context/rails_s[63]_i_23433/I5
    SLICE_X164Y354       LUT6 (Prop_lut6_I5_O)        0.043     6.055 r  u_structure/u_context/rails_s[63]_i_23433/O
                         net (fo=47, routed)          4.375    10.430    u_structure/u_context/u_recon/u_weight_reduce/physical_on34_out[50]
    SLICE_X167Y104                                                    r  u_structure/u_context/rails_s[31]_i_6052/I0
    SLICE_X167Y104       LUT3 (Prop_lut3_I0_O)        0.054    10.484 r  u_structure/u_context/rails_s[31]_i_6052/O
                         net (fo=2, routed)           0.460    10.944    u_recon/u_weight_reduce/on_tree[3092]_933[4]
    SLICE_X166Y106                                                    r  u_recon/u_weight_reduce/rails_s[31]_i_3039/I1
    SLICE_X166Y106       LUT3 (Prop_lut3_I1_O)        0.141    11.085 r  u_recon/u_weight_reduce/rails_s[31]_i_3039/O
                         net (fo=2, routed)           0.470    11.555    u_recon/u_weight_reduce/rails_s[31]_i_3039_n_0
    SLICE_X166Y106                                                    r  u_recon/u_weight_reduce/rails_s[31]_i_3043/I3
    SLICE_X166Y106       LUT4 (Prop_lut4_I3_O)        0.134    11.689 r  u_recon/u_weight_reduce/rails_s[31]_i_3043/O
                         net (fo=1, routed)           0.000    11.689    u_recon/u_weight_reduce/rails_s[31]_i_3043_n_0
    SLICE_X166Y106                                                    r  u_recon/u_weight_reduce/rails_s_reg[31]_i_1817/S[1]
    SLICE_X166Y106       CARRY4 (Prop_carry4_S[1]_CO[3])
                                                      0.256    11.945 r  u_recon/u_weight_reduce/rails_s_reg[31]_i_1817/CO[3]
                         net (fo=1, routed)           0.000    11.945    u_recon/u_weight_reduce/rails_s_reg[31]_i_1817_n_0
    SLICE_X166Y107                                                    r  u_recon/u_weight_reduce/rails_s_reg[35]_i_1817/CI
    SLICE_X166Y107       CARRY4 (Prop_carry4_CI_O[0])
                                                      0.108    12.053 r  u_recon/u_weight_reduce/rails_s_reg[35]_i_1817/O[0]
                         net (fo=2, routed)           0.490    12.543    u_recon/u_weight_reduce/rails_s_reg[35]_i_1817_n_7
    SLICE_X161Y107                                                    r  u_recon/u_weight_reduce/rails_s[31]_i_1163/I2
    SLICE_X161Y107       LUT3 (Prop_lut3_I2_O)        0.132    12.675 r  u_recon/u_weight_reduce/rails_s[31]_i_1163/O
                         net (fo=2, routed)           0.608    13.283    u_recon/u_weight_reduce/rails_s[31]_i_1163_n_0
    SLICE_X161Y107                                                    r  u_recon/u_weight_reduce/rails_s[31]_i_1167/I3
    SLICE_X161Y107       LUT4 (Prop_lut4_I3_O)        0.136    13.419 r  u_recon/u_weight_reduce/rails_s[31]_i_1167/O
                         net (fo=1, routed)           0.000    13.419    u_recon/u_weight_reduce/rails_s[31]_i_1167_n_0
    SLICE_X161Y107                                                    r  u_recon/u_weight_reduce/rails_s_reg[31]_i_735/S[1]
    SLICE_X161Y107       CARRY4 (Prop_carry4_S[1]_CO[3])
                                                      0.267    13.686 r  u_recon/u_weight_reduce/rails_s_reg[31]_i_735/CO[3]
                         net (fo=1, routed)           0.000    13.686    u_recon/u_weight_reduce/rails_s_reg[31]_i_735_n_0
    SLICE_X161Y108                                                    r  u_recon/u_weight_reduce/rails_s_reg[35]_i_735/CI
    SLICE_X161Y108       CARRY4 (Prop_carry4_CI_CO[3])
                                                      0.053    13.739 r  u_recon/u_weight_reduce/rails_s_reg[35]_i_735/CO[3]
                         net (fo=1, routed)           0.000    13.739    u_recon/u_weight_reduce/rails_s_reg[35]_i_735_n_0
    SLICE_X161Y109                                                    r  u_recon/u_weight_reduce/rails_s_reg[39]_i_735/CI
    SLICE_X161Y109       CARRY4 (Prop_carry4_CI_CO[3])
                                                      0.053    13.792 r  u_recon/u_weight_reduce/rails_s_reg[39]_i_735/CO[3]
                         net (fo=1, routed)           0.000    13.792    u_recon/u_weight_reduce/rails_s_reg[39]_i_735_n_0
    SLICE_X161Y110                                                    r  u_recon/u_weight_reduce/rails_s_reg[43]_i_737/CI
    SLICE_X161Y110       CARRY4 (Prop_carry4_CI_CO[3])
                                                      0.053    13.845 r  u_recon/u_weight_reduce/rails_s_reg[43]_i_737/CO[3]
                         net (fo=1, routed)           0.000    13.845    u_recon/u_weight_reduce/rails_s_reg[43]_i_737_n_0
    SLICE_X161Y111                                                    r  u_recon/u_weight_reduce/rails_s_reg[47]_i_735/CI
    SLICE_X161Y111       CARRY4 (Prop_carry4_CI_CO[3])
                                                      0.053    13.898 r  u_recon/u_weight_reduce/rails_s_reg[47]_i_735/CO[3]
                         net (fo=1, routed)           0.000    13.898    u_recon/u_weight_reduce/rails_s_reg[47]_i_735_n_0
    SLICE_X161Y112                                                    r  u_recon/u_weight_reduce/rails_s_reg[51]_i_735/CI
    SLICE_X161Y112       CARRY4 (Prop_carry4_CI_O[3])
                                                      0.149    14.047 r  u_recon/u_weight_reduce/rails_s_reg[51]_i_735/O[3]
                         net (fo=2, routed)           1.778    15.825    u_recon/u_weight_reduce/rails_s_reg[51]_i_735_n_4
    SLICE_X114Y142                                                    r  u_recon/u_weight_reduce/rails_s[51]_i_472/I0
    SLICE_X114Y142       LUT3 (Prop_lut3_I0_O)        0.124    15.949 r  u_recon/u_weight_reduce/rails_s[51]_i_472/O
                         net (fo=2, routed)           0.565    16.515    u_recon/u_weight_reduce/rails_s[51]_i_472_n_0
    SLICE_X114Y143                                                    r  u_recon/u_weight_reduce/rails_s_reg[51]_i_305/DI[0]
    SLICE_X114Y143       CARRY4 (Prop_carry4_DI[0]_CO[3])
                                                      0.374    16.889 r  u_recon/u_weight_reduce/rails_s_reg[51]_i_305/CO[3]
                         net (fo=1, routed)           0.000    16.889    u_recon/u_weight_reduce/rails_s_reg[51]_i_305_n_0
    SLICE_X114Y144                                                    r  u_recon/u_weight_reduce/rails_s_reg[55]_i_305/CI
    SLICE_X114Y144       CARRY4 (Prop_carry4_CI_CO[3])
                                                      0.054    16.943 r  u_recon/u_weight_reduce/rails_s_reg[55]_i_305/CO[3]
                         net (fo=1, routed)           0.000    16.943    u_recon/u_weight_reduce/rails_s_reg[55]_i_305_n_0
    SLICE_X114Y145                                                    r  u_recon/u_weight_reduce/rails_s_reg[59]_i_336/CI
    SLICE_X114Y145       CARRY4 (Prop_carry4_CI_CO[3])
                                                      0.054    16.997 r  u_recon/u_weight_reduce/rails_s_reg[59]_i_336/CO[3]
                         net (fo=1, routed)           0.000    16.997    u_recon/u_weight_reduce/rails_s_reg[59]_i_336_n_0
    SLICE_X114Y146                                                    r  u_recon/u_weight_reduce/rails_s_reg[63]_i_341/CI
    SLICE_X114Y146       CARRY4 (Prop_carry4_CI_O[0])
                                                      0.108    17.105 r  u_recon/u_weight_reduce/rails_s_reg[63]_i_341/O[0]
                         net (fo=2, routed)           0.777    17.882    u_recon/u_weight_reduce/rails_s_reg[63]_i_341_n_7
    SLICE_X109Y160                                                    r  u_recon/u_weight_reduce/rails_s[59]_i_184/I2
    SLICE_X109Y160       LUT3 (Prop_lut3_I2_O)        0.132    18.014 r  u_recon/u_weight_reduce/rails_s[59]_i_184/O
                         net (fo=2, routed)           0.468    18.482    u_recon/u_weight_reduce/rails_s[59]_i_184_n_0
    SLICE_X109Y160                                                    r  u_recon/u_weight_reduce/rails_s[59]_i_188/I3
    SLICE_X109Y160       LUT4 (Prop_lut4_I3_O)        0.136    18.618 r  u_recon/u_weight_reduce/rails_s[59]_i_188/O
                         net (fo=1, routed)           0.000    18.618    u_recon/u_weight_reduce/rails_s[59]_i_188_n_0
    SLICE_X109Y160                                                    r  u_recon/u_weight_reduce/rails_s_reg[59]_i_108/S[1]
    SLICE_X109Y160       CARRY4 (Prop_carry4_S[1]_CO[3])
                                                      0.267    18.885 r  u_recon/u_weight_reduce/rails_s_reg[59]_i_108/CO[3]
                         net (fo=1, routed)           0.000    18.885    u_recon/u_weight_reduce/rails_s_reg[59]_i_108_n_0
    SLICE_X109Y161                                                    r  u_recon/u_weight_reduce/rails_s_reg[63]_i_84/CI
    SLICE_X109Y161       CARRY4 (Prop_carry4_CI_O[0])
                                                      0.111    18.996 r  u_recon/u_weight_reduce/rails_s_reg[63]_i_84/O[0]
                         net (fo=2, routed)           1.542    20.538    u_recon/u_weight_reduce/rails_s_reg[63]_i_84_n_7
    SLICE_X82Y191                                                     r  u_recon/u_weight_reduce/rails_s[59]_i_58/I1
    SLICE_X82Y191        LUT3 (Prop_lut3_I1_O)        0.132    20.670 r  u_recon/u_weight_reduce/rails_s[59]_i_58/O
                         net (fo=2, routed)           0.278    20.948    u_recon/u_weight_reduce/rails_s[59]_i_58_n_0
    SLICE_X82Y191                                                     r  u_recon/u_weight_reduce/rails_s[59]_i_62/I3
    SLICE_X82Y191        LUT4 (Prop_lut4_I3_O)        0.136    21.084 r  u_recon/u_weight_reduce/rails_s[59]_i_62/O
                         net (fo=1, routed)           0.000    21.084    u_recon/u_weight_reduce/rails_s[59]_i_62_n_0
    SLICE_X82Y191                                                     r  u_recon/u_weight_reduce/rails_s_reg[59]_i_32/S[1]
    SLICE_X82Y191        CARRY4 (Prop_carry4_S[1]_CO[3])
                                                      0.267    21.351 r  u_recon/u_weight_reduce/rails_s_reg[59]_i_32/CO[3]
                         net (fo=1, routed)           0.000    21.351    u_recon/u_weight_reduce/rails_s_reg[59]_i_32_n_0
    SLICE_X82Y192                                                     r  u_recon/u_weight_reduce/rails_s_reg[63]_i_19/CI
    SLICE_X82Y192        CARRY4 (Prop_carry4_CI_O[1])
                                                      0.166    21.517 r  u_recon/u_weight_reduce/rails_s_reg[63]_i_19/O[1]
                         net (fo=3, routed)           1.511    23.028    u_recon/u_weight_reduce/rails_s_reg[63]_i_19_n_6
    SLICE_X76Y240                                                     r  u_recon/u_weight_reduce/rails_s[59]_i_29/I2
    SLICE_X76Y240        LUT3 (Prop_lut3_I2_O)        0.123    23.151 r  u_recon/u_weight_reduce/rails_s[59]_i_29/O
                         net (fo=2, routed)           0.333    23.484    u_recon/u_weight_reduce/rails_s[59]_i_29_n_0
    SLICE_X75Y238                                                     r  u_recon/u_weight_reduce/rails_s[59]_i_13/I1
    SLICE_X75Y238        LUT5 (Prop_lut5_I1_O)        0.043    23.527 r  u_recon/u_weight_reduce/rails_s[59]_i_13/O
                         net (fo=2, routed)           0.493    24.020    u_recon/u_weight_reduce/rails_s[59]_i_13_n_0
    SLICE_X76Y238                                                     r  u_recon/u_weight_reduce/rails_s[59]_i_17/I0
    SLICE_X76Y238        LUT6 (Prop_lut6_I0_O)        0.043    24.063 r  u_recon/u_weight_reduce/rails_s[59]_i_17/O
                         net (fo=1, routed)           0.000    24.063    u_recon/u_weight_reduce/rails_s[59]_i_17_n_0
    SLICE_X76Y238                                                     r  u_recon/u_weight_reduce/rails_s_reg[59]_i_10/S[2]
    SLICE_X76Y238        CARRY4 (Prop_carry4_S[2]_CO[3])
                                                      0.195    24.258 r  u_recon/u_weight_reduce/rails_s_reg[59]_i_10/CO[3]
                         net (fo=1, routed)           0.000    24.258    u_recon/u_weight_reduce/rails_s_reg[59]_i_10_n_0
    SLICE_X76Y239                                                     r  u_recon/u_weight_reduce/rails_s_reg[63]_i_10/CI
    SLICE_X76Y239        CARRY4 (Prop_carry4_CI_O[1])
                                                      0.166    24.424 f  u_recon/u_weight_reduce/rails_s_reg[63]_i_10/O[1]
                         net (fo=2, routed)           0.348    24.772    u_recon/u_weight_reduce/sum_Won[57]
    SLICE_X77Y238                                                     f  u_recon/u_weight_reduce/rails_s[59]_i_2/I2
    SLICE_X77Y238        LUT4 (Prop_lut4_I2_O)        0.132    24.904 r  u_recon/u_weight_reduce/rails_s[59]_i_2/O
                         net (fo=2, routed)           0.324    25.228    u_recon/u_weight_reduce/rails_s[59]_i_2_n_0
    SLICE_X77Y238                                                     r  u_recon/u_weight_reduce/rails_s[59]_i_6/I0
    SLICE_X77Y238        LUT4 (Prop_lut4_I0_O)        0.132    25.360 r  u_recon/u_weight_reduce/rails_s[59]_i_6/O
                         net (fo=1, routed)           0.000    25.360    u_recon/u_weight_reduce/rails_s[59]_i_6_n_0
    SLICE_X77Y238                                                     r  u_recon/u_weight_reduce/rails_s_reg[59]_i_1/S[3]
    SLICE_X77Y238        CARRY4 (Prop_carry4_S[3]_CO[3])
                                                      0.193    25.553 r  u_recon/u_weight_reduce/rails_s_reg[59]_i_1/CO[3]
                         net (fo=1, routed)           0.000    25.553    u_recon/u_weight_reduce/rails_s_reg[59]_i_1_n_0
    SLICE_X77Y239                                                     r  u_recon/u_weight_reduce/rails_s_reg[63]_i_1/CI
    SLICE_X77Y239        CARRY4 (Prop_carry4_CI_O[2])
                                                      0.111    25.664 r  u_recon/u_weight_reduce/rails_s_reg[63]_i_1/O[2]
                         net (fo=1, routed)           0.000    25.664    u_recon/rails__1[62]
    SLICE_X77Y239        FDRE                                         r  u_recon/rails_s_reg[62]/D
  -------------------------------------------------------------------    -------------------

                         (clock core_clk rise edge)
                                                     25.000    25.000 r  
                                                      0.000    25.000 r  clk (IN)
                         net (fo=0)                   0.510    25.510    __ooc_clk_input
    BUFGCTRL_X0Y0                                                     r  __ooc_internal_bufg/I
    BUFGCTRL_X0Y0        BUFG (Prop_bufg_I_O)         0.083    25.593 r  __ooc_internal_bufg/O
                         net (fo=66508, routed)       1.124    26.717    u_recon/clk
    SLICE_X77Y239        FDRE                                         r  u_recon/rails_s_reg[62]/C
                         clock pessimism              0.037    26.754    
                         clock uncertainty           -0.085    26.669    
    SLICE_X77Y239        FDRE (Setup_fdre_C_D)        0.049    26.718    u_recon/rails_s_reg[62]
  -------------------------------------------------------------------
                         required time                         26.718    
                         arrival time                         -25.664    
  -------------------------------------------------------------------
                         slack                                  1.053    

Slack (MET) :             1.158ns  (required time - arrival time)
  Source:                 u_structure/u_context/fine_slices_reg[1][3]/C
                            (rising edge-triggered cell FDRE clocked by core_clk  {rise@0.000ns fall@12.500ns period=25.000ns})
  Destination:            u_recon/rails_s_reg[57]/D
                            (rising edge-triggered cell FDRE clocked by core_clk  {rise@0.000ns fall@12.500ns period=25.000ns})
  Path Group:             core_clk
  Path Type:              Setup (Max at Slow Process Corner)
  Requirement:            25.000ns  (core_clk rise@25.000ns - core_clk rise@0.000ns)
  Data Path Delay:        23.700ns  (logic 5.018ns (21.173%)  route 18.682ns (78.827%))
  Logic Levels:           35  (CARRY4=16 LUT3=7 LUT4=6 LUT5=4 LUT6=2)
  Clock Path Skew:        -0.105ns (DCD - SCD + CPR)
    Destination Clock Delay (DCD):    1.716ns = ( 26.716 - 25.000 ) 
    Source Clock Delay      (SCD):    1.858ns
    Clock Pessimism Removal (CPR):    0.037ns
  Clock Uncertainty:      0.085ns  ((TSJ^2 + TIJ^2)^1/2 + DJ) / 2 + PE + UU
    Total System Jitter     (TSJ):    0.071ns
    Total Input Jitter      (TIJ):    0.000ns
    Discrete Jitter          (DJ):    0.000ns
    Phase Error              (PE):    0.000ns
    User Uncertainty         (UU):    0.050ns

    Location             Delay type                Incr(ns)  Path(ns)    Netlist Resource(s)
  -------------------------------------------------------------------    -------------------
                         (clock core_clk rise edge)
                                                      0.000     0.000 r  
                                                      0.000     0.000 r  clk (IN)
                         net (fo=0)                   0.537     0.537    __ooc_clk_input
    BUFGCTRL_X0Y0                                                     r  __ooc_internal_bufg/I
    BUFGCTRL_X0Y0        BUFG (Prop_bufg_I_O)         0.093     0.630 r  __ooc_internal_bufg/O
                         net (fo=66508, routed)       1.228     1.858    u_structure/u_context/clk
    SLICE_X101Y287       FDRE                                         r  u_structure/u_context/fine_slices_reg[1][3]/C
  -------------------------------------------------------------------    -------------------
    SLICE_X101Y287       FDRE (Prop_fdre_C_Q)         0.223     2.081 r  u_structure/u_context/fine_slices_reg[1][3]/Q
                         net (fo=81, routed)          0.628     2.709    u_structure/u_context/structural_ids[1][3]
    SLICE_X106Y286                                                    r  u_structure/u_context/op3_w_i_363/I2
    SLICE_X106Y286       LUT5 (Prop_lut5_I2_O)        0.043     2.752 r  u_structure/u_context/op3_w_i_363/O
                         net (fo=72, routed)          2.434     5.186    u_structure/u_context/op3_w_i_363_n_0
    SLICE_X161Y354                                                    r  u_structure/u_context/rails_s[63]_i_36495/I3
    SLICE_X161Y354       LUT4 (Prop_lut4_I3_O)        0.043     5.229 r  u_structure/u_context/rails_s[63]_i_36495/O
                         net (fo=1, routed)           0.355     5.584    u_structure/u_context/rails_s[63]_i_36495_n_0
    SLICE_X161Y354                                                    r  u_structure/u_context/rails_s[63]_i_29203/I4
    SLICE_X161Y354       LUT5 (Prop_lut5_I4_O)        0.043     5.627 r  u_structure/u_context/rails_s[63]_i_29203/O
                         net (fo=1, routed)           0.385     6.012    u_structure/u_context/rails_s[63]_i_29203_n_0
    SLICE_X164Y354                                                    r  u_structure/u_context/rails_s[63]_i_23433/I5
    SLICE_X164Y354       LUT6 (Prop_lut6_I5_O)        0.043     6.055 r  u_structure/u_context/rails_s[63]_i_23433/O
                         net (fo=47, routed)          4.375    10.430    u_structure/u_context/u_recon/u_weight_reduce/physical_on34_out[50]
    SLICE_X167Y104                                                    r  u_structure/u_context/rails_s[31]_i_6052/I0
    SLICE_X167Y104       LUT3 (Prop_lut3_I0_O)        0.054    10.484 r  u_structure/u_context/rails_s[31]_i_6052/O
                         net (fo=2, routed)           0.460    10.944    u_recon/u_weight_reduce/on_tree[3092]_933[4]
    SLICE_X166Y106                                                    r  u_recon/u_weight_reduce/rails_s[31]_i_3039/I1
    SLICE_X166Y106       LUT3 (Prop_lut3_I1_O)        0.141    11.085 r  u_recon/u_weight_reduce/rails_s[31]_i_3039/O
                         net (fo=2, routed)           0.470    11.555    u_recon/u_weight_reduce/rails_s[31]_i_3039_n_0
    SLICE_X166Y106                                                    r  u_recon/u_weight_reduce/rails_s[31]_i_3043/I3
    SLICE_X166Y106       LUT4 (Prop_lut4_I3_O)        0.134    11.689 r  u_recon/u_weight_reduce/rails_s[31]_i_3043/O
                         net (fo=1, routed)           0.000    11.689    u_recon/u_weight_reduce/rails_s[31]_i_3043_n_0
    SLICE_X166Y106                                                    r  u_recon/u_weight_reduce/rails_s_reg[31]_i_1817/S[1]
    SLICE_X166Y106       CARRY4 (Prop_carry4_S[1]_CO[3])
                                                      0.256    11.945 r  u_recon/u_weight_reduce/rails_s_reg[31]_i_1817/CO[3]
                         net (fo=1, routed)           0.000    11.945    u_recon/u_weight_reduce/rails_s_reg[31]_i_1817_n_0
    SLICE_X166Y107                                                    r  u_recon/u_weight_reduce/rails_s_reg[35]_i_1817/CI
    SLICE_X166Y107       CARRY4 (Prop_carry4_CI_O[0])
                                                      0.108    12.053 r  u_recon/u_weight_reduce/rails_s_reg[35]_i_1817/O[0]
                         net (fo=2, routed)           0.490    12.543    u_recon/u_weight_reduce/rails_s_reg[35]_i_1817_n_7
    SLICE_X161Y107                                                    r  u_recon/u_weight_reduce/rails_s[31]_i_1163/I2
    SLICE_X161Y107       LUT3 (Prop_lut3_I2_O)        0.132    12.675 r  u_recon/u_weight_reduce/rails_s[31]_i_1163/O
                         net (fo=2, routed)           0.608    13.283    u_recon/u_weight_reduce/rails_s[31]_i_1163_n_0
    SLICE_X161Y107                                                    r  u_recon/u_weight_reduce/rails_s[31]_i_1167/I3
    SLICE_X161Y107       LUT4 (Prop_lut4_I3_O)        0.136    13.419 r  u_recon/u_weight_reduce/rails_s[31]_i_1167/O
                         net (fo=1, routed)           0.000    13.419    u_recon/u_weight_reduce/rails_s[31]_i_1167_n_0
    SLICE_X161Y107                                                    r  u_recon/u_weight_reduce/rails_s_reg[31]_i_735/S[1]
    SLICE_X161Y107       CARRY4 (Prop_carry4_S[1]_O[3])
                                                      0.312    13.731 r  u_recon/u_weight_reduce/rails_s_reg[31]_i_735/O[3]
                         net (fo=2, routed)           1.806    15.537    u_recon/u_weight_reduce/rails_s_reg[31]_i_735_n_4
    SLICE_X114Y137                                                    r  u_recon/u_weight_reduce/rails_s[31]_i_472/I0
    SLICE_X114Y137       LUT3 (Prop_lut3_I0_O)        0.123    15.660 r  u_recon/u_weight_reduce/rails_s[31]_i_472/O
                         net (fo=2, routed)           0.333    15.993    u_recon/u_weight_reduce/rails_s[31]_i_472_n_0
    SLICE_X114Y138                                                    r  u_recon/u_weight_reduce/rails_s[31]_i_476/I3
    SLICE_X114Y138       LUT4 (Prop_lut4_I3_O)        0.134    16.127 r  u_recon/u_weight_reduce/rails_s[31]_i_476/O
                         net (fo=1, routed)           0.000    16.127    u_recon/u_weight_reduce/rails_s[31]_i_476_n_0
    SLICE_X114Y138                                                    r  u_recon/u_weight_reduce/rails_s_reg[31]_i_305/S[0]
    SLICE_X114Y138       CARRY4 (Prop_carry4_S[0]_CO[3])
                                                      0.246    16.373 r  u_recon/u_weight_reduce/rails_s_reg[31]_i_305/CO[3]
                         net (fo=1, routed)           0.000    16.373    u_recon/u_weight_reduce/rails_s_reg[31]_i_305_n_0
    SLICE_X114Y139                                                    r  u_recon/u_weight_reduce/rails_s_reg[35]_i_305/CI
    SLICE_X114Y139       CARRY4 (Prop_carry4_CI_O[3])
                                                      0.151    16.524 r  u_recon/u_weight_reduce/rails_s_reg[35]_i_305/O[3]
                         net (fo=2, routed)           0.892    17.416    u_recon/u_weight_reduce/rails_s_reg[35]_i_305_n_4
    SLICE_X109Y153                                                    r  u_recon/u_weight_reduce/rails_s[35]_i_166/I2
    SLICE_X109Y153       LUT3 (Prop_lut3_I2_O)        0.130    17.546 r  u_recon/u_weight_reduce/rails_s[35]_i_166/O
                         net (fo=2, routed)           0.434    17.980    u_recon/u_weight_reduce/rails_s[35]_i_166_n_0
    SLICE_X109Y154                                                    r  u_recon/u_weight_reduce/rails_s[35]_i_170/I3
    SLICE_X109Y154       LUT4 (Prop_lut4_I3_O)        0.135    18.115 r  u_recon/u_weight_reduce/rails_s[35]_i_170/O
                         net (fo=1, routed)           0.000    18.115    u_recon/u_weight_reduce/rails_s[35]_i_170_n_0
    SLICE_X109Y154                                                    r  u_recon/u_weight_reduce/rails_s_reg[35]_i_107/S[0]
    SLICE_X109Y154       CARRY4 (Prop_carry4_S[0]_CO[3])
                                                      0.259    18.374 r  u_recon/u_weight_reduce/rails_s_reg[35]_i_107/CO[3]
                         net (fo=1, routed)           0.000    18.374    u_recon/u_weight_reduce/rails_s_reg[35]_i_107_n_0
    SLICE_X109Y155                                                    r  u_recon/u_weight_reduce/rails_s_reg[39]_i_107/CI
    SLICE_X109Y155       CARRY4 (Prop_carry4_CI_CO[3])
                                                      0.053    18.427 r  u_recon/u_weight_reduce/rails_s_reg[39]_i_107/CO[3]
                         net (fo=1, routed)           0.000    18.427    u_recon/u_weight_reduce/rails_s_reg[39]_i_107_n_0
    SLICE_X109Y156                                                    r  u_recon/u_weight_reduce/rails_s_reg[43]_i_107/CI
    SLICE_X109Y156       CARRY4 (Prop_carry4_CI_O[3])
                                                      0.149    18.576 r  u_recon/u_weight_reduce/rails_s_reg[43]_i_107/O[3]
                         net (fo=2, routed)           1.506    20.082    u_recon/u_weight_reduce/rails_s_reg[43]_i_107_n_4
    SLICE_X82Y186                                                     r  u_recon/u_weight_reduce/rails_s[43]_i_58/I1
    SLICE_X82Y186        LUT3 (Prop_lut3_I1_O)        0.130    20.212 r  u_recon/u_weight_reduce/rails_s[43]_i_58/O
                         net (fo=2, routed)           0.410    20.622    u_recon/u_weight_reduce/rails_s[43]_i_58_n_0
    SLICE_X82Y187                                                     r  u_recon/u_weight_reduce/rails_s_reg[43]_i_32/DI[0]
    SLICE_X82Y187        CARRY4 (Prop_carry4_DI[0]_CO[3])
                                                      0.361    20.983 r  u_recon/u_weight_reduce/rails_s_reg[43]_i_32/CO[3]
                         net (fo=1, routed)           0.000    20.983    u_recon/u_weight_reduce/rails_s_reg[43]_i_32_n_0
    SLICE_X82Y188                                                     r  u_recon/u_weight_reduce/rails_s_reg[47]_i_32/CI
    SLICE_X82Y188        CARRY4 (Prop_carry4_CI_O[1])
                                                      0.166    21.149 r  u_recon/u_weight_reduce/rails_s_reg[47]_i_32/O[1]
                         net (fo=3, routed)           1.666    22.815    u_recon/u_weight_reduce/rails_s_reg[47]_i_32_n_6
    SLICE_X74Y234                                                     r  u_recon/u_weight_reduce/rails_s[43]_i_29/I2
    SLICE_X74Y234        LUT3 (Prop_lut3_I2_O)        0.123    22.938 r  u_recon/u_weight_reduce/rails_s[43]_i_29/O
                         net (fo=2, routed)           0.108    23.045    u_recon/u_weight_reduce/rails_s[43]_i_29_n_0
    SLICE_X74Y234                                                     r  u_recon/u_weight_reduce/rails_s[43]_i_13/I1
    SLICE_X74Y234        LUT5 (Prop_lut5_I1_O)        0.043    23.088 r  u_recon/u_weight_reduce/rails_s[43]_i_13/O
                         net (fo=2, routed)           0.466    23.555    u_recon/u_weight_reduce/rails_s[43]_i_13_n_0
    SLICE_X76Y234                                                     r  u_recon/u_weight_reduce/rails_s[43]_i_17/I0
    SLICE_X76Y234        LUT6 (Prop_lut6_I0_O)        0.043    23.598 r  u_recon/u_weight_reduce/rails_s[43]_i_17/O
                         net (fo=1, routed)           0.000    23.598    u_recon/u_weight_reduce/rails_s[43]_i_17_n_0
    SLICE_X76Y234                                                     r  u_recon/u_weight_reduce/rails_s_reg[43]_i_10/S[2]
    SLICE_X76Y234        CARRY4 (Prop_carry4_S[2]_CO[3])
                                                      0.195    23.793 r  u_recon/u_weight_reduce/rails_s_reg[43]_i_10/CO[3]
                         net (fo=1, routed)           0.000    23.793    u_recon/u_weight_reduce/rails_s_reg[43]_i_10_n_0
    SLICE_X76Y235                                                     r  u_recon/u_weight_reduce/rails_s_reg[47]_i_10/CI
    SLICE_X76Y235        CARRY4 (Prop_carry4_CI_O[2])
                                                      0.111    23.904 f  u_recon/u_weight_reduce/rails_s_reg[47]_i_10/O[2]
                         net (fo=2, routed)           0.434    24.338    u_recon/u_weight_reduce/sum_Won[42]
    SLICE_X77Y234                                                     f  u_recon/u_weight_reduce/rails_s[47]_i_5/I1
    SLICE_X77Y234        LUT4 (Prop_lut4_I1_O)        0.132    24.470 r  u_recon/u_weight_reduce/rails_s[47]_i_5/O
                         net (fo=2, routed)           0.423    24.892    u_recon/u_weight_reduce/rails_s[47]_i_5_n_0
    SLICE_X77Y235                                                     r  u_recon/u_weight_reduce/rails_s[47]_i_9/I4
    SLICE_X77Y235        LUT5 (Prop_lut5_I4_O)        0.135    25.027 r  u_recon/u_weight_reduce/rails_s[47]_i_9/O
                         net (fo=1, routed)           0.000    25.027    u_recon/u_weight_reduce/rails_s[47]_i_9_n_0
    SLICE_X77Y235                                                     r  u_recon/u_weight_reduce/rails_s_reg[47]_i_1/S[0]
    SLICE_X77Y235        CARRY4 (Prop_carry4_S[0]_CO[3])
                                                      0.259    25.286 r  u_recon/u_weight_reduce/rails_s_reg[47]_i_1/CO[3]
                         net (fo=1, routed)           0.000    25.286    u_recon/u_weight_reduce/rails_s_reg[47]_i_1_n_0
    SLICE_X77Y236                                                     r  u_recon/u_weight_reduce/rails_s_reg[51]_i_1/CI
    SLICE_X77Y236        CARRY4 (Prop_carry4_CI_CO[3])
                                                      0.053    25.339 r  u_recon/u_weight_reduce/rails_s_reg[51]_i_1/CO[3]
                         net (fo=1, routed)           0.000    25.339    u_recon/u_weight_reduce/rails_s_reg[51]_i_1_n_0
    SLICE_X77Y237                                                     r  u_recon/u_weight_reduce/rails_s_reg[55]_i_1/CI
    SLICE_X77Y237        CARRY4 (Prop_carry4_CI_CO[3])
                                                      0.053    25.392 r  u_recon/u_weight_reduce/rails_s_reg[55]_i_1/CO[3]
                         net (fo=1, routed)           0.000    25.392    u_recon/u_weight_reduce/rails_s_reg[55]_i_1_n_0
    SLICE_X77Y238                                                     r  u_recon/u_weight_reduce/rails_s_reg[59]_i_1/CI
    SLICE_X77Y238        CARRY4 (Prop_carry4_CI_O[1])
                                                      0.166    25.558 r  u_recon/u_weight_reduce/rails_s_reg[59]_i_1/O[1]
                         net (fo=1, routed)           0.000    25.558    u_recon/rails__1[57]
    SLICE_X77Y238        FDRE                                         r  u_recon/rails_s_reg[57]/D
  -------------------------------------------------------------------    -------------------

                         (clock core_clk rise edge)
                                                     25.000    25.000 r  
                                                      0.000    25.000 r  clk (IN)
                         net (fo=0)                   0.510    25.510    __ooc_clk_input
    BUFGCTRL_X0Y0                                                     r  __ooc_internal_bufg/I
    BUFGCTRL_X0Y0        BUFG (Prop_bufg_I_O)         0.083    25.593 r  __ooc_internal_bufg/O
                         net (fo=66508, routed)       1.123    26.716    u_recon/clk
    SLICE_X77Y238        FDRE                                         r  u_recon/rails_s_reg[57]/C
                         clock pessimism              0.037    26.753    
                         clock uncertainty           -0.085    26.668    
    SLICE_X77Y238        FDRE (Setup_fdre_C_D)        0.049    26.717    u_recon/rails_s_reg[57]
  -------------------------------------------------------------------
                         required time                         26.717    
                         arrival time                         -25.558    
  -------------------------------------------------------------------
                         slack                                  1.158    

Slack (MET) :             1.175ns  (required time - arrival time)
  Source:                 u_structure/u_context/fine_slices_reg[1][3]/C
                            (rising edge-triggered cell FDRE clocked by core_clk  {rise@0.000ns fall@12.500ns period=25.000ns})
  Destination:            u_recon/rails_s_reg[59]/D
                            (rising edge-triggered cell FDRE clocked by core_clk  {rise@0.000ns fall@12.500ns period=25.000ns})
  Path Group:             core_clk
  Path Type:              Setup (Max at Slow Process Corner)
  Requirement:            25.000ns  (core_clk rise@25.000ns - core_clk rise@0.000ns)
  Data Path Delay:        23.683ns  (logic 5.001ns (21.116%)  route 18.682ns (78.884%))
  Logic Levels:           35  (CARRY4=16 LUT3=7 LUT4=6 LUT5=4 LUT6=2)
  Clock Path Skew:        -0.105ns (DCD - SCD + CPR)
    Destination Clock Delay (DCD):    1.716ns = ( 26.716 - 25.000 ) 
    Source Clock Delay      (SCD):    1.858ns
    Clock Pessimism Removal (CPR):    0.037ns
  Clock Uncertainty:      0.085ns  ((TSJ^2 + TIJ^2)^1/2 + DJ) / 2 + PE + UU
    Total System Jitter     (TSJ):    0.071ns
    Total Input Jitter      (TIJ):    0.000ns
    Discrete Jitter          (DJ):    0.000ns
    Phase Error              (PE):    0.000ns
    User Uncertainty         (UU):    0.050ns

    Location             Delay type                Incr(ns)  Path(ns)    Netlist Resource(s)
  -------------------------------------------------------------------    -------------------
                         (clock core_clk rise edge)
                                                      0.000     0.000 r  
                                                      0.000     0.000 r  clk (IN)
                         net (fo=0)                   0.537     0.537    __ooc_clk_input
    BUFGCTRL_X0Y0                                                     r  __ooc_internal_bufg/I
    BUFGCTRL_X0Y0        BUFG (Prop_bufg_I_O)         0.093     0.630 r  __ooc_internal_bufg/O
                         net (fo=66508, routed)       1.228     1.858    u_structure/u_context/clk
    SLICE_X101Y287       FDRE                                         r  u_structure/u_context/fine_slices_reg[1][3]/C
  -------------------------------------------------------------------    -------------------
    SLICE_X101Y287       FDRE (Prop_fdre_C_Q)         0.223     2.081 r  u_structure/u_context/fine_slices_reg[1][3]/Q
                         net (fo=81, routed)          0.628     2.709    u_structure/u_context/structural_ids[1][3]
    SLICE_X106Y286                                                    r  u_structure/u_context/op3_w_i_363/I2
    SLICE_X106Y286       LUT5 (Prop_lut5_I2_O)        0.043     2.752 r  u_structure/u_context/op3_w_i_363/O
                         net (fo=72, routed)          2.434     5.186    u_structure/u_context/op3_w_i_363_n_0
    SLICE_X161Y354                                                    r  u_structure/u_context/rails_s[63]_i_36495/I3
    SLICE_X161Y354       LUT4 (Prop_lut4_I3_O)        0.043     5.229 r  u_structure/u_context/rails_s[63]_i_36495/O
                         net (fo=1, routed)           0.355     5.584    u_structure/u_context/rails_s[63]_i_36495_n_0
    SLICE_X161Y354                                                    r  u_structure/u_context/rails_s[63]_i_29203/I4
    SLICE_X161Y354       LUT5 (Prop_lut5_I4_O)        0.043     5.627 r  u_structure/u_context/rails_s[63]_i_29203/O
                         net (fo=1, routed)           0.385     6.012    u_structure/u_context/rails_s[63]_i_29203_n_0
    SLICE_X164Y354                                                    r  u_structure/u_context/rails_s[63]_i_23433/I5
    SLICE_X164Y354       LUT6 (Prop_lut6_I5_O)        0.043     6.055 r  u_structure/u_context/rails_s[63]_i_23433/O
                         net (fo=47, routed)          4.375    10.430    u_structure/u_context/u_recon/u_weight_reduce/physical_on34_out[50]
    SLICE_X167Y104                                                    r  u_structure/u_context/rails_s[31]_i_6052/I0
    SLICE_X167Y104       LUT3 (Prop_lut3_I0_O)        0.054    10.484 r  u_structure/u_context/rails_s[31]_i_6052/O
                         net (fo=2, routed)           0.460    10.944    u_recon/u_weight_reduce/on_tree[3092]_933[4]
    SLICE_X166Y106                                                    r  u_recon/u_weight_reduce/rails_s[31]_i_3039/I1
    SLICE_X166Y106       LUT3 (Prop_lut3_I1_O)        0.141    11.085 r  u_recon/u_weight_reduce/rails_s[31]_i_3039/O
                         net (fo=2, routed)           0.470    11.555    u_recon/u_weight_reduce/rails_s[31]_i_3039_n_0
    SLICE_X166Y106                                                    r  u_recon/u_weight_reduce/rails_s[31]_i_3043/I3
    SLICE_X166Y106       LUT4 (Prop_lut4_I3_O)        0.134    11.689 r  u_recon/u_weight_reduce/rails_s[31]_i_3043/O
                         net (fo=1, routed)           0.000    11.689    u_recon/u_weight_reduce/rails_s[31]_i_3043_n_0
    SLICE_X166Y106                                                    r  u_recon/u_weight_reduce/rails_s_reg[31]_i_1817/S[1]
    SLICE_X166Y106       CARRY4 (Prop_carry4_S[1]_CO[3])
                                                      0.256    11.945 r  u_recon/u_weight_reduce/rails_s_reg[31]_i_1817/CO[3]
                         net (fo=1, routed)           0.000    11.945    u_recon/u_weight_reduce/rails_s_reg[31]_i_1817_n_0
    SLICE_X166Y107                                                    r  u_recon/u_weight_reduce/rails_s_reg[35]_i_1817/CI
    SLICE_X166Y107       CARRY4 (Prop_carry4_CI_O[0])
                                                      0.108    12.053 r  u_recon/u_weight_reduce/rails_s_reg[35]_i_1817/O[0]
                         net (fo=2, routed)           0.490    12.543    u_recon/u_weight_reduce/rails_s_reg[35]_i_1817_n_7
    SLICE_X161Y107                                                    r  u_recon/u_weight_reduce/rails_s[31]_i_1163/I2
    SLICE_X161Y107       LUT3 (Prop_lut3_I2_O)        0.132    12.675 r  u_recon/u_weight_reduce/rails_s[31]_i_1163/O
                         net (fo=2, routed)           0.608    13.283    u_recon/u_weight_reduce/rails_s[31]_i_1163_n_0
    SLICE_X161Y107                                                    r  u_recon/u_weight_reduce/rails_s[31]_i_1167/I3
    SLICE_X161Y107       LUT4 (Prop_lut4_I3_O)        0.136    13.419 r  u_recon/u_weight_reduce/rails_s[31]_i_1167/O
                         net (fo=1, routed)           0.000    13.419    u_recon/u_weight_reduce/rails_s[31]_i_1167_n_0
    SLICE_X161Y107                                                    r  u_recon/u_weight_reduce/rails_s_reg[31]_i_735/S[1]
    SLICE_X161Y107       CARRY4 (Prop_carry4_S[1]_O[3])
                                                      0.312    13.731 r  u_recon/u_weight_reduce/rails_s_reg[31]_i_735/O[3]
                         net (fo=2, routed)           1.806    15.537    u_recon/u_weight_reduce/rails_s_reg[31]_i_735_n_4
    SLICE_X114Y137                                                    r  u_recon/u_weight_reduce/rails_s[31]_i_472/I0
    SLICE_X114Y137       LUT3 (Prop_lut3_I0_O)        0.123    15.660 r  u_recon/u_weight_reduce/rails_s[31]_i_472/O
                         net (fo=2, routed)           0.333    15.993    u_recon/u_weight_reduce/rails_s[31]_i_472_n_0
    SLICE_X114Y138                                                    r  u_recon/u_weight_reduce/rails_s[31]_i_476/I3
    SLICE_X114Y138       LUT4 (Prop_lut4_I3_O)        0.134    16.127 r  u_recon/u_weight_reduce/rails_s[31]_i_476/O
                         net (fo=1, routed)           0.000    16.127    u_recon/u_weight_reduce/rails_s[31]_i_476_n_0
    SLICE_X114Y138                                                    r  u_recon/u_weight_reduce/rails_s_reg[31]_i_305/S[0]
    SLICE_X114Y138       CARRY4 (Prop_carry4_S[0]_CO[3])
                                                      0.246    16.373 r  u_recon/u_weight_reduce/rails_s_reg[31]_i_305/CO[3]
                         net (fo=1, routed)           0.000    16.373    u_recon/u_weight_reduce/rails_s_reg[31]_i_305_n_0
    SLICE_X114Y139                                                    r  u_recon/u_weight_reduce/rails_s_reg[35]_i_305/CI
    SLICE_X114Y139       CARRY4 (Prop_carry4_CI_O[3])
                                                      0.151    16.524 r  u_recon/u_weight_reduce/rails_s_reg[35]_i_305/O[3]
                         net (fo=2, routed)           0.892    17.416    u_recon/u_weight_reduce/rails_s_reg[35]_i_305_n_4
    SLICE_X109Y153                                                    r  u_recon/u_weight_reduce/rails_s[35]_i_166/I2
    SLICE_X109Y153       LUT3 (Prop_lut3_I2_O)        0.130    17.546 r  u_recon/u_weight_reduce/rails_s[35]_i_166/O
                         net (fo=2, routed)           0.434    17.980    u_recon/u_weight_reduce/rails_s[35]_i_166_n_0
    SLICE_X109Y154                                                    r  u_recon/u_weight_reduce/rails_s[35]_i_170/I3
    SLICE_X109Y154       LUT4 (Prop_lut4_I3_O)        0.135    18.115 r  u_recon/u_weight_reduce/rails_s[35]_i_170/O
                         net (fo=1, routed)           0.000    18.115    u_recon/u_weight_reduce/rails_s[35]_i_170_n_0
    SLICE_X109Y154                                                    r  u_recon/u_weight_reduce/rails_s_reg[35]_i_107/S[0]
    SLICE_X109Y154       CARRY4 (Prop_carry4_S[0]_CO[3])
                                                      0.259    18.374 r  u_recon/u_weight_reduce/rails_s_reg[35]_i_107/CO[3]
                         net (fo=1, routed)           0.000    18.374    u_recon/u_weight_reduce/rails_s_reg[35]_i_107_n_0
    SLICE_X109Y155                                                    r  u_recon/u_weight_reduce/rails_s_reg[39]_i_107/CI
    SLICE_X109Y155       CARRY4 (Prop_carry4_CI_CO[3])
                                                      0.053    18.427 r  u_recon/u_weight_reduce/rails_s_reg[39]_i_107/CO[3]
                         net (fo=1, routed)           0.000    18.427    u_recon/u_weight_reduce/rails_s_reg[39]_i_107_n_0
    SLICE_X109Y156                                                    r  u_recon/u_weight_reduce/rails_s_reg[43]_i_107/CI
    SLICE_X109Y156       CARRY4 (Prop_carry4_CI_O[3])
                                                      0.149    18.576 r  u_recon/u_weight_reduce/rails_s_reg[43]_i_107/O[3]
                         net (fo=2, routed)           1.506    20.082    u_recon/u_weight_reduce/rails_s_reg[43]_i_107_n_4
    SLICE_X82Y186                                                     r  u_recon/u_weight_reduce/rails_s[43]_i_58/I1
    SLICE_X82Y186        LUT3 (Prop_lut3_I1_O)        0.130    20.212 r  u_recon/u_weight_reduce/rails_s[43]_i_58/O
                         net (fo=2, routed)           0.410    20.622    u_recon/u_weight_reduce/rails_s[43]_i_58_n_0
    SLICE_X82Y187                                                     r  u_recon/u_weight_reduce/rails_s_reg[43]_i_32/DI[0]
    SLICE_X82Y187        CARRY4 (Prop_carry4_DI[0]_CO[3])
                                                      0.361    20.983 r  u_recon/u_weight_reduce/rails_s_reg[43]_i_32/CO[3]
                         net (fo=1, routed)           0.000    20.983    u_recon/u_weight_reduce/rails_s_reg[43]_i_32_n_0
    SLICE_X82Y188                                                     r  u_recon/u_weight_reduce/rails_s_reg[47]_i_32/CI
    SLICE_X82Y188        CARRY4 (Prop_carry4_CI_O[1])
                                                      0.166    21.149 r  u_recon/u_weight_reduce/rails_s_reg[47]_i_32/O[1]
                         net (fo=3, routed)           1.666    22.815    u_recon/u_weight_reduce/rails_s_reg[47]_i_32_n_6
    SLICE_X74Y234                                                     r  u_recon/u_weight_reduce/rails_s[43]_i_29/I2
    SLICE_X74Y234        LUT3 (Prop_lut3_I2_O)        0.123    22.938 r  u_recon/u_weight_reduce/rails_s[43]_i_29/O
                         net (fo=2, routed)           0.108    23.045    u_recon/u_weight_reduce/rails_s[43]_i_29_n_0
    SLICE_X74Y234                                                     r  u_recon/u_weight_reduce/rails_s[43]_i_13/I1
    SLICE_X74Y234        LUT5 (Prop_lut5_I1_O)        0.043    23.088 r  u_recon/u_weight_reduce/rails_s[43]_i_13/O
                         net (fo=2, routed)           0.466    23.555    u_recon/u_weight_reduce/rails_s[43]_i_13_n_0
    SLICE_X76Y234                                                     r  u_recon/u_weight_reduce/rails_s[43]_i_17/I0
    SLICE_X76Y234        LUT6 (Prop_lut6_I0_O)        0.043    23.598 r  u_recon/u_weight_reduce/rails_s[43]_i_17/O
                         net (fo=1, routed)           0.000    23.598    u_recon/u_weight_reduce/rails_s[43]_i_17_n_0
    SLICE_X76Y234                                                     r  u_recon/u_weight_reduce/rails_s_reg[43]_i_10/S[2]
    SLICE_X76Y234        CARRY4 (Prop_carry4_S[2]_CO[3])
                                                      0.195    23.793 r  u_recon/u_weight_reduce/rails_s_reg[43]_i_10/CO[3]
                         net (fo=1, routed)           0.000    23.793    u_recon/u_weight_reduce/rails_s_reg[43]_i_10_n_0
    SLICE_X76Y235                                                     r  u_recon/u_weight_reduce/rails_s_reg[47]_i_10/CI
    SLICE_X76Y235        CARRY4 (Prop_carry4_CI_O[2])
                                                      0.111    23.904 f  u_recon/u_weight_reduce/rails_s_reg[47]_i_10/O[2]
                         net (fo=2, routed)           0.434    24.338    u_recon/u_weight_reduce/sum_Won[42]
    SLICE_X77Y234                                                     f  u_recon/u_weight_reduce/rails_s[47]_i_5/I1
    SLICE_X77Y234        LUT4 (Prop_lut4_I1_O)        0.132    24.470 r  u_recon/u_weight_reduce/rails_s[47]_i_5/O
                         net (fo=2, routed)           0.423    24.892    u_recon/u_weight_reduce/rails_s[47]_i_5_n_0
    SLICE_X77Y235                                                     r  u_recon/u_weight_reduce/rails_s[47]_i_9/I4
    SLICE_X77Y235        LUT5 (Prop_lut5_I4_O)        0.135    25.027 r  u_recon/u_weight_reduce/rails_s[47]_i_9/O
                         net (fo=1, routed)           0.000    25.027    u_recon/u_weight_reduce/rails_s[47]_i_9_n_0
    SLICE_X77Y235                                                     r  u_recon/u_weight_reduce/rails_s_reg[47]_i_1/S[0]
    SLICE_X77Y235        CARRY4 (Prop_carry4_S[0]_CO[3])
                                                      0.259    25.286 r  u_recon/u_weight_reduce/rails_s_reg[47]_i_1/CO[3]
                         net (fo=1, routed)           0.000    25.286    u_recon/u_weight_reduce/rails_s_reg[47]_i_1_n_0
    SLICE_X77Y236                                                     r  u_recon/u_weight_reduce/rails_s_reg[51]_i_1/CI
    SLICE_X77Y236        CARRY4 (Prop_carry4_CI_CO[3])
                                                      0.053    25.339 r  u_recon/u_weight_reduce/rails_s_reg[51]_i_1/CO[3]
                         net (fo=1, routed)           0.000    25.339    u_recon/u_weight_reduce/rails_s_reg[51]_i_1_n_0
    SLICE_X77Y237                                                     r  u_recon/u_weight_reduce/rails_s_reg[55]_i_1/CI
    SLICE_X77Y237        CARRY4 (Prop_carry4_CI_CO[3])
                                                      0.053    25.392 r  u_recon/u_weight_reduce/rails_s_reg[55]_i_1/CO[3]
                         net (fo=1, routed)           0.000    25.392    u_recon/u_weight_reduce/rails_s_reg[55]_i_1_n_0
    SLICE_X77Y238                                                     r  u_recon/u_weight_reduce/rails_s_reg[59]_i_1/CI
    SLICE_X77Y238        CARRY4 (Prop_carry4_CI_O[3])
                                                      0.149    25.541 r  u_recon/u_weight_reduce/rails_s_reg[59]_i_1/O[3]
                         net (fo=1, routed)           0.000    25.541    u_recon/rails__1[59]
    SLICE_X77Y238        FDRE                                         r  u_recon/rails_s_reg[59]/D
  -------------------------------------------------------------------    -------------------

                         (clock core_clk rise edge)
                                                     25.000    25.000 r  
                                                      0.000    25.000 r  clk (IN)
                         net (fo=0)                   0.510    25.510    __ooc_clk_input
    BUFGCTRL_X0Y0                                                     r  __ooc_internal_bufg/I
    BUFGCTRL_X0Y0        BUFG (Prop_bufg_I_O)         0.083    25.593 r  __ooc_internal_bufg/O
                         net (fo=66508, routed)       1.123    26.716    u_recon/clk
    SLICE_X77Y238        FDRE                                         r  u_recon/rails_s_reg[59]/C
                         clock pessimism              0.037    26.753    
                         clock uncertainty           -0.085    26.668    
    SLICE_X77Y238        FDRE (Setup_fdre_C_D)        0.049    26.717    u_recon/rails_s_reg[59]
  -------------------------------------------------------------------
                         required time                         26.717    
                         arrival time                         -25.541    
  -------------------------------------------------------------------
                         slack                                  1.175    

Slack (MET) :             1.211ns  (required time - arrival time)
  Source:                 u_structure/u_context/fine_slices_reg[1][3]/C
                            (rising edge-triggered cell FDRE clocked by core_clk  {rise@0.000ns fall@12.500ns period=25.000ns})
  Destination:            u_recon/rails_s_reg[53]/D
                            (rising edge-triggered cell FDRE clocked by core_clk  {rise@0.000ns fall@12.500ns period=25.000ns})
  Path Group:             core_clk
  Path Type:              Setup (Max at Slow Process Corner)
  Requirement:            25.000ns  (core_clk rise@25.000ns - core_clk rise@0.000ns)
  Data Path Delay:        23.647ns  (logic 4.965ns (20.996%)  route 18.682ns (79.004%))
  Logic Levels:           34  (CARRY4=15 LUT3=7 LUT4=6 LUT5=4 LUT6=2)
  Clock Path Skew:        -0.105ns (DCD - SCD + CPR)
    Destination Clock Delay (DCD):    1.716ns = ( 26.716 - 25.000 ) 
    Source Clock Delay      (SCD):    1.858ns
    Clock Pessimism Removal (CPR):    0.037ns
  Clock Uncertainty:      0.085ns  ((TSJ^2 + TIJ^2)^1/2 + DJ) / 2 + PE + UU
    Total System Jitter     (TSJ):    0.071ns
    Total Input Jitter      (TIJ):    0.000ns
    Discrete Jitter          (DJ):    0.000ns
    Phase Error              (PE):    0.000ns
    User Uncertainty         (UU):    0.050ns

    Location             Delay type                Incr(ns)  Path(ns)    Netlist Resource(s)
  -------------------------------------------------------------------    -------------------
                         (clock core_clk rise edge)
                                                      0.000     0.000 r  
                                                      0.000     0.000 r  clk (IN)
                         net (fo=0)                   0.537     0.537    __ooc_clk_input
    BUFGCTRL_X0Y0                                                     r  __ooc_internal_bufg/I
    BUFGCTRL_X0Y0        BUFG (Prop_bufg_I_O)         0.093     0.630 r  __ooc_internal_bufg/O
                         net (fo=66508, routed)       1.228     1.858    u_structure/u_context/clk
    SLICE_X101Y287       FDRE                                         r  u_structure/u_context/fine_slices_reg[1][3]/C
  -------------------------------------------------------------------    -------------------
    SLICE_X101Y287       FDRE (Prop_fdre_C_Q)         0.223     2.081 r  u_structure/u_context/fine_slices_reg[1][3]/Q
                         net (fo=81, routed)          0.628     2.709    u_structure/u_context/structural_ids[1][3]
    SLICE_X106Y286                                                    r  u_structure/u_context/op3_w_i_363/I2
    SLICE_X106Y286       LUT5 (Prop_lut5_I2_O)        0.043     2.752 r  u_structure/u_context/op3_w_i_363/O
                         net (fo=72, routed)          2.434     5.186    u_structure/u_context/op3_w_i_363_n_0
    SLICE_X161Y354                                                    r  u_structure/u_context/rails_s[63]_i_36495/I3
    SLICE_X161Y354       LUT4 (Prop_lut4_I3_O)        0.043     5.229 r  u_structure/u_context/rails_s[63]_i_36495/O
                         net (fo=1, routed)           0.355     5.584    u_structure/u_context/rails_s[63]_i_36495_n_0
    SLICE_X161Y354                                                    r  u_structure/u_context/rails_s[63]_i_29203/I4
    SLICE_X161Y354       LUT5 (Prop_lut5_I4_O)        0.043     5.627 r  u_structure/u_context/rails_s[63]_i_29203/O
                         net (fo=1, routed)           0.385     6.012    u_structure/u_context/rails_s[63]_i_29203_n_0
    SLICE_X164Y354                                                    r  u_structure/u_context/rails_s[63]_i_23433/I5
    SLICE_X164Y354       LUT6 (Prop_lut6_I5_O)        0.043     6.055 r  u_structure/u_context/rails_s[63]_i_23433/O
                         net (fo=47, routed)          4.375    10.430    u_structure/u_context/u_recon/u_weight_reduce/physical_on34_out[50]
    SLICE_X167Y104                                                    r  u_structure/u_context/rails_s[31]_i_6052/I0
    SLICE_X167Y104       LUT3 (Prop_lut3_I0_O)        0.054    10.484 r  u_structure/u_context/rails_s[31]_i_6052/O
                         net (fo=2, routed)           0.460    10.944    u_recon/u_weight_reduce/on_tree[3092]_933[4]
    SLICE_X166Y106                                                    r  u_recon/u_weight_reduce/rails_s[31]_i_3039/I1
    SLICE_X166Y106       LUT3 (Prop_lut3_I1_O)        0.141    11.085 r  u_recon/u_weight_reduce/rails_s[31]_i_3039/O
                         net (fo=2, routed)           0.470    11.555    u_recon/u_weight_reduce/rails_s[31]_i_3039_n_0
    SLICE_X166Y106                                                    r  u_recon/u_weight_reduce/rails_s[31]_i_3043/I3
    SLICE_X166Y106       LUT4 (Prop_lut4_I3_O)        0.134    11.689 r  u_recon/u_weight_reduce/rails_s[31]_i_3043/O
                         net (fo=1, routed)           0.000    11.689    u_recon/u_weight_reduce/rails_s[31]_i_3043_n_0
    SLICE_X166Y106                                                    r  u_recon/u_weight_reduce/rails_s_reg[31]_i_1817/S[1]
    SLICE_X166Y106       CARRY4 (Prop_carry4_S[1]_CO[3])
                                                      0.256    11.945 r  u_recon/u_weight_reduce/rails_s_reg[31]_i_1817/CO[3]
                         net (fo=1, routed)           0.000    11.945    u_recon/u_weight_reduce/rails_s_reg[31]_i_1817_n_0
    SLICE_X166Y107                                                    r  u_recon/u_weight_reduce/rails_s_reg[35]_i_1817/CI
    SLICE_X166Y107       CARRY4 (Prop_carry4_CI_O[0])
                                                      0.108    12.053 r  u_recon/u_weight_reduce/rails_s_reg[35]_i_1817/O[0]
                         net (fo=2, routed)           0.490    12.543    u_recon/u_weight_reduce/rails_s_reg[35]_i_1817_n_7
    SLICE_X161Y107                                                    r  u_recon/u_weight_reduce/rails_s[31]_i_1163/I2
    SLICE_X161Y107       LUT3 (Prop_lut3_I2_O)        0.132    12.675 r  u_recon/u_weight_reduce/rails_s[31]_i_1163/O
                         net (fo=2, routed)           0.608    13.283    u_recon/u_weight_reduce/rails_s[31]_i_1163_n_0
    SLICE_X161Y107                                                    r  u_recon/u_weight_reduce/rails_s[31]_i_1167/I3
    SLICE_X161Y107       LUT4 (Prop_lut4_I3_O)        0.136    13.419 r  u_recon/u_weight_reduce/rails_s[31]_i_1167/O
                         net (fo=1, routed)           0.000    13.419    u_recon/u_weight_reduce/rails_s[31]_i_1167_n_0
    SLICE_X161Y107                                                    r  u_recon/u_weight_reduce/rails_s_reg[31]_i_735/S[1]
    SLICE_X161Y107       CARRY4 (Prop_carry4_S[1]_O[3])
                                                      0.312    13.731 r  u_recon/u_weight_reduce/rails_s_reg[31]_i_735/O[3]
                         net (fo=2, routed)           1.806    15.537    u_recon/u_weight_reduce/rails_s_reg[31]_i_735_n_4
    SLICE_X114Y137                                                    r  u_recon/u_weight_reduce/rails_s[31]_i_472/I0
    SLICE_X114Y137       LUT3 (Prop_lut3_I0_O)        0.123    15.660 r  u_recon/u_weight_reduce/rails_s[31]_i_472/O
                         net (fo=2, routed)           0.333    15.993    u_recon/u_weight_reduce/rails_s[31]_i_472_n_0
    SLICE_X114Y138                                                    r  u_recon/u_weight_reduce/rails_s[31]_i_476/I3
    SLICE_X114Y138       LUT4 (Prop_lut4_I3_O)        0.134    16.127 r  u_recon/u_weight_reduce/rails_s[31]_i_476/O
                         net (fo=1, routed)           0.000    16.127    u_recon/u_weight_reduce/rails_s[31]_i_476_n_0
    SLICE_X114Y138                                                    r  u_recon/u_weight_reduce/rails_s_reg[31]_i_305/S[0]
    SLICE_X114Y138       CARRY4 (Prop_carry4_S[0]_CO[3])
                                                      0.246    16.373 r  u_recon/u_weight_reduce/rails_s_reg[31]_i_305/CO[3]
                         net (fo=1, routed)           0.000    16.373    u_recon/u_weight_reduce/rails_s_reg[31]_i_305_n_0
    SLICE_X114Y139                                                    r  u_recon/u_weight_reduce/rails_s_reg[35]_i_305/CI
    SLICE_X114Y139       CARRY4 (Prop_carry4_CI_O[3])
                                                      0.151    16.524 r  u_recon/u_weight_reduce/rails_s_reg[35]_i_305/O[3]
                         net (fo=2, routed)           0.892    17.416    u_recon/u_weight_reduce/rails_s_reg[35]_i_305_n_4
    SLICE_X109Y153                                                    r  u_recon/u_weight_reduce/rails_s[35]_i_166/I2
    SLICE_X109Y153       LUT3 (Prop_lut3_I2_O)        0.130    17.546 r  u_recon/u_weight_reduce/rails_s[35]_i_166/O
                         net (fo=2, routed)           0.434    17.980    u_recon/u_weight_reduce/rails_s[35]_i_166_n_0
    SLICE_X109Y154                                                    r  u_recon/u_weight_reduce/rails_s[35]_i_170/I3
    SLICE_X109Y154       LUT4 (Prop_lut4_I3_O)        0.135    18.115 r  u_recon/u_weight_reduce/rails_s[35]_i_170/O
                         net (fo=1, routed)           0.000    18.115    u_recon/u_weight_reduce/rails_s[35]_i_170_n_0
    SLICE_X109Y154                                                    r  u_recon/u_weight_reduce/rails_s_reg[35]_i_107/S[0]
    SLICE_X109Y154       CARRY4 (Prop_carry4_S[0]_CO[3])
                                                      0.259    18.374 r  u_recon/u_weight_reduce/rails_s_reg[35]_i_107/CO[3]
                         net (fo=1, routed)           0.000    18.374    u_recon/u_weight_reduce/rails_s_reg[35]_i_107_n_0
    SLICE_X109Y155                                                    r  u_recon/u_weight_reduce/rails_s_reg[39]_i_107/CI
    SLICE_X109Y155       CARRY4 (Prop_carry4_CI_CO[3])
                                                      0.053    18.427 r  u_recon/u_weight_reduce/rails_s_reg[39]_i_107/CO[3]
                         net (fo=1, routed)           0.000    18.427    u_recon/u_weight_reduce/rails_s_reg[39]_i_107_n_0
    SLICE_X109Y156                                                    r  u_recon/u_weight_reduce/rails_s_reg[43]_i_107/CI
    SLICE_X109Y156       CARRY4 (Prop_carry4_CI_O[3])
                                                      0.149    18.576 r  u_recon/u_weight_reduce/rails_s_reg[43]_i_107/O[3]
                         net (fo=2, routed)           1.506    20.082    u_recon/u_weight_reduce/rails_s_reg[43]_i_107_n_4
    SLICE_X82Y186                                                     r  u_recon/u_weight_reduce/rails_s[43]_i_58/I1
    SLICE_X82Y186        LUT3 (Prop_lut3_I1_O)        0.130    20.212 r  u_recon/u_weight_reduce/rails_s[43]_i_58/O
                         net (fo=2, routed)           0.410    20.622    u_recon/u_weight_reduce/rails_s[43]_i_58_n_0
    SLICE_X82Y187                                                     r  u_recon/u_weight_reduce/rails_s_reg[43]_i_32/DI[0]
    SLICE_X82Y187        CARRY4 (Prop_carry4_DI[0]_CO[3])
                                                      0.361    20.983 r  u_recon/u_weight_reduce/rails_s_reg[43]_i_32/CO[3]
                         net (fo=1, routed)           0.000    20.983    u_recon/u_weight_reduce/rails_s_reg[43]_i_32_n_0
    SLICE_X82Y188                                                     r  u_recon/u_weight_reduce/rails_s_reg[47]_i_32/CI
    SLICE_X82Y188        CARRY4 (Prop_carry4_CI_O[1])
                                                      0.166    21.149 r  u_recon/u_weight_reduce/rails_s_reg[47]_i_32/O[1]
                         net (fo=3, routed)           1.666    22.815    u_recon/u_weight_reduce/rails_s_reg[47]_i_32_n_6
    SLICE_X74Y234                                                     r  u_recon/u_weight_reduce/rails_s[43]_i_29/I2
    SLICE_X74Y234        LUT3 (Prop_lut3_I2_O)        0.123    22.938 r  u_recon/u_weight_reduce/rails_s[43]_i_29/O
                         net (fo=2, routed)           0.108    23.045    u_recon/u_weight_reduce/rails_s[43]_i_29_n_0
    SLICE_X74Y234                                                     r  u_recon/u_weight_reduce/rails_s[43]_i_13/I1
    SLICE_X74Y234        LUT5 (Prop_lut5_I1_O)        0.043    23.088 r  u_recon/u_weight_reduce/rails_s[43]_i_13/O
                         net (fo=2, routed)           0.466    23.555    u_recon/u_weight_reduce/rails_s[43]_i_13_n_0
    SLICE_X76Y234                                                     r  u_recon/u_weight_reduce/rails_s[43]_i_17/I0
    SLICE_X76Y234        LUT6 (Prop_lut6_I0_O)        0.043    23.598 r  u_recon/u_weight_reduce/rails_s[43]_i_17/O
                         net (fo=1, routed)           0.000    23.598    u_recon/u_weight_reduce/rails_s[43]_i_17_n_0
    SLICE_X76Y234                                                     r  u_recon/u_weight_reduce/rails_s_reg[43]_i_10/S[2]
    SLICE_X76Y234        CARRY4 (Prop_carry4_S[2]_CO[3])
                                                      0.195    23.793 r  u_recon/u_weight_reduce/rails_s_reg[43]_i_10/CO[3]
                         net (fo=1, routed)           0.000    23.793    u_recon/u_weight_reduce/rails_s_reg[43]_i_10_n_0
    SLICE_X76Y235                                                     r  u_recon/u_weight_reduce/rails_s_reg[47]_i_10/CI
    SLICE_X76Y235        CARRY4 (Prop_carry4_CI_O[2])
                                                      0.111    23.904 f  u_recon/u_weight_reduce/rails_s_reg[47]_i_10/O[2]
                         net (fo=2, routed)           0.434    24.338    u_recon/u_weight_reduce/sum_Won[42]
    SLICE_X77Y234                                                     f  u_recon/u_weight_reduce/rails_s[47]_i_5/I1
    SLICE_X77Y234        LUT4 (Prop_lut4_I1_O)        0.132    24.470 r  u_recon/u_weight_reduce/rails_s[47]_i_5/O
                         net (fo=2, routed)           0.423    24.892    u_recon/u_weight_reduce/rails_s[47]_i_5_n_0
    SLICE_X77Y235                                                     r  u_recon/u_weight_reduce/rails_s[47]_i_9/I4
    SLICE_X77Y235        LUT5 (Prop_lut5_I4_O)        0.135    25.027 r  u_recon/u_weight_reduce/rails_s[47]_i_9/O
                         net (fo=1, routed)           0.000    25.027    u_recon/u_weight_reduce/rails_s[47]_i_9_n_0
    SLICE_X77Y235                                                     r  u_recon/u_weight_reduce/rails_s_reg[47]_i_1/S[0]
    SLICE_X77Y235        CARRY4 (Prop_carry4_S[0]_CO[3])
                                                      0.259    25.286 r  u_recon/u_weight_reduce/rails_s_reg[47]_i_1/CO[3]
                         net (fo=1, routed)           0.000    25.286    u_recon/u_weight_reduce/rails_s_reg[47]_i_1_n_0
    SLICE_X77Y236                                                     r  u_recon/u_weight_reduce/rails_s_reg[51]_i_1/CI
    SLICE_X77Y236        CARRY4 (Prop_carry4_CI_CO[3])
                                                      0.053    25.339 r  u_recon/u_weight_reduce/rails_s_reg[51]_i_1/CO[3]
                         net (fo=1, routed)           0.000    25.339    u_recon/u_weight_reduce/rails_s_reg[51]_i_1_n_0
    SLICE_X77Y237                                                     r  u_recon/u_weight_reduce/rails_s_reg[55]_i_1/CI
    SLICE_X77Y237        CARRY4 (Prop_carry4_CI_O[1])
                                                      0.166    25.505 r  u_recon/u_weight_reduce/rails_s_reg[55]_i_1/O[1]
                         net (fo=1, routed)           0.000    25.505    u_recon/rails__1[53]
    SLICE_X77Y237        FDRE                                         r  u_recon/rails_s_reg[53]/D
  -------------------------------------------------------------------    -------------------

                         (clock core_clk rise edge)
                                                     25.000    25.000 r  
                                                      0.000    25.000 r  clk (IN)
                         net (fo=0)                   0.510    25.510    __ooc_clk_input
    BUFGCTRL_X0Y0                                                     r  __ooc_internal_bufg/I
    BUFGCTRL_X0Y0        BUFG (Prop_bufg_I_O)         0.083    25.593 r  __ooc_internal_bufg/O
                         net (fo=66508, routed)       1.123    26.716    u_recon/clk
    SLICE_X77Y237        FDRE                                         r  u_recon/rails_s_reg[53]/C
                         clock pessimism              0.037    26.753    
                         clock uncertainty           -0.085    26.668    
    SLICE_X77Y237        FDRE (Setup_fdre_C_D)        0.049    26.717    u_recon/rails_s_reg[53]
  -------------------------------------------------------------------
                         required time                         26.717    
                         arrival time                         -25.505    
  -------------------------------------------------------------------
                         slack                                  1.211    

Slack (MET) :             1.213ns  (required time - arrival time)
  Source:                 u_structure/u_context/fine_slices_reg[1][3]/C
                            (rising edge-triggered cell FDRE clocked by core_clk  {rise@0.000ns fall@12.500ns period=25.000ns})
  Destination:            u_recon/rails_s_reg[56]/D
                            (rising edge-triggered cell FDRE clocked by core_clk  {rise@0.000ns fall@12.500ns period=25.000ns})
  Path Group:             core_clk
  Path Type:              Setup (Max at Slow Process Corner)
  Requirement:            25.000ns  (core_clk rise@25.000ns - core_clk rise@0.000ns)
  Data Path Delay:        23.645ns  (logic 4.963ns (20.989%)  route 18.682ns (79.011%))
  Logic Levels:           35  (CARRY4=16 LUT3=7 LUT4=6 LUT5=4 LUT6=2)
  Clock Path Skew:        -0.105ns (DCD - SCD + CPR)
    Destination Clock Delay (DCD):    1.716ns = ( 26.716 - 25.000 ) 
    Source Clock Delay      (SCD):    1.858ns
    Clock Pessimism Removal (CPR):    0.037ns
  Clock Uncertainty:      0.085ns  ((TSJ^2 + TIJ^2)^1/2 + DJ) / 2 + PE + UU
    Total System Jitter     (TSJ):    0.071ns
    Total Input Jitter      (TIJ):    0.000ns
    Discrete Jitter          (DJ):    0.000ns
    Phase Error              (PE):    0.000ns
    User Uncertainty         (UU):    0.050ns

    Location             Delay type                Incr(ns)  Path(ns)    Netlist Resource(s)
  -------------------------------------------------------------------    -------------------
                         (clock core_clk rise edge)
                                                      0.000     0.000 r  
                                                      0.000     0.000 r  clk (IN)
                         net (fo=0)                   0.537     0.537    __ooc_clk_input
    BUFGCTRL_X0Y0                                                     r  __ooc_internal_bufg/I
    BUFGCTRL_X0Y0        BUFG (Prop_bufg_I_O)         0.093     0.630 r  __ooc_internal_bufg/O
                         net (fo=66508, routed)       1.228     1.858    u_structure/u_context/clk
    SLICE_X101Y287       FDRE                                         r  u_structure/u_context/fine_slices_reg[1][3]/C
  -------------------------------------------------------------------    -------------------
    SLICE_X101Y287       FDRE (Prop_fdre_C_Q)         0.223     2.081 r  u_structure/u_context/fine_slices_reg[1][3]/Q
                         net (fo=81, routed)          0.628     2.709    u_structure/u_context/structural_ids[1][3]
    SLICE_X106Y286                                                    r  u_structure/u_context/op3_w_i_363/I2
    SLICE_X106Y286       LUT5 (Prop_lut5_I2_O)        0.043     2.752 r  u_structure/u_context/op3_w_i_363/O
                         net (fo=72, routed)          2.434     5.186    u_structure/u_context/op3_w_i_363_n_0
    SLICE_X161Y354                                                    r  u_structure/u_context/rails_s[63]_i_36495/I3
    SLICE_X161Y354       LUT4 (Prop_lut4_I3_O)        0.043     5.229 r  u_structure/u_context/rails_s[63]_i_36495/O
                         net (fo=1, routed)           0.355     5.584    u_structure/u_context/rails_s[63]_i_36495_n_0
    SLICE_X161Y354                                                    r  u_structure/u_context/rails_s[63]_i_29203/I4
    SLICE_X161Y354       LUT5 (Prop_lut5_I4_O)        0.043     5.627 r  u_structure/u_context/rails_s[63]_i_29203/O
                         net (fo=1, routed)           0.385     6.012    u_structure/u_context/rails_s[63]_i_29203_n_0
    SLICE_X164Y354                                                    r  u_structure/u_context/rails_s[63]_i_23433/I5
    SLICE_X164Y354       LUT6 (Prop_lut6_I5_O)        0.043     6.055 r  u_structure/u_context/rails_s[63]_i_23433/O
                         net (fo=47, routed)          4.375    10.430    u_structure/u_context/u_recon/u_weight_reduce/physical_on34_out[50]
    SLICE_X167Y104                                                    r  u_structure/u_context/rails_s[31]_i_6052/I0
    SLICE_X167Y104       LUT3 (Prop_lut3_I0_O)        0.054    10.484 r  u_structure/u_context/rails_s[31]_i_6052/O
                         net (fo=2, routed)           0.460    10.944    u_recon/u_weight_reduce/on_tree[3092]_933[4]
    SLICE_X166Y106                                                    r  u_recon/u_weight_reduce/rails_s[31]_i_3039/I1
    SLICE_X166Y106       LUT3 (Prop_lut3_I1_O)        0.141    11.085 r  u_recon/u_weight_reduce/rails_s[31]_i_3039/O
                         net (fo=2, routed)           0.470    11.555    u_recon/u_weight_reduce/rails_s[31]_i_3039_n_0
    SLICE_X166Y106                                                    r  u_recon/u_weight_reduce/rails_s[31]_i_3043/I3
    SLICE_X166Y106       LUT4 (Prop_lut4_I3_O)        0.134    11.689 r  u_recon/u_weight_reduce/rails_s[31]_i_3043/O
                         net (fo=1, routed)           0.000    11.689    u_recon/u_weight_reduce/rails_s[31]_i_3043_n_0
    SLICE_X166Y106                                                    r  u_recon/u_weight_reduce/rails_s_reg[31]_i_1817/S[1]
    SLICE_X166Y106       CARRY4 (Prop_carry4_S[1]_CO[3])
                                                      0.256    11.945 r  u_recon/u_weight_reduce/rails_s_reg[31]_i_1817/CO[3]
                         net (fo=1, routed)           0.000    11.945    u_recon/u_weight_reduce/rails_s_reg[31]_i_1817_n_0
    SLICE_X166Y107                                                    r  u_recon/u_weight_reduce/rails_s_reg[35]_i_1817/CI
    SLICE_X166Y107       CARRY4 (Prop_carry4_CI_O[0])
                                                      0.108    12.053 r  u_recon/u_weight_reduce/rails_s_reg[35]_i_1817/O[0]
                         net (fo=2, routed)           0.490    12.543    u_recon/u_weight_reduce/rails_s_reg[35]_i_1817_n_7
    SLICE_X161Y107                                                    r  u_recon/u_weight_reduce/rails_s[31]_i_1163/I2
    SLICE_X161Y107       LUT3 (Prop_lut3_I2_O)        0.132    12.675 r  u_recon/u_weight_reduce/rails_s[31]_i_1163/O
                         net (fo=2, routed)           0.608    13.283    u_recon/u_weight_reduce/rails_s[31]_i_1163_n_0
    SLICE_X161Y107                                                    r  u_recon/u_weight_reduce/rails_s[31]_i_1167/I3
    SLICE_X161Y107       LUT4 (Prop_lut4_I3_O)        0.136    13.419 r  u_recon/u_weight_reduce/rails_s[31]_i_1167/O
                         net (fo=1, routed)           0.000    13.419    u_recon/u_weight_reduce/rails_s[31]_i_1167_n_0
    SLICE_X161Y107                                                    r  u_recon/u_weight_reduce/rails_s_reg[31]_i_735/S[1]
    SLICE_X161Y107       CARRY4 (Prop_carry4_S[1]_O[3])
                                                      0.312    13.731 r  u_recon/u_weight_reduce/rails_s_reg[31]_i_735/O[3]
                         net (fo=2, routed)           1.806    15.537    u_recon/u_weight_reduce/rails_s_reg[31]_i_735_n_4
    SLICE_X114Y137                                                    r  u_recon/u_weight_reduce/rails_s[31]_i_472/I0
    SLICE_X114Y137       LUT3 (Prop_lut3_I0_O)        0.123    15.660 r  u_recon/u_weight_reduce/rails_s[31]_i_472/O
                         net (fo=2, routed)           0.333    15.993    u_recon/u_weight_reduce/rails_s[31]_i_472_n_0
    SLICE_X114Y138                                                    r  u_recon/u_weight_reduce/rails_s[31]_i_476/I3
    SLICE_X114Y138       LUT4 (Prop_lut4_I3_O)        0.134    16.127 r  u_recon/u_weight_reduce/rails_s[31]_i_476/O
                         net (fo=1, routed)           0.000    16.127    u_recon/u_weight_reduce/rails_s[31]_i_476_n_0
    SLICE_X114Y138                                                    r  u_recon/u_weight_reduce/rails_s_reg[31]_i_305/S[0]
    SLICE_X114Y138       CARRY4 (Prop_carry4_S[0]_CO[3])
                                                      0.246    16.373 r  u_recon/u_weight_reduce/rails_s_reg[31]_i_305/CO[3]
                         net (fo=1, routed)           0.000    16.373    u_recon/u_weight_reduce/rails_s_reg[31]_i_305_n_0
    SLICE_X114Y139                                                    r  u_recon/u_weight_reduce/rails_s_reg[35]_i_305/CI
    SLICE_X114Y139       CARRY4 (Prop_carry4_CI_O[3])
                                                      0.151    16.524 r  u_recon/u_weight_reduce/rails_s_reg[35]_i_305/O[3]
                         net (fo=2, routed)           0.892    17.416    u_recon/u_weight_reduce/rails_s_reg[35]_i_305_n_4
    SLICE_X109Y153                                                    r  u_recon/u_weight_reduce/rails_s[35]_i_166/I2
    SLICE_X109Y153       LUT3 (Prop_lut3_I2_O)        0.130    17.546 r  u_recon/u_weight_reduce/rails_s[35]_i_166/O
                         net (fo=2, routed)           0.434    17.980    u_recon/u_weight_reduce/rails_s[35]_i_166_n_0
    SLICE_X109Y154                                                    r  u_recon/u_weight_reduce/rails_s[35]_i_170/I3
    SLICE_X109Y154       LUT4 (Prop_lut4_I3_O)        0.135    18.115 r  u_recon/u_weight_reduce/rails_s[35]_i_170/O
                         net (fo=1, routed)           0.000    18.115    u_recon/u_weight_reduce/rails_s[35]_i_170_n_0
    SLICE_X109Y154                                                    r  u_recon/u_weight_reduce/rails_s_reg[35]_i_107/S[0]
    SLICE_X109Y154       CARRY4 (Prop_carry4_S[0]_CO[3])
                                                      0.259    18.374 r  u_recon/u_weight_reduce/rails_s_reg[35]_i_107/CO[3]
                         net (fo=1, routed)           0.000    18.374    u_recon/u_weight_reduce/rails_s_reg[35]_i_107_n_0
    SLICE_X109Y155                                                    r  u_recon/u_weight_reduce/rails_s_reg[39]_i_107/CI
    SLICE_X109Y155       CARRY4 (Prop_carry4_CI_CO[3])
                                                      0.053    18.427 r  u_recon/u_weight_reduce/rails_s_reg[39]_i_107/CO[3]
                         net (fo=1, routed)           0.000    18.427    u_recon/u_weight_reduce/rails_s_reg[39]_i_107_n_0
    SLICE_X109Y156                                                    r  u_recon/u_weight_reduce/rails_s_reg[43]_i_107/CI
    SLICE_X109Y156       CARRY4 (Prop_carry4_CI_O[3])
                                                      0.149    18.576 r  u_recon/u_weight_reduce/rails_s_reg[43]_i_107/O[3]
                         net (fo=2, routed)           1.506    20.082    u_recon/u_weight_reduce/rails_s_reg[43]_i_107_n_4
    SLICE_X82Y186                                                     r  u_recon/u_weight_reduce/rails_s[43]_i_58/I1
    SLICE_X82Y186        LUT3 (Prop_lut3_I1_O)        0.130    20.212 r  u_recon/u_weight_reduce/rails_s[43]_i_58/O
                         net (fo=2, routed)           0.410    20.622    u_recon/u_weight_reduce/rails_s[43]_i_58_n_0
    SLICE_X82Y187                                                     r  u_recon/u_weight_reduce/rails_s_reg[43]_i_32/DI[0]
    SLICE_X82Y187        CARRY4 (Prop_carry4_DI[0]_CO[3])
                                                      0.361    20.983 r  u_recon/u_weight_reduce/rails_s_reg[43]_i_32/CO[3]
                         net (fo=1, routed)           0.000    20.983    u_recon/u_weight_reduce/rails_s_reg[43]_i_32_n_0
    SLICE_X82Y188                                                     r  u_recon/u_weight_reduce/rails_s_reg[47]_i_32/CI
    SLICE_X82Y188        CARRY4 (Prop_carry4_CI_O[1])
                                                      0.166    21.149 r  u_recon/u_weight_reduce/rails_s_reg[47]_i_32/O[1]
                         net (fo=3, routed)           1.666    22.815    u_recon/u_weight_reduce/rails_s_reg[47]_i_32_n_6
    SLICE_X74Y234                                                     r  u_recon/u_weight_reduce/rails_s[43]_i_29/I2
    SLICE_X74Y234        LUT3 (Prop_lut3_I2_O)        0.123    22.938 r  u_recon/u_weight_reduce/rails_s[43]_i_29/O
                         net (fo=2, routed)           0.108    23.045    u_recon/u_weight_reduce/rails_s[43]_i_29_n_0
    SLICE_X74Y234                                                     r  u_recon/u_weight_reduce/rails_s[43]_i_13/I1
    SLICE_X74Y234        LUT5 (Prop_lut5_I1_O)        0.043    23.088 r  u_recon/u_weight_reduce/rails_s[43]_i_13/O
                         net (fo=2, routed)           0.466    23.555    u_recon/u_weight_reduce/rails_s[43]_i_13_n_0
    SLICE_X76Y234                                                     r  u_recon/u_weight_reduce/rails_s[43]_i_17/I0
    SLICE_X76Y234        LUT6 (Prop_lut6_I0_O)        0.043    23.598 r  u_recon/u_weight_reduce/rails_s[43]_i_17/O
                         net (fo=1, routed)           0.000    23.598    u_recon/u_weight_reduce/rails_s[43]_i_17_n_0
    SLICE_X76Y234                                                     r  u_recon/u_weight_reduce/rails_s_reg[43]_i_10/S[2]
    SLICE_X76Y234        CARRY4 (Prop_carry4_S[2]_CO[3])
                                                      0.195    23.793 r  u_recon/u_weight_reduce/rails_s_reg[43]_i_10/CO[3]
                         net (fo=1, routed)           0.000    23.793    u_recon/u_weight_reduce/rails_s_reg[43]_i_10_n_0
    SLICE_X76Y235                                                     r  u_recon/u_weight_reduce/rails_s_reg[47]_i_10/CI
    SLICE_X76Y235        CARRY4 (Prop_carry4_CI_O[2])
                                                      0.111    23.904 f  u_recon/u_weight_reduce/rails_s_reg[47]_i_10/O[2]
                         net (fo=2, routed)           0.434    24.338    u_recon/u_weight_reduce/sum_Won[42]
    SLICE_X77Y234                                                     f  u_recon/u_weight_reduce/rails_s[47]_i_5/I1
    SLICE_X77Y234        LUT4 (Prop_lut4_I1_O)        0.132    24.470 r  u_recon/u_weight_reduce/rails_s[47]_i_5/O
                         net (fo=2, routed)           0.423    24.892    u_recon/u_weight_reduce/rails_s[47]_i_5_n_0
    SLICE_X77Y235                                                     r  u_recon/u_weight_reduce/rails_s[47]_i_9/I4
    SLICE_X77Y235        LUT5 (Prop_lut5_I4_O)        0.135    25.027 r  u_recon/u_weight_reduce/rails_s[47]_i_9/O
                         net (fo=1, routed)           0.000    25.027    u_recon/u_weight_reduce/rails_s[47]_i_9_n_0
    SLICE_X77Y235                                                     r  u_recon/u_weight_reduce/rails_s_reg[47]_i_1/S[0]
    SLICE_X77Y235        CARRY4 (Prop_carry4_S[0]_CO[3])
                                                      0.259    25.286 r  u_recon/u_weight_reduce/rails_s_reg[47]_i_1/CO[3]
                         net (fo=1, routed)           0.000    25.286    u_recon/u_weight_reduce/rails_s_reg[47]_i_1_n_0
    SLICE_X77Y236                                                     r  u_recon/u_weight_reduce/rails_s_reg[51]_i_1/CI
    SLICE_X77Y236        CARRY4 (Prop_carry4_CI_CO[3])
                                                      0.053    25.339 r  u_recon/u_weight_reduce/rails_s_reg[51]_i_1/CO[3]
                         net (fo=1, routed)           0.000    25.339    u_recon/u_weight_reduce/rails_s_reg[51]_i_1_n_0
    SLICE_X77Y237                                                     r  u_recon/u_weight_reduce/rails_s_reg[55]_i_1/CI
    SLICE_X77Y237        CARRY4 (Prop_carry4_CI_CO[3])
                                                      0.053    25.392 r  u_recon/u_weight_reduce/rails_s_reg[55]_i_1/CO[3]
                         net (fo=1, routed)           0.000    25.392    u_recon/u_weight_reduce/rails_s_reg[55]_i_1_n_0
    SLICE_X77Y238                                                     r  u_recon/u_weight_reduce/rails_s_reg[59]_i_1/CI
    SLICE_X77Y238        CARRY4 (Prop_carry4_CI_O[0])
                                                      0.111    25.503 r  u_recon/u_weight_reduce/rails_s_reg[59]_i_1/O[0]
                         net (fo=1, routed)           0.000    25.503    u_recon/rails__1[56]
    SLICE_X77Y238        FDRE                                         r  u_recon/rails_s_reg[56]/D
  -------------------------------------------------------------------    -------------------

                         (clock core_clk rise edge)
                                                     25.000    25.000 r  
                                                      0.000    25.000 r  clk (IN)
                         net (fo=0)                   0.510    25.510    __ooc_clk_input
    BUFGCTRL_X0Y0                                                     r  __ooc_internal_bufg/I
    BUFGCTRL_X0Y0        BUFG (Prop_bufg_I_O)         0.083    25.593 r  __ooc_internal_bufg/O
                         net (fo=66508, routed)       1.123    26.716    u_recon/clk
    SLICE_X77Y238        FDRE                                         r  u_recon/rails_s_reg[56]/C
                         clock pessimism              0.037    26.753    
                         clock uncertainty           -0.085    26.668    
    SLICE_X77Y238        FDRE (Setup_fdre_C_D)        0.049    26.717    u_recon/rails_s_reg[56]
  -------------------------------------------------------------------
                         required time                         26.717    
                         arrival time                         -25.503    
  -------------------------------------------------------------------
                         slack                                  1.213    

Slack (MET) :             1.213ns  (required time - arrival time)
  Source:                 u_structure/u_context/fine_slices_reg[1][3]/C
                            (rising edge-triggered cell FDRE clocked by core_clk  {rise@0.000ns fall@12.500ns period=25.000ns})
  Destination:            u_recon/rails_s_reg[58]/D
                            (rising edge-triggered cell FDRE clocked by core_clk  {rise@0.000ns fall@12.500ns period=25.000ns})
  Path Group:             core_clk
  Path Type:              Setup (Max at Slow Process Corner)
  Requirement:            25.000ns  (core_clk rise@25.000ns - core_clk rise@0.000ns)
  Data Path Delay:        23.645ns  (logic 4.963ns (20.989%)  route 18.682ns (79.011%))
  Logic Levels:           35  (CARRY4=16 LUT3=7 LUT4=6 LUT5=4 LUT6=2)
  Clock Path Skew:        -0.105ns (DCD - SCD + CPR)
    Destination Clock Delay (DCD):    1.716ns = ( 26.716 - 25.000 ) 
    Source Clock Delay      (SCD):    1.858ns
    Clock Pessimism Removal (CPR):    0.037ns
  Clock Uncertainty:      0.085ns  ((TSJ^2 + TIJ^2)^1/2 + DJ) / 2 + PE + UU
    Total System Jitter     (TSJ):    0.071ns
    Total Input Jitter      (TIJ):    0.000ns
    Discrete Jitter          (DJ):    0.000ns
    Phase Error              (PE):    0.000ns
    User Uncertainty         (UU):    0.050ns

    Location             Delay type                Incr(ns)  Path(ns)    Netlist Resource(s)
  -------------------------------------------------------------------    -------------------
                         (clock core_clk rise edge)
                                                      0.000     0.000 r  
                                                      0.000     0.000 r  clk (IN)
                         net (fo=0)                   0.537     0.537    __ooc_clk_input
    BUFGCTRL_X0Y0                                                     r  __ooc_internal_bufg/I
    BUFGCTRL_X0Y0        BUFG (Prop_bufg_I_O)         0.093     0.630 r  __ooc_internal_bufg/O
                         net (fo=66508, routed)       1.228     1.858    u_structure/u_context/clk
    SLICE_X101Y287       FDRE                                         r  u_structure/u_context/fine_slices_reg[1][3]/C
  -------------------------------------------------------------------    -------------------
    SLICE_X101Y287       FDRE (Prop_fdre_C_Q)         0.223     2.081 r  u_structure/u_context/fine_slices_reg[1][3]/Q
                         net (fo=81, routed)          0.628     2.709    u_structure/u_context/structural_ids[1][3]
    SLICE_X106Y286                                                    r  u_structure/u_context/op3_w_i_363/I2
    SLICE_X106Y286       LUT5 (Prop_lut5_I2_O)        0.043     2.752 r  u_structure/u_context/op3_w_i_363/O
                         net (fo=72, routed)          2.434     5.186    u_structure/u_context/op3_w_i_363_n_0
    SLICE_X161Y354                                                    r  u_structure/u_context/rails_s[63]_i_36495/I3
    SLICE_X161Y354       LUT4 (Prop_lut4_I3_O)        0.043     5.229 r  u_structure/u_context/rails_s[63]_i_36495/O
                         net (fo=1, routed)           0.355     5.584    u_structure/u_context/rails_s[63]_i_36495_n_0
    SLICE_X161Y354                                                    r  u_structure/u_context/rails_s[63]_i_29203/I4
    SLICE_X161Y354       LUT5 (Prop_lut5_I4_O)        0.043     5.627 r  u_structure/u_context/rails_s[63]_i_29203/O
                         net (fo=1, routed)           0.385     6.012    u_structure/u_context/rails_s[63]_i_29203_n_0
    SLICE_X164Y354                                                    r  u_structure/u_context/rails_s[63]_i_23433/I5
    SLICE_X164Y354       LUT6 (Prop_lut6_I5_O)        0.043     6.055 r  u_structure/u_context/rails_s[63]_i_23433/O
                         net (fo=47, routed)          4.375    10.430    u_structure/u_context/u_recon/u_weight_reduce/physical_on34_out[50]
    SLICE_X167Y104                                                    r  u_structure/u_context/rails_s[31]_i_6052/I0
    SLICE_X167Y104       LUT3 (Prop_lut3_I0_O)        0.054    10.484 r  u_structure/u_context/rails_s[31]_i_6052/O
                         net (fo=2, routed)           0.460    10.944    u_recon/u_weight_reduce/on_tree[3092]_933[4]
    SLICE_X166Y106                                                    r  u_recon/u_weight_reduce/rails_s[31]_i_3039/I1
    SLICE_X166Y106       LUT3 (Prop_lut3_I1_O)        0.141    11.085 r  u_recon/u_weight_reduce/rails_s[31]_i_3039/O
                         net (fo=2, routed)           0.470    11.555    u_recon/u_weight_reduce/rails_s[31]_i_3039_n_0
    SLICE_X166Y106                                                    r  u_recon/u_weight_reduce/rails_s[31]_i_3043/I3
    SLICE_X166Y106       LUT4 (Prop_lut4_I3_O)        0.134    11.689 r  u_recon/u_weight_reduce/rails_s[31]_i_3043/O
                         net (fo=1, routed)           0.000    11.689    u_recon/u_weight_reduce/rails_s[31]_i_3043_n_0
    SLICE_X166Y106                                                    r  u_recon/u_weight_reduce/rails_s_reg[31]_i_1817/S[1]
    SLICE_X166Y106       CARRY4 (Prop_carry4_S[1]_CO[3])
                                                      0.256    11.945 r  u_recon/u_weight_reduce/rails_s_reg[31]_i_1817/CO[3]
                         net (fo=1, routed)           0.000    11.945    u_recon/u_weight_reduce/rails_s_reg[31]_i_1817_n_0
    SLICE_X166Y107                                                    r  u_recon/u_weight_reduce/rails_s_reg[35]_i_1817/CI
    SLICE_X166Y107       CARRY4 (Prop_carry4_CI_O[0])
                                                      0.108    12.053 r  u_recon/u_weight_reduce/rails_s_reg[35]_i_1817/O[0]
                         net (fo=2, routed)           0.490    12.543    u_recon/u_weight_reduce/rails_s_reg[35]_i_1817_n_7
    SLICE_X161Y107                                                    r  u_recon/u_weight_reduce/rails_s[31]_i_1163/I2
    SLICE_X161Y107       LUT3 (Prop_lut3_I2_O)        0.132    12.675 r  u_recon/u_weight_reduce/rails_s[31]_i_1163/O
                         net (fo=2, routed)           0.608    13.283    u_recon/u_weight_reduce/rails_s[31]_i_1163_n_0
    SLICE_X161Y107                                                    r  u_recon/u_weight_reduce/rails_s[31]_i_1167/I3
    SLICE_X161Y107       LUT4 (Prop_lut4_I3_O)        0.136    13.419 r  u_recon/u_weight_reduce/rails_s[31]_i_1167/O
                         net (fo=1, routed)           0.000    13.419    u_recon/u_weight_reduce/rails_s[31]_i_1167_n_0
    SLICE_X161Y107                                                    r  u_recon/u_weight_reduce/rails_s_reg[31]_i_735/S[1]
    SLICE_X161Y107       CARRY4 (Prop_carry4_S[1]_O[3])
                                                      0.312    13.731 r  u_recon/u_weight_reduce/rails_s_reg[31]_i_735/O[3]
                         net (fo=2, routed)           1.806    15.537    u_recon/u_weight_reduce/rails_s_reg[31]_i_735_n_4
    SLICE_X114Y137                                                    r  u_recon/u_weight_reduce/rails_s[31]_i_472/I0
    SLICE_X114Y137       LUT3 (Prop_lut3_I0_O)        0.123    15.660 r  u_recon/u_weight_reduce/rails_s[31]_i_472/O
                         net (fo=2, routed)           0.333    15.993    u_recon/u_weight_reduce/rails_s[31]_i_472_n_0
    SLICE_X114Y138                                                    r  u_recon/u_weight_reduce/rails_s[31]_i_476/I3
    SLICE_X114Y138       LUT4 (Prop_lut4_I3_O)        0.134    16.127 r  u_recon/u_weight_reduce/rails_s[31]_i_476/O
                         net (fo=1, routed)           0.000    16.127    u_recon/u_weight_reduce/rails_s[31]_i_476_n_0
    SLICE_X114Y138                                                    r  u_recon/u_weight_reduce/rails_s_reg[31]_i_305/S[0]
    SLICE_X114Y138       CARRY4 (Prop_carry4_S[0]_CO[3])
                                                      0.246    16.373 r  u_recon/u_weight_reduce/rails_s_reg[31]_i_305/CO[3]
                         net (fo=1, routed)           0.000    16.373    u_recon/u_weight_reduce/rails_s_reg[31]_i_305_n_0
    SLICE_X114Y139                                                    r  u_recon/u_weight_reduce/rails_s_reg[35]_i_305/CI
    SLICE_X114Y139       CARRY4 (Prop_carry4_CI_O[3])
                                                      0.151    16.524 r  u_recon/u_weight_reduce/rails_s_reg[35]_i_305/O[3]
                         net (fo=2, routed)           0.892    17.416    u_recon/u_weight_reduce/rails_s_reg[35]_i_305_n_4
    SLICE_X109Y153                                                    r  u_recon/u_weight_reduce/rails_s[35]_i_166/I2
    SLICE_X109Y153       LUT3 (Prop_lut3_I2_O)        0.130    17.546 r  u_recon/u_weight_reduce/rails_s[35]_i_166/O
                         net (fo=2, routed)           0.434    17.980    u_recon/u_weight_reduce/rails_s[35]_i_166_n_0
    SLICE_X109Y154                                                    r  u_recon/u_weight_reduce/rails_s[35]_i_170/I3
    SLICE_X109Y154       LUT4 (Prop_lut4_I3_O)        0.135    18.115 r  u_recon/u_weight_reduce/rails_s[35]_i_170/O
                         net (fo=1, routed)           0.000    18.115    u_recon/u_weight_reduce/rails_s[35]_i_170_n_0
    SLICE_X109Y154                                                    r  u_recon/u_weight_reduce/rails_s_reg[35]_i_107/S[0]
    SLICE_X109Y154       CARRY4 (Prop_carry4_S[0]_CO[3])
                                                      0.259    18.374 r  u_recon/u_weight_reduce/rails_s_reg[35]_i_107/CO[3]
                         net (fo=1, routed)           0.000    18.374    u_recon/u_weight_reduce/rails_s_reg[35]_i_107_n_0
    SLICE_X109Y155                                                    r  u_recon/u_weight_reduce/rails_s_reg[39]_i_107/CI
    SLICE_X109Y155       CARRY4 (Prop_carry4_CI_CO[3])
                                                      0.053    18.427 r  u_recon/u_weight_reduce/rails_s_reg[39]_i_107/CO[3]
                         net (fo=1, routed)           0.000    18.427    u_recon/u_weight_reduce/rails_s_reg[39]_i_107_n_0
    SLICE_X109Y156                                                    r  u_recon/u_weight_reduce/rails_s_reg[43]_i_107/CI
    SLICE_X109Y156       CARRY4 (Prop_carry4_CI_O[3])
                                                      0.149    18.576 r  u_recon/u_weight_reduce/rails_s_reg[43]_i_107/O[3]
                         net (fo=2, routed)           1.506    20.082    u_recon/u_weight_reduce/rails_s_reg[43]_i_107_n_4
    SLICE_X82Y186                                                     r  u_recon/u_weight_reduce/rails_s[43]_i_58/I1
    SLICE_X82Y186        LUT3 (Prop_lut3_I1_O)        0.130    20.212 r  u_recon/u_weight_reduce/rails_s[43]_i_58/O
                         net (fo=2, routed)           0.410    20.622    u_recon/u_weight_reduce/rails_s[43]_i_58_n_0
    SLICE_X82Y187                                                     r  u_recon/u_weight_reduce/rails_s_reg[43]_i_32/DI[0]
    SLICE_X82Y187        CARRY4 (Prop_carry4_DI[0]_CO[3])
                                                      0.361    20.983 r  u_recon/u_weight_reduce/rails_s_reg[43]_i_32/CO[3]
                         net (fo=1, routed)           0.000    20.983    u_recon/u_weight_reduce/rails_s_reg[43]_i_32_n_0
    SLICE_X82Y188                                                     r  u_recon/u_weight_reduce/rails_s_reg[47]_i_32/CI
    SLICE_X82Y188        CARRY4 (Prop_carry4_CI_O[1])
                                                      0.166    21.149 r  u_recon/u_weight_reduce/rails_s_reg[47]_i_32/O[1]
                         net (fo=3, routed)           1.666    22.815    u_recon/u_weight_reduce/rails_s_reg[47]_i_32_n_6
    SLICE_X74Y234                                                     r  u_recon/u_weight_reduce/rails_s[43]_i_29/I2
    SLICE_X74Y234        LUT3 (Prop_lut3_I2_O)        0.123    22.938 r  u_recon/u_weight_reduce/rails_s[43]_i_29/O
                         net (fo=2, routed)           0.108    23.045    u_recon/u_weight_reduce/rails_s[43]_i_29_n_0
    SLICE_X74Y234                                                     r  u_recon/u_weight_reduce/rails_s[43]_i_13/I1
    SLICE_X74Y234        LUT5 (Prop_lut5_I1_O)        0.043    23.088 r  u_recon/u_weight_reduce/rails_s[43]_i_13/O
                         net (fo=2, routed)           0.466    23.555    u_recon/u_weight_reduce/rails_s[43]_i_13_n_0
    SLICE_X76Y234                                                     r  u_recon/u_weight_reduce/rails_s[43]_i_17/I0
    SLICE_X76Y234        LUT6 (Prop_lut6_I0_O)        0.043    23.598 r  u_recon/u_weight_reduce/rails_s[43]_i_17/O
                         net (fo=1, routed)           0.000    23.598    u_recon/u_weight_reduce/rails_s[43]_i_17_n_0
    SLICE_X76Y234                                                     r  u_recon/u_weight_reduce/rails_s_reg[43]_i_10/S[2]
    SLICE_X76Y234        CARRY4 (Prop_carry4_S[2]_CO[3])
                                                      0.195    23.793 r  u_recon/u_weight_reduce/rails_s_reg[43]_i_10/CO[3]
                         net (fo=1, routed)           0.000    23.793    u_recon/u_weight_reduce/rails_s_reg[43]_i_10_n_0
    SLICE_X76Y235                                                     r  u_recon/u_weight_reduce/rails_s_reg[47]_i_10/CI
    SLICE_X76Y235        CARRY4 (Prop_carry4_CI_O[2])
                                                      0.111    23.904 f  u_recon/u_weight_reduce/rails_s_reg[47]_i_10/O[2]
                         net (fo=2, routed)           0.434    24.338    u_recon/u_weight_reduce/sum_Won[42]
    SLICE_X77Y234                                                     f  u_recon/u_weight_reduce/rails_s[47]_i_5/I1
    SLICE_X77Y234        LUT4 (Prop_lut4_I1_O)        0.132    24.470 r  u_recon/u_weight_reduce/rails_s[47]_i_5/O
                         net (fo=2, routed)           0.423    24.892    u_recon/u_weight_reduce/rails_s[47]_i_5_n_0
    SLICE_X77Y235                                                     r  u_recon/u_weight_reduce/rails_s[47]_i_9/I4
    SLICE_X77Y235        LUT5 (Prop_lut5_I4_O)        0.135    25.027 r  u_recon/u_weight_reduce/rails_s[47]_i_9/O
                         net (fo=1, routed)           0.000    25.027    u_recon/u_weight_reduce/rails_s[47]_i_9_n_0
    SLICE_X77Y235                                                     r  u_recon/u_weight_reduce/rails_s_reg[47]_i_1/S[0]
    SLICE_X77Y235        CARRY4 (Prop_carry4_S[0]_CO[3])
                                                      0.259    25.286 r  u_recon/u_weight_reduce/rails_s_reg[47]_i_1/CO[3]
                         net (fo=1, routed)           0.000    25.286    u_recon/u_weight_reduce/rails_s_reg[47]_i_1_n_0
    SLICE_X77Y236                                                     r  u_recon/u_weight_reduce/rails_s_reg[51]_i_1/CI
    SLICE_X77Y236        CARRY4 (Prop_carry4_CI_CO[3])
                                                      0.053    25.339 r  u_recon/u_weight_reduce/rails_s_reg[51]_i_1/CO[3]
                         net (fo=1, routed)           0.000    25.339    u_recon/u_weight_reduce/rails_s_reg[51]_i_1_n_0
    SLICE_X77Y237                                                     r  u_recon/u_weight_reduce/rails_s_reg[55]_i_1/CI
    SLICE_X77Y237        CARRY4 (Prop_carry4_CI_CO[3])
                                                      0.053    25.392 r  u_recon/u_weight_reduce/rails_s_reg[55]_i_1/CO[3]
                         net (fo=1, routed)           0.000    25.392    u_recon/u_weight_reduce/rails_s_reg[55]_i_1_n_0
    SLICE_X77Y238                                                     r  u_recon/u_weight_reduce/rails_s_reg[59]_i_1/CI
    SLICE_X77Y238        CARRY4 (Prop_carry4_CI_O[2])
                                                      0.111    25.503 r  u_recon/u_weight_reduce/rails_s_reg[59]_i_1/O[2]
                         net (fo=1, routed)           0.000    25.503    u_recon/rails__1[58]
    SLICE_X77Y238        FDRE                                         r  u_recon/rails_s_reg[58]/D
  -------------------------------------------------------------------    -------------------

                         (clock core_clk rise edge)
                                                     25.000    25.000 r  
                                                      0.000    25.000 r  clk (IN)
                         net (fo=0)                   0.510    25.510    __ooc_clk_input
    BUFGCTRL_X0Y0                                                     r  __ooc_internal_bufg/I
    BUFGCTRL_X0Y0        BUFG (Prop_bufg_I_O)         0.083    25.593 r  __ooc_internal_bufg/O
                         net (fo=66508, routed)       1.123    26.716    u_recon/clk
    SLICE_X77Y238        FDRE                                         r  u_recon/rails_s_reg[58]/C
                         clock pessimism              0.037    26.753    
                         clock uncertainty           -0.085    26.668    
    SLICE_X77Y238        FDRE (Setup_fdre_C_D)        0.049    26.717    u_recon/rails_s_reg[58]
  -------------------------------------------------------------------
                         required time                         26.717    
                         arrival time                         -25.503    
  -------------------------------------------------------------------
                         slack                                  1.213    

Slack (MET) :             1.228ns  (required time - arrival time)
  Source:                 u_structure/u_context/fine_slices_reg[1][3]/C
                            (rising edge-triggered cell FDRE clocked by core_clk  {rise@0.000ns fall@12.500ns period=25.000ns})
  Destination:            u_recon/rails_s_reg[55]/D
                            (rising edge-triggered cell FDRE clocked by core_clk  {rise@0.000ns fall@12.500ns period=25.000ns})
  Path Group:             core_clk
  Path Type:              Setup (Max at Slow Process Corner)
  Requirement:            25.000ns  (core_clk rise@25.000ns - core_clk rise@0.000ns)
  Data Path Delay:        23.630ns  (logic 4.948ns (20.939%)  route 18.682ns (79.061%))
  Logic Levels:           34  (CARRY4=15 LUT3=7 LUT4=6 LUT5=4 LUT6=2)
  Clock Path Skew:        -0.105ns (DCD - SCD + CPR)
    Destination Clock Delay (DCD):    1.716ns = ( 26.716 - 25.000 ) 
    Source Clock Delay      (SCD):    1.858ns
    Clock Pessimism Removal (CPR):    0.037ns
  Clock Uncertainty:      0.085ns  ((TSJ^2 + TIJ^2)^1/2 + DJ) / 2 + PE + UU
    Total System Jitter     (TSJ):    0.071ns
    Total Input Jitter      (TIJ):    0.000ns
    Discrete Jitter          (DJ):    0.000ns
    Phase Error              (PE):    0.000ns
    User Uncertainty         (UU):    0.050ns

    Location             Delay type                Incr(ns)  Path(ns)    Netlist Resource(s)
  -------------------------------------------------------------------    -------------------
                         (clock core_clk rise edge)
                                                      0.000     0.000 r  
                                                      0.000     0.000 r  clk (IN)
                         net (fo=0)                   0.537     0.537    __ooc_clk_input
    BUFGCTRL_X0Y0                                                     r  __ooc_internal_bufg/I
    BUFGCTRL_X0Y0        BUFG (Prop_bufg_I_O)         0.093     0.630 r  __ooc_internal_bufg/O
                         net (fo=66508, routed)       1.228     1.858    u_structure/u_context/clk
    SLICE_X101Y287       FDRE                                         r  u_structure/u_context/fine_slices_reg[1][3]/C
  -------------------------------------------------------------------    -------------------
    SLICE_X101Y287       FDRE (Prop_fdre_C_Q)         0.223     2.081 r  u_structure/u_context/fine_slices_reg[1][3]/Q
                         net (fo=81, routed)          0.628     2.709    u_structure/u_context/structural_ids[1][3]
    SLICE_X106Y286                                                    r  u_structure/u_context/op3_w_i_363/I2
    SLICE_X106Y286       LUT5 (Prop_lut5_I2_O)        0.043     2.752 r  u_structure/u_context/op3_w_i_363/O
                         net (fo=72, routed)          2.434     5.186    u_structure/u_context/op3_w_i_363_n_0
    SLICE_X161Y354                                                    r  u_structure/u_context/rails_s[63]_i_36495/I3
    SLICE_X161Y354       LUT4 (Prop_lut4_I3_O)        0.043     5.229 r  u_structure/u_context/rails_s[63]_i_36495/O
                         net (fo=1, routed)           0.355     5.584    u_structure/u_context/rails_s[63]_i_36495_n_0
    SLICE_X161Y354                                                    r  u_structure/u_context/rails_s[63]_i_29203/I4
    SLICE_X161Y354       LUT5 (Prop_lut5_I4_O)        0.043     5.627 r  u_structure/u_context/rails_s[63]_i_29203/O
                         net (fo=1, routed)           0.385     6.012    u_structure/u_context/rails_s[63]_i_29203_n_0
    SLICE_X164Y354                                                    r  u_structure/u_context/rails_s[63]_i_23433/I5
    SLICE_X164Y354       LUT6 (Prop_lut6_I5_O)        0.043     6.055 r  u_structure/u_context/rails_s[63]_i_23433/O
                         net (fo=47, routed)          4.375    10.430    u_structure/u_context/u_recon/u_weight_reduce/physical_on34_out[50]
    SLICE_X167Y104                                                    r  u_structure/u_context/rails_s[31]_i_6052/I0
    SLICE_X167Y104       LUT3 (Prop_lut3_I0_O)        0.054    10.484 r  u_structure/u_context/rails_s[31]_i_6052/O
                         net (fo=2, routed)           0.460    10.944    u_recon/u_weight_reduce/on_tree[3092]_933[4]
    SLICE_X166Y106                                                    r  u_recon/u_weight_reduce/rails_s[31]_i_3039/I1
    SLICE_X166Y106       LUT3 (Prop_lut3_I1_O)        0.141    11.085 r  u_recon/u_weight_reduce/rails_s[31]_i_3039/O
                         net (fo=2, routed)           0.470    11.555    u_recon/u_weight_reduce/rails_s[31]_i_3039_n_0
    SLICE_X166Y106                                                    r  u_recon/u_weight_reduce/rails_s[31]_i_3043/I3
    SLICE_X166Y106       LUT4 (Prop_lut4_I3_O)        0.134    11.689 r  u_recon/u_weight_reduce/rails_s[31]_i_3043/O
                         net (fo=1, routed)           0.000    11.689    u_recon/u_weight_reduce/rails_s[31]_i_3043_n_0
    SLICE_X166Y106                                                    r  u_recon/u_weight_reduce/rails_s_reg[31]_i_1817/S[1]
    SLICE_X166Y106       CARRY4 (Prop_carry4_S[1]_CO[3])
                                                      0.256    11.945 r  u_recon/u_weight_reduce/rails_s_reg[31]_i_1817/CO[3]
                         net (fo=1, routed)           0.000    11.945    u_recon/u_weight_reduce/rails_s_reg[31]_i_1817_n_0
    SLICE_X166Y107                                                    r  u_recon/u_weight_reduce/rails_s_reg[35]_i_1817/CI
    SLICE_X166Y107       CARRY4 (Prop_carry4_CI_O[0])
                                                      0.108    12.053 r  u_recon/u_weight_reduce/rails_s_reg[35]_i_1817/O[0]
                         net (fo=2, routed)           0.490    12.543    u_recon/u_weight_reduce/rails_s_reg[35]_i_1817_n_7
    SLICE_X161Y107                                                    r  u_recon/u_weight_reduce/rails_s[31]_i_1163/I2
    SLICE_X161Y107       LUT3 (Prop_lut3_I2_O)        0.132    12.675 r  u_recon/u_weight_reduce/rails_s[31]_i_1163/O
                         net (fo=2, routed)           0.608    13.283    u_recon/u_weight_reduce/rails_s[31]_i_1163_n_0
    SLICE_X161Y107                                                    r  u_recon/u_weight_reduce/rails_s[31]_i_1167/I3
    SLICE_X161Y107       LUT4 (Prop_lut4_I3_O)        0.136    13.419 r  u_recon/u_weight_reduce/rails_s[31]_i_1167/O
                         net (fo=1, routed)           0.000    13.419    u_recon/u_weight_reduce/rails_s[31]_i_1167_n_0
    SLICE_X161Y107                                                    r  u_recon/u_weight_reduce/rails_s_reg[31]_i_735/S[1]
    SLICE_X161Y107       CARRY4 (Prop_carry4_S[1]_O[3])
                                                      0.312    13.731 r  u_recon/u_weight_reduce/rails_s_reg[31]_i_735/O[3]
                         net (fo=2, routed)           1.806    15.537    u_recon/u_weight_reduce/rails_s_reg[31]_i_735_n_4
    SLICE_X114Y137                                                    r  u_recon/u_weight_reduce/rails_s[31]_i_472/I0
    SLICE_X114Y137       LUT3 (Prop_lut3_I0_O)        0.123    15.660 r  u_recon/u_weight_reduce/rails_s[31]_i_472/O
                         net (fo=2, routed)           0.333    15.993    u_recon/u_weight_reduce/rails_s[31]_i_472_n_0
    SLICE_X114Y138                                                    r  u_recon/u_weight_reduce/rails_s[31]_i_476/I3
    SLICE_X114Y138       LUT4 (Prop_lut4_I3_O)        0.134    16.127 r  u_recon/u_weight_reduce/rails_s[31]_i_476/O
                         net (fo=1, routed)           0.000    16.127    u_recon/u_weight_reduce/rails_s[31]_i_476_n_0
    SLICE_X114Y138                                                    r  u_recon/u_weight_reduce/rails_s_reg[31]_i_305/S[0]
    SLICE_X114Y138       CARRY4 (Prop_carry4_S[0]_CO[3])
                                                      0.246    16.373 r  u_recon/u_weight_reduce/rails_s_reg[31]_i_305/CO[3]
                         net (fo=1, routed)           0.000    16.373    u_recon/u_weight_reduce/rails_s_reg[31]_i_305_n_0
    SLICE_X114Y139                                                    r  u_recon/u_weight_reduce/rails_s_reg[35]_i_305/CI
    SLICE_X114Y139       CARRY4 (Prop_carry4_CI_O[3])
                                                      0.151    16.524 r  u_recon/u_weight_reduce/rails_s_reg[35]_i_305/O[3]
                         net (fo=2, routed)           0.892    17.416    u_recon/u_weight_reduce/rails_s_reg[35]_i_305_n_4
    SLICE_X109Y153                                                    r  u_recon/u_weight_reduce/rails_s[35]_i_166/I2
    SLICE_X109Y153       LUT3 (Prop_lut3_I2_O)        0.130    17.546 r  u_recon/u_weight_reduce/rails_s[35]_i_166/O
                         net (fo=2, routed)           0.434    17.980    u_recon/u_weight_reduce/rails_s[35]_i_166_n_0
    SLICE_X109Y154                                                    r  u_recon/u_weight_reduce/rails_s[35]_i_170/I3
    SLICE_X109Y154       LUT4 (Prop_lut4_I3_O)        0.135    18.115 r  u_recon/u_weight_reduce/rails_s[35]_i_170/O
                         net (fo=1, routed)           0.000    18.115    u_recon/u_weight_reduce/rails_s[35]_i_170_n_0
    SLICE_X109Y154                                                    r  u_recon/u_weight_reduce/rails_s_reg[35]_i_107/S[0]
    SLICE_X109Y154       CARRY4 (Prop_carry4_S[0]_CO[3])
                                                      0.259    18.374 r  u_recon/u_weight_reduce/rails_s_reg[35]_i_107/CO[3]
                         net (fo=1, routed)           0.000    18.374    u_recon/u_weight_reduce/rails_s_reg[35]_i_107_n_0
    SLICE_X109Y155                                                    r  u_recon/u_weight_reduce/rails_s_reg[39]_i_107/CI
    SLICE_X109Y155       CARRY4 (Prop_carry4_CI_CO[3])
                                                      0.053    18.427 r  u_recon/u_weight_reduce/rails_s_reg[39]_i_107/CO[3]
                         net (fo=1, routed)           0.000    18.427    u_recon/u_weight_reduce/rails_s_reg[39]_i_107_n_0
    SLICE_X109Y156                                                    r  u_recon/u_weight_reduce/rails_s_reg[43]_i_107/CI
    SLICE_X109Y156       CARRY4 (Prop_carry4_CI_O[3])
                                                      0.149    18.576 r  u_recon/u_weight_reduce/rails_s_reg[43]_i_107/O[3]
                         net (fo=2, routed)           1.506    20.082    u_recon/u_weight_reduce/rails_s_reg[43]_i_107_n_4
    SLICE_X82Y186                                                     r  u_recon/u_weight_reduce/rails_s[43]_i_58/I1
    SLICE_X82Y186        LUT3 (Prop_lut3_I1_O)        0.130    20.212 r  u_recon/u_weight_reduce/rails_s[43]_i_58/O
                         net (fo=2, routed)           0.410    20.622    u_recon/u_weight_reduce/rails_s[43]_i_58_n_0
    SLICE_X82Y187                                                     r  u_recon/u_weight_reduce/rails_s_reg[43]_i_32/DI[0]
    SLICE_X82Y187        CARRY4 (Prop_carry4_DI[0]_CO[3])
                                                      0.361    20.983 r  u_recon/u_weight_reduce/rails_s_reg[43]_i_32/CO[3]
                         net (fo=1, routed)           0.000    20.983    u_recon/u_weight_reduce/rails_s_reg[43]_i_32_n_0
    SLICE_X82Y188                                                     r  u_recon/u_weight_reduce/rails_s_reg[47]_i_32/CI
    SLICE_X82Y188        CARRY4 (Prop_carry4_CI_O[1])
                                                      0.166    21.149 r  u_recon/u_weight_reduce/rails_s_reg[47]_i_32/O[1]
                         net (fo=3, routed)           1.666    22.815    u_recon/u_weight_reduce/rails_s_reg[47]_i_32_n_6
    SLICE_X74Y234                                                     r  u_recon/u_weight_reduce/rails_s[43]_i_29/I2
    SLICE_X74Y234        LUT3 (Prop_lut3_I2_O)        0.123    22.938 r  u_recon/u_weight_reduce/rails_s[43]_i_29/O
                         net (fo=2, routed)           0.108    23.045    u_recon/u_weight_reduce/rails_s[43]_i_29_n_0
    SLICE_X74Y234                                                     r  u_recon/u_weight_reduce/rails_s[43]_i_13/I1
    SLICE_X74Y234        LUT5 (Prop_lut5_I1_O)        0.043    23.088 r  u_recon/u_weight_reduce/rails_s[43]_i_13/O
                         net (fo=2, routed)           0.466    23.555    u_recon/u_weight_reduce/rails_s[43]_i_13_n_0
    SLICE_X76Y234                                                     r  u_recon/u_weight_reduce/rails_s[43]_i_17/I0
    SLICE_X76Y234        LUT6 (Prop_lut6_I0_O)        0.043    23.598 r  u_recon/u_weight_reduce/rails_s[43]_i_17/O
                         net (fo=1, routed)           0.000    23.598    u_recon/u_weight_reduce/rails_s[43]_i_17_n_0
    SLICE_X76Y234                                                     r  u_recon/u_weight_reduce/rails_s_reg[43]_i_10/S[2]
    SLICE_X76Y234        CARRY4 (Prop_carry4_S[2]_CO[3])
                                                      0.195    23.793 r  u_recon/u_weight_reduce/rails_s_reg[43]_i_10/CO[3]
                         net (fo=1, routed)           0.000    23.793    u_recon/u_weight_reduce/rails_s_reg[43]_i_10_n_0
    SLICE_X76Y235                                                     r  u_recon/u_weight_reduce/rails_s_reg[47]_i_10/CI
    SLICE_X76Y235        CARRY4 (Prop_carry4_CI_O[2])
                                                      0.111    23.904 f  u_recon/u_weight_reduce/rails_s_reg[47]_i_10/O[2]
                         net (fo=2, routed)           0.434    24.338    u_recon/u_weight_reduce/sum_Won[42]
    SLICE_X77Y234                                                     f  u_recon/u_weight_reduce/rails_s[47]_i_5/I1
    SLICE_X77Y234        LUT4 (Prop_lut4_I1_O)        0.132    24.470 r  u_recon/u_weight_reduce/rails_s[47]_i_5/O
                         net (fo=2, routed)           0.423    24.892    u_recon/u_weight_reduce/rails_s[47]_i_5_n_0
    SLICE_X77Y235                                                     r  u_recon/u_weight_reduce/rails_s[47]_i_9/I4
    SLICE_X77Y235        LUT5 (Prop_lut5_I4_O)        0.135    25.027 r  u_recon/u_weight_reduce/rails_s[47]_i_9/O
                         net (fo=1, routed)           0.000    25.027    u_recon/u_weight_reduce/rails_s[47]_i_9_n_0
    SLICE_X77Y235                                                     r  u_recon/u_weight_reduce/rails_s_reg[47]_i_1/S[0]
    SLICE_X77Y235        CARRY4 (Prop_carry4_S[0]_CO[3])
                                                      0.259    25.286 r  u_recon/u_weight_reduce/rails_s_reg[47]_i_1/CO[3]
                         net (fo=1, routed)           0.000    25.286    u_recon/u_weight_reduce/rails_s_reg[47]_i_1_n_0
    SLICE_X77Y236                                                     r  u_recon/u_weight_reduce/rails_s_reg[51]_i_1/CI
    SLICE_X77Y236        CARRY4 (Prop_carry4_CI_CO[3])
                                                      0.053    25.339 r  u_recon/u_weight_reduce/rails_s_reg[51]_i_1/CO[3]
                         net (fo=1, routed)           0.000    25.339    u_recon/u_weight_reduce/rails_s_reg[51]_i_1_n_0
    SLICE_X77Y237                                                     r  u_recon/u_weight_reduce/rails_s_reg[55]_i_1/CI
    SLICE_X77Y237        CARRY4 (Prop_carry4_CI_O[3])
                                                      0.149    25.488 r  u_recon/u_weight_reduce/rails_s_reg[55]_i_1/O[3]
                         net (fo=1, routed)           0.000    25.488    u_recon/rails__1[55]
    SLICE_X77Y237        FDRE                                         r  u_recon/rails_s_reg[55]/D
  -------------------------------------------------------------------    -------------------

                         (clock core_clk rise edge)
                                                     25.000    25.000 r  
                                                      0.000    25.000 r  clk (IN)
                         net (fo=0)                   0.510    25.510    __ooc_clk_input
    BUFGCTRL_X0Y0                                                     r  __ooc_internal_bufg/I
    BUFGCTRL_X0Y0        BUFG (Prop_bufg_I_O)         0.083    25.593 r  __ooc_internal_bufg/O
                         net (fo=66508, routed)       1.123    26.716    u_recon/clk
    SLICE_X77Y237        FDRE                                         r  u_recon/rails_s_reg[55]/C
                         clock pessimism              0.037    26.753    
                         clock uncertainty           -0.085    26.668    
    SLICE_X77Y237        FDRE (Setup_fdre_C_D)        0.049    26.717    u_recon/rails_s_reg[55]
  -------------------------------------------------------------------
                         required time                         26.717    
                         arrival time                         -25.488    
  -------------------------------------------------------------------
                         slack                                  1.228    

Slack (MET) :             1.264ns  (required time - arrival time)
  Source:                 u_structure/u_context/fine_slices_reg[1][3]/C
                            (rising edge-triggered cell FDRE clocked by core_clk  {rise@0.000ns fall@12.500ns period=25.000ns})
  Destination:            u_recon/rails_s_reg[49]/D
                            (rising edge-triggered cell FDRE clocked by core_clk  {rise@0.000ns fall@12.500ns period=25.000ns})
  Path Group:             core_clk
  Path Type:              Setup (Max at Slow Process Corner)
  Requirement:            25.000ns  (core_clk rise@25.000ns - core_clk rise@0.000ns)
  Data Path Delay:        23.594ns  (logic 4.912ns (20.819%)  route 18.682ns (79.181%))
  Logic Levels:           33  (CARRY4=14 LUT3=7 LUT4=6 LUT5=4 LUT6=2)
  Clock Path Skew:        -0.105ns (DCD - SCD + CPR)
    Destination Clock Delay (DCD):    1.716ns = ( 26.716 - 25.000 ) 
    Source Clock Delay      (SCD):    1.858ns
    Clock Pessimism Removal (CPR):    0.037ns
  Clock Uncertainty:      0.085ns  ((TSJ^2 + TIJ^2)^1/2 + DJ) / 2 + PE + UU
    Total System Jitter     (TSJ):    0.071ns
    Total Input Jitter      (TIJ):    0.000ns
    Discrete Jitter          (DJ):    0.000ns
    Phase Error              (PE):    0.000ns
    User Uncertainty         (UU):    0.050ns

    Location             Delay type                Incr(ns)  Path(ns)    Netlist Resource(s)
  -------------------------------------------------------------------    -------------------
                         (clock core_clk rise edge)
                                                      0.000     0.000 r  
                                                      0.000     0.000 r  clk (IN)
                         net (fo=0)                   0.537     0.537    __ooc_clk_input
    BUFGCTRL_X0Y0                                                     r  __ooc_internal_bufg/I
    BUFGCTRL_X0Y0        BUFG (Prop_bufg_I_O)         0.093     0.630 r  __ooc_internal_bufg/O
                         net (fo=66508, routed)       1.228     1.858    u_structure/u_context/clk
    SLICE_X101Y287       FDRE                                         r  u_structure/u_context/fine_slices_reg[1][3]/C
  -------------------------------------------------------------------    -------------------
    SLICE_X101Y287       FDRE (Prop_fdre_C_Q)         0.223     2.081 r  u_structure/u_context/fine_slices_reg[1][3]/Q
                         net (fo=81, routed)          0.628     2.709    u_structure/u_context/structural_ids[1][3]
    SLICE_X106Y286                                                    r  u_structure/u_context/op3_w_i_363/I2
    SLICE_X106Y286       LUT5 (Prop_lut5_I2_O)        0.043     2.752 r  u_structure/u_context/op3_w_i_363/O
                         net (fo=72, routed)          2.434     5.186    u_structure/u_context/op3_w_i_363_n_0
    SLICE_X161Y354                                                    r  u_structure/u_context/rails_s[63]_i_36495/I3
    SLICE_X161Y354       LUT4 (Prop_lut4_I3_O)        0.043     5.229 r  u_structure/u_context/rails_s[63]_i_36495/O
                         net (fo=1, routed)           0.355     5.584    u_structure/u_context/rails_s[63]_i_36495_n_0
    SLICE_X161Y354                                                    r  u_structure/u_context/rails_s[63]_i_29203/I4
    SLICE_X161Y354       LUT5 (Prop_lut5_I4_O)        0.043     5.627 r  u_structure/u_context/rails_s[63]_i_29203/O
                         net (fo=1, routed)           0.385     6.012    u_structure/u_context/rails_s[63]_i_29203_n_0
    SLICE_X164Y354                                                    r  u_structure/u_context/rails_s[63]_i_23433/I5
    SLICE_X164Y354       LUT6 (Prop_lut6_I5_O)        0.043     6.055 r  u_structure/u_context/rails_s[63]_i_23433/O
                         net (fo=47, routed)          4.375    10.430    u_structure/u_context/u_recon/u_weight_reduce/physical_on34_out[50]
    SLICE_X167Y104                                                    r  u_structure/u_context/rails_s[31]_i_6052/I0
    SLICE_X167Y104       LUT3 (Prop_lut3_I0_O)        0.054    10.484 r  u_structure/u_context/rails_s[31]_i_6052/O
                         net (fo=2, routed)           0.460    10.944    u_recon/u_weight_reduce/on_tree[3092]_933[4]
    SLICE_X166Y106                                                    r  u_recon/u_weight_reduce/rails_s[31]_i_3039/I1
    SLICE_X166Y106       LUT3 (Prop_lut3_I1_O)        0.141    11.085 r  u_recon/u_weight_reduce/rails_s[31]_i_3039/O
                         net (fo=2, routed)           0.470    11.555    u_recon/u_weight_reduce/rails_s[31]_i_3039_n_0
    SLICE_X166Y106                                                    r  u_recon/u_weight_reduce/rails_s[31]_i_3043/I3
    SLICE_X166Y106       LUT4 (Prop_lut4_I3_O)        0.134    11.689 r  u_recon/u_weight_reduce/rails_s[31]_i_3043/O
                         net (fo=1, routed)           0.000    11.689    u_recon/u_weight_reduce/rails_s[31]_i_3043_n_0
    SLICE_X166Y106                                                    r  u_recon/u_weight_reduce/rails_s_reg[31]_i_1817/S[1]
    SLICE_X166Y106       CARRY4 (Prop_carry4_S[1]_CO[3])
                                                      0.256    11.945 r  u_recon/u_weight_reduce/rails_s_reg[31]_i_1817/CO[3]
                         net (fo=1, routed)           0.000    11.945    u_recon/u_weight_reduce/rails_s_reg[31]_i_1817_n_0
    SLICE_X166Y107                                                    r  u_recon/u_weight_reduce/rails_s_reg[35]_i_1817/CI
    SLICE_X166Y107       CARRY4 (Prop_carry4_CI_O[0])
                                                      0.108    12.053 r  u_recon/u_weight_reduce/rails_s_reg[35]_i_1817/O[0]
                         net (fo=2, routed)           0.490    12.543    u_recon/u_weight_reduce/rails_s_reg[35]_i_1817_n_7
    SLICE_X161Y107                                                    r  u_recon/u_weight_reduce/rails_s[31]_i_1163/I2
    SLICE_X161Y107       LUT3 (Prop_lut3_I2_O)        0.132    12.675 r  u_recon/u_weight_reduce/rails_s[31]_i_1163/O
                         net (fo=2, routed)           0.608    13.283    u_recon/u_weight_reduce/rails_s[31]_i_1163_n_0
    SLICE_X161Y107                                                    r  u_recon/u_weight_reduce/rails_s[31]_i_1167/I3
    SLICE_X161Y107       LUT4 (Prop_lut4_I3_O)        0.136    13.419 r  u_recon/u_weight_reduce/rails_s[31]_i_1167/O
                         net (fo=1, routed)           0.000    13.419    u_recon/u_weight_reduce/rails_s[31]_i_1167_n_0
    SLICE_X161Y107                                                    r  u_recon/u_weight_reduce/rails_s_reg[31]_i_735/S[1]
    SLICE_X161Y107       CARRY4 (Prop_carry4_S[1]_O[3])
                                                      0.312    13.731 r  u_recon/u_weight_reduce/rails_s_reg[31]_i_735/O[3]
                         net (fo=2, routed)           1.806    15.537    u_recon/u_weight_reduce/rails_s_reg[31]_i_735_n_4
    SLICE_X114Y137                                                    r  u_recon/u_weight_reduce/rails_s[31]_i_472/I0
    SLICE_X114Y137       LUT3 (Prop_lut3_I0_O)        0.123    15.660 r  u_recon/u_weight_reduce/rails_s[31]_i_472/O
                         net (fo=2, routed)           0.333    15.993    u_recon/u_weight_reduce/rails_s[31]_i_472_n_0
    SLICE_X114Y138                                                    r  u_recon/u_weight_reduce/rails_s[31]_i_476/I3
    SLICE_X114Y138       LUT4 (Prop_lut4_I3_O)        0.134    16.127 r  u_recon/u_weight_reduce/rails_s[31]_i_476/O
                         net (fo=1, routed)           0.000    16.127    u_recon/u_weight_reduce/rails_s[31]_i_476_n_0
    SLICE_X114Y138                                                    r  u_recon/u_weight_reduce/rails_s_reg[31]_i_305/S[0]
    SLICE_X114Y138       CARRY4 (Prop_carry4_S[0]_CO[3])
                                                      0.246    16.373 r  u_recon/u_weight_reduce/rails_s_reg[31]_i_305/CO[3]
                         net (fo=1, routed)           0.000    16.373    u_recon/u_weight_reduce/rails_s_reg[31]_i_305_n_0
    SLICE_X114Y139                                                    r  u_recon/u_weight_reduce/rails_s_reg[35]_i_305/CI
    SLICE_X114Y139       CARRY4 (Prop_carry4_CI_O[3])
                                                      0.151    16.524 r  u_recon/u_weight_reduce/rails_s_reg[35]_i_305/O[3]
                         net (fo=2, routed)           0.892    17.416    u_recon/u_weight_reduce/rails_s_reg[35]_i_305_n_4
    SLICE_X109Y153                                                    r  u_recon/u_weight_reduce/rails_s[35]_i_166/I2
    SLICE_X109Y153       LUT3 (Prop_lut3_I2_O)        0.130    17.546 r  u_recon/u_weight_reduce/rails_s[35]_i_166/O
                         net (fo=2, routed)           0.434    17.980    u_recon/u_weight_reduce/rails_s[35]_i_166_n_0
    SLICE_X109Y154                                                    r  u_recon/u_weight_reduce/rails_s[35]_i_170/I3
    SLICE_X109Y154       LUT4 (Prop_lut4_I3_O)        0.135    18.115 r  u_recon/u_weight_reduce/rails_s[35]_i_170/O
                         net (fo=1, routed)           0.000    18.115    u_recon/u_weight_reduce/rails_s[35]_i_170_n_0
    SLICE_X109Y154                                                    r  u_recon/u_weight_reduce/rails_s_reg[35]_i_107/S[0]
    SLICE_X109Y154       CARRY4 (Prop_carry4_S[0]_CO[3])
                                                      0.259    18.374 r  u_recon/u_weight_reduce/rails_s_reg[35]_i_107/CO[3]
                         net (fo=1, routed)           0.000    18.374    u_recon/u_weight_reduce/rails_s_reg[35]_i_107_n_0
    SLICE_X109Y155                                                    r  u_recon/u_weight_reduce/rails_s_reg[39]_i_107/CI
    SLICE_X109Y155       CARRY4 (Prop_carry4_CI_CO[3])
                                                      0.053    18.427 r  u_recon/u_weight_reduce/rails_s_reg[39]_i_107/CO[3]
                         net (fo=1, routed)           0.000    18.427    u_recon/u_weight_reduce/rails_s_reg[39]_i_107_n_0
    SLICE_X109Y156                                                    r  u_recon/u_weight_reduce/rails_s_reg[43]_i_107/CI
    SLICE_X109Y156       CARRY4 (Prop_carry4_CI_O[3])
                                                      0.149    18.576 r  u_recon/u_weight_reduce/rails_s_reg[43]_i_107/O[3]
                         net (fo=2, routed)           1.506    20.082    u_recon/u_weight_reduce/rails_s_reg[43]_i_107_n_4
    SLICE_X82Y186                                                     r  u_recon/u_weight_reduce/rails_s[43]_i_58/I1
    SLICE_X82Y186        LUT3 (Prop_lut3_I1_O)        0.130    20.212 r  u_recon/u_weight_reduce/rails_s[43]_i_58/O
                         net (fo=2, routed)           0.410    20.622    u_recon/u_weight_reduce/rails_s[43]_i_58_n_0
    SLICE_X82Y187                                                     r  u_recon/u_weight_reduce/rails_s_reg[43]_i_32/DI[0]
    SLICE_X82Y187        CARRY4 (Prop_carry4_DI[0]_CO[3])
                                                      0.361    20.983 r  u_recon/u_weight_reduce/rails_s_reg[43]_i_32/CO[3]
                         net (fo=1, routed)           0.000    20.983    u_recon/u_weight_reduce/rails_s_reg[43]_i_32_n_0
    SLICE_X82Y188                                                     r  u_recon/u_weight_reduce/rails_s_reg[47]_i_32/CI
    SLICE_X82Y188        CARRY4 (Prop_carry4_CI_O[1])
                                                      0.166    21.149 r  u_recon/u_weight_reduce/rails_s_reg[47]_i_32/O[1]
                         net (fo=3, routed)           1.666    22.815    u_recon/u_weight_reduce/rails_s_reg[47]_i_32_n_6
    SLICE_X74Y234                                                     r  u_recon/u_weight_reduce/rails_s[43]_i_29/I2
    SLICE_X74Y234        LUT3 (Prop_lut3_I2_O)        0.123    22.938 r  u_recon/u_weight_reduce/rails_s[43]_i_29/O
                         net (fo=2, routed)           0.108    23.045    u_recon/u_weight_reduce/rails_s[43]_i_29_n_0
    SLICE_X74Y234                                                     r  u_recon/u_weight_reduce/rails_s[43]_i_13/I1
    SLICE_X74Y234        LUT5 (Prop_lut5_I1_O)        0.043    23.088 r  u_recon/u_weight_reduce/rails_s[43]_i_13/O
                         net (fo=2, routed)           0.466    23.555    u_recon/u_weight_reduce/rails_s[43]_i_13_n_0
    SLICE_X76Y234                                                     r  u_recon/u_weight_reduce/rails_s[43]_i_17/I0
    SLICE_X76Y234        LUT6 (Prop_lut6_I0_O)        0.043    23.598 r  u_recon/u_weight_reduce/rails_s[43]_i_17/O
                         net (fo=1, routed)           0.000    23.598    u_recon/u_weight_reduce/rails_s[43]_i_17_n_0
    SLICE_X76Y234                                                     r  u_recon/u_weight_reduce/rails_s_reg[43]_i_10/S[2]
    SLICE_X76Y234        CARRY4 (Prop_carry4_S[2]_CO[3])
                                                      0.195    23.793 r  u_recon/u_weight_reduce/rails_s_reg[43]_i_10/CO[3]
                         net (fo=1, routed)           0.000    23.793    u_recon/u_weight_reduce/rails_s_reg[43]_i_10_n_0
    SLICE_X76Y235                                                     r  u_recon/u_weight_reduce/rails_s_reg[47]_i_10/CI
    SLICE_X76Y235        CARRY4 (Prop_carry4_CI_O[2])
                                                      0.111    23.904 f  u_recon/u_weight_reduce/rails_s_reg[47]_i_10/O[2]
                         net (fo=2, routed)           0.434    24.338    u_recon/u_weight_reduce/sum_Won[42]
    SLICE_X77Y234                                                     f  u_recon/u_weight_reduce/rails_s[47]_i_5/I1
    SLICE_X77Y234        LUT4 (Prop_lut4_I1_O)        0.132    24.470 r  u_recon/u_weight_reduce/rails_s[47]_i_5/O
                         net (fo=2, routed)           0.423    24.892    u_recon/u_weight_reduce/rails_s[47]_i_5_n_0
    SLICE_X77Y235                                                     r  u_recon/u_weight_reduce/rails_s[47]_i_9/I4
    SLICE_X77Y235        LUT5 (Prop_lut5_I4_O)        0.135    25.027 r  u_recon/u_weight_reduce/rails_s[47]_i_9/O
                         net (fo=1, routed)           0.000    25.027    u_recon/u_weight_reduce/rails_s[47]_i_9_n_0
    SLICE_X77Y235                                                     r  u_recon/u_weight_reduce/rails_s_reg[47]_i_1/S[0]
    SLICE_X77Y235        CARRY4 (Prop_carry4_S[0]_CO[3])
                                                      0.259    25.286 r  u_recon/u_weight_reduce/rails_s_reg[47]_i_1/CO[3]
                         net (fo=1, routed)           0.000    25.286    u_recon/u_weight_reduce/rails_s_reg[47]_i_1_n_0
    SLICE_X77Y236                                                     r  u_recon/u_weight_reduce/rails_s_reg[51]_i_1/CI
    SLICE_X77Y236        CARRY4 (Prop_carry4_CI_O[1])
                                                      0.166    25.452 r  u_recon/u_weight_reduce/rails_s_reg[51]_i_1/O[1]
                         net (fo=1, routed)           0.000    25.452    u_recon/rails__1[49]
    SLICE_X77Y236        FDRE                                         r  u_recon/rails_s_reg[49]/D
  -------------------------------------------------------------------    -------------------

                         (clock core_clk rise edge)
                                                     25.000    25.000 r  
                                                      0.000    25.000 r  clk (IN)
                         net (fo=0)                   0.510    25.510    __ooc_clk_input
    BUFGCTRL_X0Y0                                                     r  __ooc_internal_bufg/I
    BUFGCTRL_X0Y0        BUFG (Prop_bufg_I_O)         0.083    25.593 r  __ooc_internal_bufg/O
                         net (fo=66508, routed)       1.123    26.716    u_recon/clk
    SLICE_X77Y236        FDRE                                         r  u_recon/rails_s_reg[49]/C
                         clock pessimism              0.037    26.753    
                         clock uncertainty           -0.085    26.668    
    SLICE_X77Y236        FDRE (Setup_fdre_C_D)        0.049    26.717    u_recon/rails_s_reg[49]
  -------------------------------------------------------------------
                         required time                         26.717    
                         arrival time                         -25.452    
  -------------------------------------------------------------------
                         slack                                  1.264    

Slack (MET) :             1.266ns  (required time - arrival time)
  Source:                 u_structure/u_context/fine_slices_reg[1][3]/C
                            (rising edge-triggered cell FDRE clocked by core_clk  {rise@0.000ns fall@12.500ns period=25.000ns})
  Destination:            u_recon/rails_s_reg[52]/D
                            (rising edge-triggered cell FDRE clocked by core_clk  {rise@0.000ns fall@12.500ns period=25.000ns})
  Path Group:             core_clk
  Path Type:              Setup (Max at Slow Process Corner)
  Requirement:            25.000ns  (core_clk rise@25.000ns - core_clk rise@0.000ns)
  Data Path Delay:        23.592ns  (logic 4.910ns (20.812%)  route 18.682ns (79.188%))
  Logic Levels:           34  (CARRY4=15 LUT3=7 LUT4=6 LUT5=4 LUT6=2)
  Clock Path Skew:        -0.105ns (DCD - SCD + CPR)
    Destination Clock Delay (DCD):    1.716ns = ( 26.716 - 25.000 ) 
    Source Clock Delay      (SCD):    1.858ns
    Clock Pessimism Removal (CPR):    0.037ns
  Clock Uncertainty:      0.085ns  ((TSJ^2 + TIJ^2)^1/2 + DJ) / 2 + PE + UU
    Total System Jitter     (TSJ):    0.071ns
    Total Input Jitter      (TIJ):    0.000ns
    Discrete Jitter          (DJ):    0.000ns
    Phase Error              (PE):    0.000ns
    User Uncertainty         (UU):    0.050ns

    Location             Delay type                Incr(ns)  Path(ns)    Netlist Resource(s)
  -------------------------------------------------------------------    -------------------
                         (clock core_clk rise edge)
                                                      0.000     0.000 r  
                                                      0.000     0.000 r  clk (IN)
                         net (fo=0)                   0.537     0.537    __ooc_clk_input
    BUFGCTRL_X0Y0                                                     r  __ooc_internal_bufg/I
    BUFGCTRL_X0Y0        BUFG (Prop_bufg_I_O)         0.093     0.630 r  __ooc_internal_bufg/O
                         net (fo=66508, routed)       1.228     1.858    u_structure/u_context/clk
    SLICE_X101Y287       FDRE                                         r  u_structure/u_context/fine_slices_reg[1][3]/C
  -------------------------------------------------------------------    -------------------
    SLICE_X101Y287       FDRE (Prop_fdre_C_Q)         0.223     2.081 r  u_structure/u_context/fine_slices_reg[1][3]/Q
                         net (fo=81, routed)          0.628     2.709    u_structure/u_context/structural_ids[1][3]
    SLICE_X106Y286                                                    r  u_structure/u_context/op3_w_i_363/I2
    SLICE_X106Y286       LUT5 (Prop_lut5_I2_O)        0.043     2.752 r  u_structure/u_context/op3_w_i_363/O
                         net (fo=72, routed)          2.434     5.186    u_structure/u_context/op3_w_i_363_n_0
    SLICE_X161Y354                                                    r  u_structure/u_context/rails_s[63]_i_36495/I3
    SLICE_X161Y354       LUT4 (Prop_lut4_I3_O)        0.043     5.229 r  u_structure/u_context/rails_s[63]_i_36495/O
                         net (fo=1, routed)           0.355     5.584    u_structure/u_context/rails_s[63]_i_36495_n_0
    SLICE_X161Y354                                                    r  u_structure/u_context/rails_s[63]_i_29203/I4
    SLICE_X161Y354       LUT5 (Prop_lut5_I4_O)        0.043     5.627 r  u_structure/u_context/rails_s[63]_i_29203/O
                         net (fo=1, routed)           0.385     6.012    u_structure/u_context/rails_s[63]_i_29203_n_0
    SLICE_X164Y354                                                    r  u_structure/u_context/rails_s[63]_i_23433/I5
    SLICE_X164Y354       LUT6 (Prop_lut6_I5_O)        0.043     6.055 r  u_structure/u_context/rails_s[63]_i_23433/O
                         net (fo=47, routed)          4.375    10.430    u_structure/u_context/u_recon/u_weight_reduce/physical_on34_out[50]
    SLICE_X167Y104                                                    r  u_structure/u_context/rails_s[31]_i_6052/I0
    SLICE_X167Y104       LUT3 (Prop_lut3_I0_O)        0.054    10.484 r  u_structure/u_context/rails_s[31]_i_6052/O
                         net (fo=2, routed)           0.460    10.944    u_recon/u_weight_reduce/on_tree[3092]_933[4]
    SLICE_X166Y106                                                    r  u_recon/u_weight_reduce/rails_s[31]_i_3039/I1
    SLICE_X166Y106       LUT3 (Prop_lut3_I1_O)        0.141    11.085 r  u_recon/u_weight_reduce/rails_s[31]_i_3039/O
                         net (fo=2, routed)           0.470    11.555    u_recon/u_weight_reduce/rails_s[31]_i_3039_n_0
    SLICE_X166Y106                                                    r  u_recon/u_weight_reduce/rails_s[31]_i_3043/I3
    SLICE_X166Y106       LUT4 (Prop_lut4_I3_O)        0.134    11.689 r  u_recon/u_weight_reduce/rails_s[31]_i_3043/O
                         net (fo=1, routed)           0.000    11.689    u_recon/u_weight_reduce/rails_s[31]_i_3043_n_0
    SLICE_X166Y106                                                    r  u_recon/u_weight_reduce/rails_s_reg[31]_i_1817/S[1]
    SLICE_X166Y106       CARRY4 (Prop_carry4_S[1]_CO[3])
                                                      0.256    11.945 r  u_recon/u_weight_reduce/rails_s_reg[31]_i_1817/CO[3]
                         net (fo=1, routed)           0.000    11.945    u_recon/u_weight_reduce/rails_s_reg[31]_i_1817_n_0
    SLICE_X166Y107                                                    r  u_recon/u_weight_reduce/rails_s_reg[35]_i_1817/CI
    SLICE_X166Y107       CARRY4 (Prop_carry4_CI_O[0])
                                                      0.108    12.053 r  u_recon/u_weight_reduce/rails_s_reg[35]_i_1817/O[0]
                         net (fo=2, routed)           0.490    12.543    u_recon/u_weight_reduce/rails_s_reg[35]_i_1817_n_7
    SLICE_X161Y107                                                    r  u_recon/u_weight_reduce/rails_s[31]_i_1163/I2
    SLICE_X161Y107       LUT3 (Prop_lut3_I2_O)        0.132    12.675 r  u_recon/u_weight_reduce/rails_s[31]_i_1163/O
                         net (fo=2, routed)           0.608    13.283    u_recon/u_weight_reduce/rails_s[31]_i_1163_n_0
    SLICE_X161Y107                                                    r  u_recon/u_weight_reduce/rails_s[31]_i_1167/I3
    SLICE_X161Y107       LUT4 (Prop_lut4_I3_O)        0.136    13.419 r  u_recon/u_weight_reduce/rails_s[31]_i_1167/O
                         net (fo=1, routed)           0.000    13.419    u_recon/u_weight_reduce/rails_s[31]_i_1167_n_0
    SLICE_X161Y107                                                    r  u_recon/u_weight_reduce/rails_s_reg[31]_i_735/S[1]
    SLICE_X161Y107       CARRY4 (Prop_carry4_S[1]_O[3])
                                                      0.312    13.731 r  u_recon/u_weight_reduce/rails_s_reg[31]_i_735/O[3]
                         net (fo=2, routed)           1.806    15.537    u_recon/u_weight_reduce/rails_s_reg[31]_i_735_n_4
    SLICE_X114Y137                                                    r  u_recon/u_weight_reduce/rails_s[31]_i_472/I0
    SLICE_X114Y137       LUT3 (Prop_lut3_I0_O)        0.123    15.660 r  u_recon/u_weight_reduce/rails_s[31]_i_472/O
                         net (fo=2, routed)           0.333    15.993    u_recon/u_weight_reduce/rails_s[31]_i_472_n_0
    SLICE_X114Y138                                                    r  u_recon/u_weight_reduce/rails_s[31]_i_476/I3
    SLICE_X114Y138       LUT4 (Prop_lut4_I3_O)        0.134    16.127 r  u_recon/u_weight_reduce/rails_s[31]_i_476/O
                         net (fo=1, routed)           0.000    16.127    u_recon/u_weight_reduce/rails_s[31]_i_476_n_0
    SLICE_X114Y138                                                    r  u_recon/u_weight_reduce/rails_s_reg[31]_i_305/S[0]
    SLICE_X114Y138       CARRY4 (Prop_carry4_S[0]_CO[3])
                                                      0.246    16.373 r  u_recon/u_weight_reduce/rails_s_reg[31]_i_305/CO[3]
                         net (fo=1, routed)           0.000    16.373    u_recon/u_weight_reduce/rails_s_reg[31]_i_305_n_0
    SLICE_X114Y139                                                    r  u_recon/u_weight_reduce/rails_s_reg[35]_i_305/CI
    SLICE_X114Y139       CARRY4 (Prop_carry4_CI_O[3])
                                                      0.151    16.524 r  u_recon/u_weight_reduce/rails_s_reg[35]_i_305/O[3]
                         net (fo=2, routed)           0.892    17.416    u_recon/u_weight_reduce/rails_s_reg[35]_i_305_n_4
    SLICE_X109Y153                                                    r  u_recon/u_weight_reduce/rails_s[35]_i_166/I2
    SLICE_X109Y153       LUT3 (Prop_lut3_I2_O)        0.130    17.546 r  u_recon/u_weight_reduce/rails_s[35]_i_166/O
                         net (fo=2, routed)           0.434    17.980    u_recon/u_weight_reduce/rails_s[35]_i_166_n_0
    SLICE_X109Y154                                                    r  u_recon/u_weight_reduce/rails_s[35]_i_170/I3
    SLICE_X109Y154       LUT4 (Prop_lut4_I3_O)        0.135    18.115 r  u_recon/u_weight_reduce/rails_s[35]_i_170/O
                         net (fo=1, routed)           0.000    18.115    u_recon/u_weight_reduce/rails_s[35]_i_170_n_0
    SLICE_X109Y154                                                    r  u_recon/u_weight_reduce/rails_s_reg[35]_i_107/S[0]
    SLICE_X109Y154       CARRY4 (Prop_carry4_S[0]_CO[3])
                                                      0.259    18.374 r  u_recon/u_weight_reduce/rails_s_reg[35]_i_107/CO[3]
                         net (fo=1, routed)           0.000    18.374    u_recon/u_weight_reduce/rails_s_reg[35]_i_107_n_0
    SLICE_X109Y155                                                    r  u_recon/u_weight_reduce/rails_s_reg[39]_i_107/CI
    SLICE_X109Y155       CARRY4 (Prop_carry4_CI_CO[3])
                                                      0.053    18.427 r  u_recon/u_weight_reduce/rails_s_reg[39]_i_107/CO[3]
                         net (fo=1, routed)           0.000    18.427    u_recon/u_weight_reduce/rails_s_reg[39]_i_107_n_0
    SLICE_X109Y156                                                    r  u_recon/u_weight_reduce/rails_s_reg[43]_i_107/CI
    SLICE_X109Y156       CARRY4 (Prop_carry4_CI_O[3])
                                                      0.149    18.576 r  u_recon/u_weight_reduce/rails_s_reg[43]_i_107/O[3]
                         net (fo=2, routed)           1.506    20.082    u_recon/u_weight_reduce/rails_s_reg[43]_i_107_n_4
    SLICE_X82Y186                                                     r  u_recon/u_weight_reduce/rails_s[43]_i_58/I1
    SLICE_X82Y186        LUT3 (Prop_lut3_I1_O)        0.130    20.212 r  u_recon/u_weight_reduce/rails_s[43]_i_58/O
                         net (fo=2, routed)           0.410    20.622    u_recon/u_weight_reduce/rails_s[43]_i_58_n_0
    SLICE_X82Y187                                                     r  u_recon/u_weight_reduce/rails_s_reg[43]_i_32/DI[0]
    SLICE_X82Y187        CARRY4 (Prop_carry4_DI[0]_CO[3])
                                                      0.361    20.983 r  u_recon/u_weight_reduce/rails_s_reg[43]_i_32/CO[3]
                         net (fo=1, routed)           0.000    20.983    u_recon/u_weight_reduce/rails_s_reg[43]_i_32_n_0
    SLICE_X82Y188                                                     r  u_recon/u_weight_reduce/rails_s_reg[47]_i_32/CI
    SLICE_X82Y188        CARRY4 (Prop_carry4_CI_O[1])
                                                      0.166    21.149 r  u_recon/u_weight_reduce/rails_s_reg[47]_i_32/O[1]
                         net (fo=3, routed)           1.666    22.815    u_recon/u_weight_reduce/rails_s_reg[47]_i_32_n_6
    SLICE_X74Y234                                                     r  u_recon/u_weight_reduce/rails_s[43]_i_29/I2
    SLICE_X74Y234        LUT3 (Prop_lut3_I2_O)        0.123    22.938 r  u_recon/u_weight_reduce/rails_s[43]_i_29/O
                         net (fo=2, routed)           0.108    23.045    u_recon/u_weight_reduce/rails_s[43]_i_29_n_0
    SLICE_X74Y234                                                     r  u_recon/u_weight_reduce/rails_s[43]_i_13/I1
    SLICE_X74Y234        LUT5 (Prop_lut5_I1_O)        0.043    23.088 r  u_recon/u_weight_reduce/rails_s[43]_i_13/O
                         net (fo=2, routed)           0.466    23.555    u_recon/u_weight_reduce/rails_s[43]_i_13_n_0
    SLICE_X76Y234                                                     r  u_recon/u_weight_reduce/rails_s[43]_i_17/I0
    SLICE_X76Y234        LUT6 (Prop_lut6_I0_O)        0.043    23.598 r  u_recon/u_weight_reduce/rails_s[43]_i_17/O
                         net (fo=1, routed)           0.000    23.598    u_recon/u_weight_reduce/rails_s[43]_i_17_n_0
    SLICE_X76Y234                                                     r  u_recon/u_weight_reduce/rails_s_reg[43]_i_10/S[2]
    SLICE_X76Y234        CARRY4 (Prop_carry4_S[2]_CO[3])
                                                      0.195    23.793 r  u_recon/u_weight_reduce/rails_s_reg[43]_i_10/CO[3]
                         net (fo=1, routed)           0.000    23.793    u_recon/u_weight_reduce/rails_s_reg[43]_i_10_n_0
    SLICE_X76Y235                                                     r  u_recon/u_weight_reduce/rails_s_reg[47]_i_10/CI
    SLICE_X76Y235        CARRY4 (Prop_carry4_CI_O[2])
                                                      0.111    23.904 f  u_recon/u_weight_reduce/rails_s_reg[47]_i_10/O[2]
                         net (fo=2, routed)           0.434    24.338    u_recon/u_weight_reduce/sum_Won[42]
    SLICE_X77Y234                                                     f  u_recon/u_weight_reduce/rails_s[47]_i_5/I1
    SLICE_X77Y234        LUT4 (Prop_lut4_I1_O)        0.132    24.470 r  u_recon/u_weight_reduce/rails_s[47]_i_5/O
                         net (fo=2, routed)           0.423    24.892    u_recon/u_weight_reduce/rails_s[47]_i_5_n_0
    SLICE_X77Y235                                                     r  u_recon/u_weight_reduce/rails_s[47]_i_9/I4
    SLICE_X77Y235        LUT5 (Prop_lut5_I4_O)        0.135    25.027 r  u_recon/u_weight_reduce/rails_s[47]_i_9/O
                         net (fo=1, routed)           0.000    25.027    u_recon/u_weight_reduce/rails_s[47]_i_9_n_0
    SLICE_X77Y235                                                     r  u_recon/u_weight_reduce/rails_s_reg[47]_i_1/S[0]
    SLICE_X77Y235        CARRY4 (Prop_carry4_S[0]_CO[3])
                                                      0.259    25.286 r  u_recon/u_weight_reduce/rails_s_reg[47]_i_1/CO[3]
                         net (fo=1, routed)           0.000    25.286    u_recon/u_weight_reduce/rails_s_reg[47]_i_1_n_0
    SLICE_X77Y236                                                     r  u_recon/u_weight_reduce/rails_s_reg[51]_i_1/CI
    SLICE_X77Y236        CARRY4 (Prop_carry4_CI_CO[3])
                                                      0.053    25.339 r  u_recon/u_weight_reduce/rails_s_reg[51]_i_1/CO[3]
                         net (fo=1, routed)           0.000    25.339    u_recon/u_weight_reduce/rails_s_reg[51]_i_1_n_0
    SLICE_X77Y237                                                     r  u_recon/u_weight_reduce/rails_s_reg[55]_i_1/CI
    SLICE_X77Y237        CARRY4 (Prop_carry4_CI_O[0])
                                                      0.111    25.450 r  u_recon/u_weight_reduce/rails_s_reg[55]_i_1/O[0]
                         net (fo=1, routed)           0.000    25.450    u_recon/rails__1[52]
    SLICE_X77Y237        FDRE                                         r  u_recon/rails_s_reg[52]/D
  -------------------------------------------------------------------    -------------------

                         (clock core_clk rise edge)
                                                     25.000    25.000 r  
                                                      0.000    25.000 r  clk (IN)
                         net (fo=0)                   0.510    25.510    __ooc_clk_input
    BUFGCTRL_X0Y0                                                     r  __ooc_internal_bufg/I
    BUFGCTRL_X0Y0        BUFG (Prop_bufg_I_O)         0.083    25.593 r  __ooc_internal_bufg/O
                         net (fo=66508, routed)       1.123    26.716    u_recon/clk
    SLICE_X77Y237        FDRE                                         r  u_recon/rails_s_reg[52]/C
                         clock pessimism              0.037    26.753    
                         clock uncertainty           -0.085    26.668    
    SLICE_X77Y237        FDRE (Setup_fdre_C_D)        0.049    26.717    u_recon/rails_s_reg[52]
  -------------------------------------------------------------------
                         required time                         26.717    
                         arrival time                         -25.450    
  -------------------------------------------------------------------
                         slack                                  1.266    

Slack (MET) :             1.266ns  (required time - arrival time)
  Source:                 u_structure/u_context/fine_slices_reg[1][3]/C
                            (rising edge-triggered cell FDRE clocked by core_clk  {rise@0.000ns fall@12.500ns period=25.000ns})
  Destination:            u_recon/rails_s_reg[54]/D
                            (rising edge-triggered cell FDRE clocked by core_clk  {rise@0.000ns fall@12.500ns period=25.000ns})
  Path Group:             core_clk
  Path Type:              Setup (Max at Slow Process Corner)
  Requirement:            25.000ns  (core_clk rise@25.000ns - core_clk rise@0.000ns)
  Data Path Delay:        23.592ns  (logic 4.910ns (20.812%)  route 18.682ns (79.188%))
  Logic Levels:           34  (CARRY4=15 LUT3=7 LUT4=6 LUT5=4 LUT6=2)
  Clock Path Skew:        -0.105ns (DCD - SCD + CPR)
    Destination Clock Delay (DCD):    1.716ns = ( 26.716 - 25.000 ) 
    Source Clock Delay      (SCD):    1.858ns
    Clock Pessimism Removal (CPR):    0.037ns
  Clock Uncertainty:      0.085ns  ((TSJ^2 + TIJ^2)^1/2 + DJ) / 2 + PE + UU
    Total System Jitter     (TSJ):    0.071ns
    Total Input Jitter      (TIJ):    0.000ns
    Discrete Jitter          (DJ):    0.000ns
    Phase Error              (PE):    0.000ns
    User Uncertainty         (UU):    0.050ns

    Location             Delay type                Incr(ns)  Path(ns)    Netlist Resource(s)
  -------------------------------------------------------------------    -------------------
                         (clock core_clk rise edge)
                                                      0.000     0.000 r  
                                                      0.000     0.000 r  clk (IN)
                         net (fo=0)                   0.537     0.537    __ooc_clk_input
    BUFGCTRL_X0Y0                                                     r  __ooc_internal_bufg/I
    BUFGCTRL_X0Y0        BUFG (Prop_bufg_I_O)         0.093     0.630 r  __ooc_internal_bufg/O
                         net (fo=66508, routed)       1.228     1.858    u_structure/u_context/clk
    SLICE_X101Y287       FDRE                                         r  u_structure/u_context/fine_slices_reg[1][3]/C
  -------------------------------------------------------------------    -------------------
    SLICE_X101Y287       FDRE (Prop_fdre_C_Q)         0.223     2.081 r  u_structure/u_context/fine_slices_reg[1][3]/Q
                         net (fo=81, routed)          0.628     2.709    u_structure/u_context/structural_ids[1][3]
    SLICE_X106Y286                                                    r  u_structure/u_context/op3_w_i_363/I2
    SLICE_X106Y286       LUT5 (Prop_lut5_I2_O)        0.043     2.752 r  u_structure/u_context/op3_w_i_363/O
                         net (fo=72, routed)          2.434     5.186    u_structure/u_context/op3_w_i_363_n_0
    SLICE_X161Y354                                                    r  u_structure/u_context/rails_s[63]_i_36495/I3
    SLICE_X161Y354       LUT4 (Prop_lut4_I3_O)        0.043     5.229 r  u_structure/u_context/rails_s[63]_i_36495/O
                         net (fo=1, routed)           0.355     5.584    u_structure/u_context/rails_s[63]_i_36495_n_0
    SLICE_X161Y354                                                    r  u_structure/u_context/rails_s[63]_i_29203/I4
    SLICE_X161Y354       LUT5 (Prop_lut5_I4_O)        0.043     5.627 r  u_structure/u_context/rails_s[63]_i_29203/O
                         net (fo=1, routed)           0.385     6.012    u_structure/u_context/rails_s[63]_i_29203_n_0
    SLICE_X164Y354                                                    r  u_structure/u_context/rails_s[63]_i_23433/I5
    SLICE_X164Y354       LUT6 (Prop_lut6_I5_O)        0.043     6.055 r  u_structure/u_context/rails_s[63]_i_23433/O
                         net (fo=47, routed)          4.375    10.430    u_structure/u_context/u_recon/u_weight_reduce/physical_on34_out[50]
    SLICE_X167Y104                                                    r  u_structure/u_context/rails_s[31]_i_6052/I0
    SLICE_X167Y104       LUT3 (Prop_lut3_I0_O)        0.054    10.484 r  u_structure/u_context/rails_s[31]_i_6052/O
                         net (fo=2, routed)           0.460    10.944    u_recon/u_weight_reduce/on_tree[3092]_933[4]
    SLICE_X166Y106                                                    r  u_recon/u_weight_reduce/rails_s[31]_i_3039/I1
    SLICE_X166Y106       LUT3 (Prop_lut3_I1_O)        0.141    11.085 r  u_recon/u_weight_reduce/rails_s[31]_i_3039/O
                         net (fo=2, routed)           0.470    11.555    u_recon/u_weight_reduce/rails_s[31]_i_3039_n_0
    SLICE_X166Y106                                                    r  u_recon/u_weight_reduce/rails_s[31]_i_3043/I3
    SLICE_X166Y106       LUT4 (Prop_lut4_I3_O)        0.134    11.689 r  u_recon/u_weight_reduce/rails_s[31]_i_3043/O
                         net (fo=1, routed)           0.000    11.689    u_recon/u_weight_reduce/rails_s[31]_i_3043_n_0
    SLICE_X166Y106                                                    r  u_recon/u_weight_reduce/rails_s_reg[31]_i_1817/S[1]
    SLICE_X166Y106       CARRY4 (Prop_carry4_S[1]_CO[3])
                                                      0.256    11.945 r  u_recon/u_weight_reduce/rails_s_reg[31]_i_1817/CO[3]
                         net (fo=1, routed)           0.000    11.945    u_recon/u_weight_reduce/rails_s_reg[31]_i_1817_n_0
    SLICE_X166Y107                                                    r  u_recon/u_weight_reduce/rails_s_reg[35]_i_1817/CI
    SLICE_X166Y107       CARRY4 (Prop_carry4_CI_O[0])
                                                      0.108    12.053 r  u_recon/u_weight_reduce/rails_s_reg[35]_i_1817/O[0]
                         net (fo=2, routed)           0.490    12.543    u_recon/u_weight_reduce/rails_s_reg[35]_i_1817_n_7
    SLICE_X161Y107                                                    r  u_recon/u_weight_reduce/rails_s[31]_i_1163/I2
    SLICE_X161Y107       LUT3 (Prop_lut3_I2_O)        0.132    12.675 r  u_recon/u_weight_reduce/rails_s[31]_i_1163/O
                         net (fo=2, routed)           0.608    13.283    u_recon/u_weight_reduce/rails_s[31]_i_1163_n_0
    SLICE_X161Y107                                                    r  u_recon/u_weight_reduce/rails_s[31]_i_1167/I3
    SLICE_X161Y107       LUT4 (Prop_lut4_I3_O)        0.136    13.419 r  u_recon/u_weight_reduce/rails_s[31]_i_1167/O
                         net (fo=1, routed)           0.000    13.419    u_recon/u_weight_reduce/rails_s[31]_i_1167_n_0
    SLICE_X161Y107                                                    r  u_recon/u_weight_reduce/rails_s_reg[31]_i_735/S[1]
    SLICE_X161Y107       CARRY4 (Prop_carry4_S[1]_O[3])
                                                      0.312    13.731 r  u_recon/u_weight_reduce/rails_s_reg[31]_i_735/O[3]
                         net (fo=2, routed)           1.806    15.537    u_recon/u_weight_reduce/rails_s_reg[31]_i_735_n_4
    SLICE_X114Y137                                                    r  u_recon/u_weight_reduce/rails_s[31]_i_472/I0
    SLICE_X114Y137       LUT3 (Prop_lut3_I0_O)        0.123    15.660 r  u_recon/u_weight_reduce/rails_s[31]_i_472/O
                         net (fo=2, routed)           0.333    15.993    u_recon/u_weight_reduce/rails_s[31]_i_472_n_0
    SLICE_X114Y138                                                    r  u_recon/u_weight_reduce/rails_s[31]_i_476/I3
    SLICE_X114Y138       LUT4 (Prop_lut4_I3_O)        0.134    16.127 r  u_recon/u_weight_reduce/rails_s[31]_i_476/O
                         net (fo=1, routed)           0.000    16.127    u_recon/u_weight_reduce/rails_s[31]_i_476_n_0
    SLICE_X114Y138                                                    r  u_recon/u_weight_reduce/rails_s_reg[31]_i_305/S[0]
    SLICE_X114Y138       CARRY4 (Prop_carry4_S[0]_CO[3])
                                                      0.246    16.373 r  u_recon/u_weight_reduce/rails_s_reg[31]_i_305/CO[3]
                         net (fo=1, routed)           0.000    16.373    u_recon/u_weight_reduce/rails_s_reg[31]_i_305_n_0
    SLICE_X114Y139                                                    r  u_recon/u_weight_reduce/rails_s_reg[35]_i_305/CI
    SLICE_X114Y139       CARRY4 (Prop_carry4_CI_O[3])
                                                      0.151    16.524 r  u_recon/u_weight_reduce/rails_s_reg[35]_i_305/O[3]
                         net (fo=2, routed)           0.892    17.416    u_recon/u_weight_reduce/rails_s_reg[35]_i_305_n_4
    SLICE_X109Y153                                                    r  u_recon/u_weight_reduce/rails_s[35]_i_166/I2
    SLICE_X109Y153       LUT3 (Prop_lut3_I2_O)        0.130    17.546 r  u_recon/u_weight_reduce/rails_s[35]_i_166/O
                         net (fo=2, routed)           0.434    17.980    u_recon/u_weight_reduce/rails_s[35]_i_166_n_0
    SLICE_X109Y154                                                    r  u_recon/u_weight_reduce/rails_s[35]_i_170/I3
    SLICE_X109Y154       LUT4 (Prop_lut4_I3_O)        0.135    18.115 r  u_recon/u_weight_reduce/rails_s[35]_i_170/O
                         net (fo=1, routed)           0.000    18.115    u_recon/u_weight_reduce/rails_s[35]_i_170_n_0
    SLICE_X109Y154                                                    r  u_recon/u_weight_reduce/rails_s_reg[35]_i_107/S[0]
    SLICE_X109Y154       CARRY4 (Prop_carry4_S[0]_CO[3])
                                                      0.259    18.374 r  u_recon/u_weight_reduce/rails_s_reg[35]_i_107/CO[3]
                         net (fo=1, routed)           0.000    18.374    u_recon/u_weight_reduce/rails_s_reg[35]_i_107_n_0
    SLICE_X109Y155                                                    r  u_recon/u_weight_reduce/rails_s_reg[39]_i_107/CI
    SLICE_X109Y155       CARRY4 (Prop_carry4_CI_CO[3])
                                                      0.053    18.427 r  u_recon/u_weight_reduce/rails_s_reg[39]_i_107/CO[3]
                         net (fo=1, routed)           0.000    18.427    u_recon/u_weight_reduce/rails_s_reg[39]_i_107_n_0
    SLICE_X109Y156                                                    r  u_recon/u_weight_reduce/rails_s_reg[43]_i_107/CI
    SLICE_X109Y156       CARRY4 (Prop_carry4_CI_O[3])
                                                      0.149    18.576 r  u_recon/u_weight_reduce/rails_s_reg[43]_i_107/O[3]
                         net (fo=2, routed)           1.506    20.082    u_recon/u_weight_reduce/rails_s_reg[43]_i_107_n_4
    SLICE_X82Y186                                                     r  u_recon/u_weight_reduce/rails_s[43]_i_58/I1
    SLICE_X82Y186        LUT3 (Prop_lut3_I1_O)        0.130    20.212 r  u_recon/u_weight_reduce/rails_s[43]_i_58/O
                         net (fo=2, routed)           0.410    20.622    u_recon/u_weight_reduce/rails_s[43]_i_58_n_0
    SLICE_X82Y187                                                     r  u_recon/u_weight_reduce/rails_s_reg[43]_i_32/DI[0]
    SLICE_X82Y187        CARRY4 (Prop_carry4_DI[0]_CO[3])
                                                      0.361    20.983 r  u_recon/u_weight_reduce/rails_s_reg[43]_i_32/CO[3]
                         net (fo=1, routed)           0.000    20.983    u_recon/u_weight_reduce/rails_s_reg[43]_i_32_n_0
    SLICE_X82Y188                                                     r  u_recon/u_weight_reduce/rails_s_reg[47]_i_32/CI
    SLICE_X82Y188        CARRY4 (Prop_carry4_CI_O[1])
                                                      0.166    21.149 r  u_recon/u_weight_reduce/rails_s_reg[47]_i_32/O[1]
                         net (fo=3, routed)           1.666    22.815    u_recon/u_weight_reduce/rails_s_reg[47]_i_32_n_6
    SLICE_X74Y234                                                     r  u_recon/u_weight_reduce/rails_s[43]_i_29/I2
    SLICE_X74Y234        LUT3 (Prop_lut3_I2_O)        0.123    22.938 r  u_recon/u_weight_reduce/rails_s[43]_i_29/O
                         net (fo=2, routed)           0.108    23.045    u_recon/u_weight_reduce/rails_s[43]_i_29_n_0
    SLICE_X74Y234                                                     r  u_recon/u_weight_reduce/rails_s[43]_i_13/I1
    SLICE_X74Y234        LUT5 (Prop_lut5_I1_O)        0.043    23.088 r  u_recon/u_weight_reduce/rails_s[43]_i_13/O
                         net (fo=2, routed)           0.466    23.555    u_recon/u_weight_reduce/rails_s[43]_i_13_n_0
    SLICE_X76Y234                                                     r  u_recon/u_weight_reduce/rails_s[43]_i_17/I0
    SLICE_X76Y234        LUT6 (Prop_lut6_I0_O)        0.043    23.598 r  u_recon/u_weight_reduce/rails_s[43]_i_17/O
                         net (fo=1, routed)           0.000    23.598    u_recon/u_weight_reduce/rails_s[43]_i_17_n_0
    SLICE_X76Y234                                                     r  u_recon/u_weight_reduce/rails_s_reg[43]_i_10/S[2]
    SLICE_X76Y234        CARRY4 (Prop_carry4_S[2]_CO[3])
                                                      0.195    23.793 r  u_recon/u_weight_reduce/rails_s_reg[43]_i_10/CO[3]
                         net (fo=1, routed)           0.000    23.793    u_recon/u_weight_reduce/rails_s_reg[43]_i_10_n_0
    SLICE_X76Y235                                                     r  u_recon/u_weight_reduce/rails_s_reg[47]_i_10/CI
    SLICE_X76Y235        CARRY4 (Prop_carry4_CI_O[2])
                                                      0.111    23.904 f  u_recon/u_weight_reduce/rails_s_reg[47]_i_10/O[2]
                         net (fo=2, routed)           0.434    24.338    u_recon/u_weight_reduce/sum_Won[42]
    SLICE_X77Y234                                                     f  u_recon/u_weight_reduce/rails_s[47]_i_5/I1
    SLICE_X77Y234        LUT4 (Prop_lut4_I1_O)        0.132    24.470 r  u_recon/u_weight_reduce/rails_s[47]_i_5/O
                         net (fo=2, routed)           0.423    24.892    u_recon/u_weight_reduce/rails_s[47]_i_5_n_0
    SLICE_X77Y235                                                     r  u_recon/u_weight_reduce/rails_s[47]_i_9/I4
    SLICE_X77Y235        LUT5 (Prop_lut5_I4_O)        0.135    25.027 r  u_recon/u_weight_reduce/rails_s[47]_i_9/O
                         net (fo=1, routed)           0.000    25.027    u_recon/u_weight_reduce/rails_s[47]_i_9_n_0
    SLICE_X77Y235                                                     r  u_recon/u_weight_reduce/rails_s_reg[47]_i_1/S[0]
    SLICE_X77Y235        CARRY4 (Prop_carry4_S[0]_CO[3])
                                                      0.259    25.286 r  u_recon/u_weight_reduce/rails_s_reg[47]_i_1/CO[3]
                         net (fo=1, routed)           0.000    25.286    u_recon/u_weight_reduce/rails_s_reg[47]_i_1_n_0
    SLICE_X77Y236                                                     r  u_recon/u_weight_reduce/rails_s_reg[51]_i_1/CI
    SLICE_X77Y236        CARRY4 (Prop_carry4_CI_CO[3])
                                                      0.053    25.339 r  u_recon/u_weight_reduce/rails_s_reg[51]_i_1/CO[3]
                         net (fo=1, routed)           0.000    25.339    u_recon/u_weight_reduce/rails_s_reg[51]_i_1_n_0
    SLICE_X77Y237                                                     r  u_recon/u_weight_reduce/rails_s_reg[55]_i_1/CI
    SLICE_X77Y237        CARRY4 (Prop_carry4_CI_O[2])
                                                      0.111    25.450 r  u_recon/u_weight_reduce/rails_s_reg[55]_i_1/O[2]
                         net (fo=1, routed)           0.000    25.450    u_recon/rails__1[54]
    SLICE_X77Y237        FDRE                                         r  u_recon/rails_s_reg[54]/D
  -------------------------------------------------------------------    -------------------

                         (clock core_clk rise edge)
                                                     25.000    25.000 r  
                                                      0.000    25.000 r  clk (IN)
                         net (fo=0)                   0.510    25.510    __ooc_clk_input
    BUFGCTRL_X0Y0                                                     r  __ooc_internal_bufg/I
    BUFGCTRL_X0Y0        BUFG (Prop_bufg_I_O)         0.083    25.593 r  __ooc_internal_bufg/O
                         net (fo=66508, routed)       1.123    26.716    u_recon/clk
    SLICE_X77Y237        FDRE                                         r  u_recon/rails_s_reg[54]/C
                         clock pessimism              0.037    26.753    
                         clock uncertainty           -0.085    26.668    
    SLICE_X77Y237        FDRE (Setup_fdre_C_D)        0.049    26.717    u_recon/rails_s_reg[54]
  -------------------------------------------------------------------
                         required time                         26.717    
                         arrival time                         -25.450    
  -------------------------------------------------------------------
                         slack                                  1.266    

Slack (MET) :             1.281ns  (required time - arrival time)
  Source:                 u_structure/u_context/fine_slices_reg[1][3]/C
                            (rising edge-triggered cell FDRE clocked by core_clk  {rise@0.000ns fall@12.500ns period=25.000ns})
  Destination:            u_recon/rails_s_reg[51]/D
                            (rising edge-triggered cell FDRE clocked by core_clk  {rise@0.000ns fall@12.500ns period=25.000ns})
  Path Group:             core_clk
  Path Type:              Setup (Max at Slow Process Corner)
  Requirement:            25.000ns  (core_clk rise@25.000ns - core_clk rise@0.000ns)
  Data Path Delay:        23.577ns  (logic 4.895ns (20.762%)  route 18.682ns (79.238%))
  Logic Levels:           33  (CARRY4=14 LUT3=7 LUT4=6 LUT5=4 LUT6=2)
  Clock Path Skew:        -0.105ns (DCD - SCD + CPR)
    Destination Clock Delay (DCD):    1.716ns = ( 26.716 - 25.000 ) 
    Source Clock Delay      (SCD):    1.858ns
    Clock Pessimism Removal (CPR):    0.037ns
  Clock Uncertainty:      0.085ns  ((TSJ^2 + TIJ^2)^1/2 + DJ) / 2 + PE + UU
    Total System Jitter     (TSJ):    0.071ns
    Total Input Jitter      (TIJ):    0.000ns
    Discrete Jitter          (DJ):    0.000ns
    Phase Error              (PE):    0.000ns
    User Uncertainty         (UU):    0.050ns

    Location             Delay type                Incr(ns)  Path(ns)    Netlist Resource(s)
  -------------------------------------------------------------------    -------------------
                         (clock core_clk rise edge)
                                                      0.000     0.000 r  
                                                      0.000     0.000 r  clk (IN)
                         net (fo=0)                   0.537     0.537    __ooc_clk_input
    BUFGCTRL_X0Y0                                                     r  __ooc_internal_bufg/I
    BUFGCTRL_X0Y0        BUFG (Prop_bufg_I_O)         0.093     0.630 r  __ooc_internal_bufg/O
                         net (fo=66508, routed)       1.228     1.858    u_structure/u_context/clk
    SLICE_X101Y287       FDRE                                         r  u_structure/u_context/fine_slices_reg[1][3]/C
  -------------------------------------------------------------------    -------------------
    SLICE_X101Y287       FDRE (Prop_fdre_C_Q)         0.223     2.081 r  u_structure/u_context/fine_slices_reg[1][3]/Q
                         net (fo=81, routed)          0.628     2.709    u_structure/u_context/structural_ids[1][3]
    SLICE_X106Y286                                                    r  u_structure/u_context/op3_w_i_363/I2
    SLICE_X106Y286       LUT5 (Prop_lut5_I2_O)        0.043     2.752 r  u_structure/u_context/op3_w_i_363/O
                         net (fo=72, routed)          2.434     5.186    u_structure/u_context/op3_w_i_363_n_0
    SLICE_X161Y354                                                    r  u_structure/u_context/rails_s[63]_i_36495/I3
    SLICE_X161Y354       LUT4 (Prop_lut4_I3_O)        0.043     5.229 r  u_structure/u_context/rails_s[63]_i_36495/O
                         net (fo=1, routed)           0.355     5.584    u_structure/u_context/rails_s[63]_i_36495_n_0
    SLICE_X161Y354                                                    r  u_structure/u_context/rails_s[63]_i_29203/I4
    SLICE_X161Y354       LUT5 (Prop_lut5_I4_O)        0.043     5.627 r  u_structure/u_context/rails_s[63]_i_29203/O
                         net (fo=1, routed)           0.385     6.012    u_structure/u_context/rails_s[63]_i_29203_n_0
    SLICE_X164Y354                                                    r  u_structure/u_context/rails_s[63]_i_23433/I5
    SLICE_X164Y354       LUT6 (Prop_lut6_I5_O)        0.043     6.055 r  u_structure/u_context/rails_s[63]_i_23433/O
                         net (fo=47, routed)          4.375    10.430    u_structure/u_context/u_recon/u_weight_reduce/physical_on34_out[50]
    SLICE_X167Y104                                                    r  u_structure/u_context/rails_s[31]_i_6052/I0
    SLICE_X167Y104       LUT3 (Prop_lut3_I0_O)        0.054    10.484 r  u_structure/u_context/rails_s[31]_i_6052/O
                         net (fo=2, routed)           0.460    10.944    u_recon/u_weight_reduce/on_tree[3092]_933[4]
    SLICE_X166Y106                                                    r  u_recon/u_weight_reduce/rails_s[31]_i_3039/I1
    SLICE_X166Y106       LUT3 (Prop_lut3_I1_O)        0.141    11.085 r  u_recon/u_weight_reduce/rails_s[31]_i_3039/O
                         net (fo=2, routed)           0.470    11.555    u_recon/u_weight_reduce/rails_s[31]_i_3039_n_0
    SLICE_X166Y106                                                    r  u_recon/u_weight_reduce/rails_s[31]_i_3043/I3
    SLICE_X166Y106       LUT4 (Prop_lut4_I3_O)        0.134    11.689 r  u_recon/u_weight_reduce/rails_s[31]_i_3043/O
                         net (fo=1, routed)           0.000    11.689    u_recon/u_weight_reduce/rails_s[31]_i_3043_n_0
    SLICE_X166Y106                                                    r  u_recon/u_weight_reduce/rails_s_reg[31]_i_1817/S[1]
    SLICE_X166Y106       CARRY4 (Prop_carry4_S[1]_CO[3])
                                                      0.256    11.945 r  u_recon/u_weight_reduce/rails_s_reg[31]_i_1817/CO[3]
                         net (fo=1, routed)           0.000    11.945    u_recon/u_weight_reduce/rails_s_reg[31]_i_1817_n_0
    SLICE_X166Y107                                                    r  u_recon/u_weight_reduce/rails_s_reg[35]_i_1817/CI
    SLICE_X166Y107       CARRY4 (Prop_carry4_CI_O[0])
                                                      0.108    12.053 r  u_recon/u_weight_reduce/rails_s_reg[35]_i_1817/O[0]
                         net (fo=2, routed)           0.490    12.543    u_recon/u_weight_reduce/rails_s_reg[35]_i_1817_n_7
    SLICE_X161Y107                                                    r  u_recon/u_weight_reduce/rails_s[31]_i_1163/I2
    SLICE_X161Y107       LUT3 (Prop_lut3_I2_O)        0.132    12.675 r  u_recon/u_weight_reduce/rails_s[31]_i_1163/O
                         net (fo=2, routed)           0.608    13.283    u_recon/u_weight_reduce/rails_s[31]_i_1163_n_0
    SLICE_X161Y107                                                    r  u_recon/u_weight_reduce/rails_s[31]_i_1167/I3
    SLICE_X161Y107       LUT4 (Prop_lut4_I3_O)        0.136    13.419 r  u_recon/u_weight_reduce/rails_s[31]_i_1167/O
                         net (fo=1, routed)           0.000    13.419    u_recon/u_weight_reduce/rails_s[31]_i_1167_n_0
    SLICE_X161Y107                                                    r  u_recon/u_weight_reduce/rails_s_reg[31]_i_735/S[1]
    SLICE_X161Y107       CARRY4 (Prop_carry4_S[1]_O[3])
                                                      0.312    13.731 r  u_recon/u_weight_reduce/rails_s_reg[31]_i_735/O[3]
                         net (fo=2, routed)           1.806    15.537    u_recon/u_weight_reduce/rails_s_reg[31]_i_735_n_4
    SLICE_X114Y137                                                    r  u_recon/u_weight_reduce/rails_s[31]_i_472/I0
    SLICE_X114Y137       LUT3 (Prop_lut3_I0_O)        0.123    15.660 r  u_recon/u_weight_reduce/rails_s[31]_i_472/O
                         net (fo=2, routed)           0.333    15.993    u_recon/u_weight_reduce/rails_s[31]_i_472_n_0
    SLICE_X114Y138                                                    r  u_recon/u_weight_reduce/rails_s[31]_i_476/I3
    SLICE_X114Y138       LUT4 (Prop_lut4_I3_O)        0.134    16.127 r  u_recon/u_weight_reduce/rails_s[31]_i_476/O
                         net (fo=1, routed)           0.000    16.127    u_recon/u_weight_reduce/rails_s[31]_i_476_n_0
    SLICE_X114Y138                                                    r  u_recon/u_weight_reduce/rails_s_reg[31]_i_305/S[0]
    SLICE_X114Y138       CARRY4 (Prop_carry4_S[0]_CO[3])
                                                      0.246    16.373 r  u_recon/u_weight_reduce/rails_s_reg[31]_i_305/CO[3]
                         net (fo=1, routed)           0.000    16.373    u_recon/u_weight_reduce/rails_s_reg[31]_i_305_n_0
    SLICE_X114Y139                                                    r  u_recon/u_weight_reduce/rails_s_reg[35]_i_305/CI
    SLICE_X114Y139       CARRY4 (Prop_carry4_CI_O[3])
                                                      0.151    16.524 r  u_recon/u_weight_reduce/rails_s_reg[35]_i_305/O[3]
                         net (fo=2, routed)           0.892    17.416    u_recon/u_weight_reduce/rails_s_reg[35]_i_305_n_4
    SLICE_X109Y153                                                    r  u_recon/u_weight_reduce/rails_s[35]_i_166/I2
    SLICE_X109Y153       LUT3 (Prop_lut3_I2_O)        0.130    17.546 r  u_recon/u_weight_reduce/rails_s[35]_i_166/O
                         net (fo=2, routed)           0.434    17.980    u_recon/u_weight_reduce/rails_s[35]_i_166_n_0
    SLICE_X109Y154                                                    r  u_recon/u_weight_reduce/rails_s[35]_i_170/I3
    SLICE_X109Y154       LUT4 (Prop_lut4_I3_O)        0.135    18.115 r  u_recon/u_weight_reduce/rails_s[35]_i_170/O
                         net (fo=1, routed)           0.000    18.115    u_recon/u_weight_reduce/rails_s[35]_i_170_n_0
    SLICE_X109Y154                                                    r  u_recon/u_weight_reduce/rails_s_reg[35]_i_107/S[0]
    SLICE_X109Y154       CARRY4 (Prop_carry4_S[0]_CO[3])
                                                      0.259    18.374 r  u_recon/u_weight_reduce/rails_s_reg[35]_i_107/CO[3]
                         net (fo=1, routed)           0.000    18.374    u_recon/u_weight_reduce/rails_s_reg[35]_i_107_n_0
    SLICE_X109Y155                                                    r  u_recon/u_weight_reduce/rails_s_reg[39]_i_107/CI
    SLICE_X109Y155       CARRY4 (Prop_carry4_CI_CO[3])
                                                      0.053    18.427 r  u_recon/u_weight_reduce/rails_s_reg[39]_i_107/CO[3]
                         net (fo=1, routed)           0.000    18.427    u_recon/u_weight_reduce/rails_s_reg[39]_i_107_n_0
    SLICE_X109Y156                                                    r  u_recon/u_weight_reduce/rails_s_reg[43]_i_107/CI
    SLICE_X109Y156       CARRY4 (Prop_carry4_CI_O[3])
                                                      0.149    18.576 r  u_recon/u_weight_reduce/rails_s_reg[43]_i_107/O[3]
                         net (fo=2, routed)           1.506    20.082    u_recon/u_weight_reduce/rails_s_reg[43]_i_107_n_4
    SLICE_X82Y186                                                     r  u_recon/u_weight_reduce/rails_s[43]_i_58/I1
    SLICE_X82Y186        LUT3 (Prop_lut3_I1_O)        0.130    20.212 r  u_recon/u_weight_reduce/rails_s[43]_i_58/O
                         net (fo=2, routed)           0.410    20.622    u_recon/u_weight_reduce/rails_s[43]_i_58_n_0
    SLICE_X82Y187                                                     r  u_recon/u_weight_reduce/rails_s_reg[43]_i_32/DI[0]
    SLICE_X82Y187        CARRY4 (Prop_carry4_DI[0]_CO[3])
                                                      0.361    20.983 r  u_recon/u_weight_reduce/rails_s_reg[43]_i_32/CO[3]
                         net (fo=1, routed)           0.000    20.983    u_recon/u_weight_reduce/rails_s_reg[43]_i_32_n_0
    SLICE_X82Y188                                                     r  u_recon/u_weight_reduce/rails_s_reg[47]_i_32/CI
    SLICE_X82Y188        CARRY4 (Prop_carry4_CI_O[1])
                                                      0.166    21.149 r  u_recon/u_weight_reduce/rails_s_reg[47]_i_32/O[1]
                         net (fo=3, routed)           1.666    22.815    u_recon/u_weight_reduce/rails_s_reg[47]_i_32_n_6
    SLICE_X74Y234                                                     r  u_recon/u_weight_reduce/rails_s[43]_i_29/I2
    SLICE_X74Y234        LUT3 (Prop_lut3_I2_O)        0.123    22.938 r  u_recon/u_weight_reduce/rails_s[43]_i_29/O
                         net (fo=2, routed)           0.108    23.045    u_recon/u_weight_reduce/rails_s[43]_i_29_n_0
    SLICE_X74Y234                                                     r  u_recon/u_weight_reduce/rails_s[43]_i_13/I1
    SLICE_X74Y234        LUT5 (Prop_lut5_I1_O)        0.043    23.088 r  u_recon/u_weight_reduce/rails_s[43]_i_13/O
                         net (fo=2, routed)           0.466    23.555    u_recon/u_weight_reduce/rails_s[43]_i_13_n_0
    SLICE_X76Y234                                                     r  u_recon/u_weight_reduce/rails_s[43]_i_17/I0
    SLICE_X76Y234        LUT6 (Prop_lut6_I0_O)        0.043    23.598 r  u_recon/u_weight_reduce/rails_s[43]_i_17/O
                         net (fo=1, routed)           0.000    23.598    u_recon/u_weight_reduce/rails_s[43]_i_17_n_0
    SLICE_X76Y234                                                     r  u_recon/u_weight_reduce/rails_s_reg[43]_i_10/S[2]
    SLICE_X76Y234        CARRY4 (Prop_carry4_S[2]_CO[3])
                                                      0.195    23.793 r  u_recon/u_weight_reduce/rails_s_reg[43]_i_10/CO[3]
                         net (fo=1, routed)           0.000    23.793    u_recon/u_weight_reduce/rails_s_reg[43]_i_10_n_0
    SLICE_X76Y235                                                     r  u_recon/u_weight_reduce/rails_s_reg[47]_i_10/CI
    SLICE_X76Y235        CARRY4 (Prop_carry4_CI_O[2])
                                                      0.111    23.904 f  u_recon/u_weight_reduce/rails_s_reg[47]_i_10/O[2]
                         net (fo=2, routed)           0.434    24.338    u_recon/u_weight_reduce/sum_Won[42]
    SLICE_X77Y234                                                     f  u_recon/u_weight_reduce/rails_s[47]_i_5/I1
    SLICE_X77Y234        LUT4 (Prop_lut4_I1_O)        0.132    24.470 r  u_recon/u_weight_reduce/rails_s[47]_i_5/O
                         net (fo=2, routed)           0.423    24.892    u_recon/u_weight_reduce/rails_s[47]_i_5_n_0
    SLICE_X77Y235                                                     r  u_recon/u_weight_reduce/rails_s[47]_i_9/I4
    SLICE_X77Y235        LUT5 (Prop_lut5_I4_O)        0.135    25.027 r  u_recon/u_weight_reduce/rails_s[47]_i_9/O
                         net (fo=1, routed)           0.000    25.027    u_recon/u_weight_reduce/rails_s[47]_i_9_n_0
    SLICE_X77Y235                                                     r  u_recon/u_weight_reduce/rails_s_reg[47]_i_1/S[0]
    SLICE_X77Y235        CARRY4 (Prop_carry4_S[0]_CO[3])
                                                      0.259    25.286 r  u_recon/u_weight_reduce/rails_s_reg[47]_i_1/CO[3]
                         net (fo=1, routed)           0.000    25.286    u_recon/u_weight_reduce/rails_s_reg[47]_i_1_n_0
    SLICE_X77Y236                                                     r  u_recon/u_weight_reduce/rails_s_reg[51]_i_1/CI
    SLICE_X77Y236        CARRY4 (Prop_carry4_CI_O[3])
                                                      0.149    25.435 r  u_recon/u_weight_reduce/rails_s_reg[51]_i_1/O[3]
                         net (fo=1, routed)           0.000    25.435    u_recon/rails__1[51]
    SLICE_X77Y236        FDRE                                         r  u_recon/rails_s_reg[51]/D
  -------------------------------------------------------------------    -------------------

                         (clock core_clk rise edge)
                                                     25.000    25.000 r  
                                                      0.000    25.000 r  clk (IN)
                         net (fo=0)                   0.510    25.510    __ooc_clk_input
    BUFGCTRL_X0Y0                                                     r  __ooc_internal_bufg/I
    BUFGCTRL_X0Y0        BUFG (Prop_bufg_I_O)         0.083    25.593 r  __ooc_internal_bufg/O
                         net (fo=66508, routed)       1.123    26.716    u_recon/clk
    SLICE_X77Y236        FDRE                                         r  u_recon/rails_s_reg[51]/C
                         clock pessimism              0.037    26.753    
                         clock uncertainty           -0.085    26.668    
    SLICE_X77Y236        FDRE (Setup_fdre_C_D)        0.049    26.717    u_recon/rails_s_reg[51]
  -------------------------------------------------------------------
                         required time                         26.717    
                         arrival time                         -25.435    
  -------------------------------------------------------------------
                         slack                                  1.281    

Slack (MET) :             1.319ns  (required time - arrival time)
  Source:                 u_structure/u_context/fine_slices_reg[1][3]/C
                            (rising edge-triggered cell FDRE clocked by core_clk  {rise@0.000ns fall@12.500ns period=25.000ns})
  Destination:            u_recon/rails_s_reg[48]/D
                            (rising edge-triggered cell FDRE clocked by core_clk  {rise@0.000ns fall@12.500ns period=25.000ns})
  Path Group:             core_clk
  Path Type:              Setup (Max at Slow Process Corner)
  Requirement:            25.000ns  (core_clk rise@25.000ns - core_clk rise@0.000ns)
  Data Path Delay:        23.539ns  (logic 4.857ns (20.634%)  route 18.682ns (79.366%))
  Logic Levels:           33  (CARRY4=14 LUT3=7 LUT4=6 LUT5=4 LUT6=2)
  Clock Path Skew:        -0.105ns (DCD - SCD + CPR)
    Destination Clock Delay (DCD):    1.716ns = ( 26.716 - 25.000 ) 
    Source Clock Delay      (SCD):    1.858ns
    Clock Pessimism Removal (CPR):    0.037ns
  Clock Uncertainty:      0.085ns  ((TSJ^2 + TIJ^2)^1/2 + DJ) / 2 + PE + UU
    Total System Jitter     (TSJ):    0.071ns
    Total Input Jitter      (TIJ):    0.000ns
    Discrete Jitter          (DJ):    0.000ns
    Phase Error              (PE):    0.000ns
    User Uncertainty         (UU):    0.050ns

    Location             Delay type                Incr(ns)  Path(ns)    Netlist Resource(s)
  -------------------------------------------------------------------    -------------------
                         (clock core_clk rise edge)
                                                      0.000     0.000 r  
                                                      0.000     0.000 r  clk (IN)
                         net (fo=0)                   0.537     0.537    __ooc_clk_input
    BUFGCTRL_X0Y0                                                     r  __ooc_internal_bufg/I
    BUFGCTRL_X0Y0        BUFG (Prop_bufg_I_O)         0.093     0.630 r  __ooc_internal_bufg/O
                         net (fo=66508, routed)       1.228     1.858    u_structure/u_context/clk
    SLICE_X101Y287       FDRE                                         r  u_structure/u_context/fine_slices_reg[1][3]/C
  -------------------------------------------------------------------    -------------------
    SLICE_X101Y287       FDRE (Prop_fdre_C_Q)         0.223     2.081 r  u_structure/u_context/fine_slices_reg[1][3]/Q
                         net (fo=81, routed)          0.628     2.709    u_structure/u_context/structural_ids[1][3]
    SLICE_X106Y286                                                    r  u_structure/u_context/op3_w_i_363/I2
    SLICE_X106Y286       LUT5 (Prop_lut5_I2_O)        0.043     2.752 r  u_structure/u_context/op3_w_i_363/O
                         net (fo=72, routed)          2.434     5.186    u_structure/u_context/op3_w_i_363_n_0
    SLICE_X161Y354                                                    r  u_structure/u_context/rails_s[63]_i_36495/I3
    SLICE_X161Y354       LUT4 (Prop_lut4_I3_O)        0.043     5.229 r  u_structure/u_context/rails_s[63]_i_36495/O
                         net (fo=1, routed)           0.355     5.584    u_structure/u_context/rails_s[63]_i_36495_n_0
    SLICE_X161Y354                                                    r  u_structure/u_context/rails_s[63]_i_29203/I4
    SLICE_X161Y354       LUT5 (Prop_lut5_I4_O)        0.043     5.627 r  u_structure/u_context/rails_s[63]_i_29203/O
                         net (fo=1, routed)           0.385     6.012    u_structure/u_context/rails_s[63]_i_29203_n_0
    SLICE_X164Y354                                                    r  u_structure/u_context/rails_s[63]_i_23433/I5
    SLICE_X164Y354       LUT6 (Prop_lut6_I5_O)        0.043     6.055 r  u_structure/u_context/rails_s[63]_i_23433/O
                         net (fo=47, routed)          4.375    10.430    u_structure/u_context/u_recon/u_weight_reduce/physical_on34_out[50]
    SLICE_X167Y104                                                    r  u_structure/u_context/rails_s[31]_i_6052/I0
    SLICE_X167Y104       LUT3 (Prop_lut3_I0_O)        0.054    10.484 r  u_structure/u_context/rails_s[31]_i_6052/O
                         net (fo=2, routed)           0.460    10.944    u_recon/u_weight_reduce/on_tree[3092]_933[4]
    SLICE_X166Y106                                                    r  u_recon/u_weight_reduce/rails_s[31]_i_3039/I1
    SLICE_X166Y106       LUT3 (Prop_lut3_I1_O)        0.141    11.085 r  u_recon/u_weight_reduce/rails_s[31]_i_3039/O
                         net (fo=2, routed)           0.470    11.555    u_recon/u_weight_reduce/rails_s[31]_i_3039_n_0
    SLICE_X166Y106                                                    r  u_recon/u_weight_reduce/rails_s[31]_i_3043/I3
    SLICE_X166Y106       LUT4 (Prop_lut4_I3_O)        0.134    11.689 r  u_recon/u_weight_reduce/rails_s[31]_i_3043/O
                         net (fo=1, routed)           0.000    11.689    u_recon/u_weight_reduce/rails_s[31]_i_3043_n_0
    SLICE_X166Y106                                                    r  u_recon/u_weight_reduce/rails_s_reg[31]_i_1817/S[1]
    SLICE_X166Y106       CARRY4 (Prop_carry4_S[1]_CO[3])
                                                      0.256    11.945 r  u_recon/u_weight_reduce/rails_s_reg[31]_i_1817/CO[3]
                         net (fo=1, routed)           0.000    11.945    u_recon/u_weight_reduce/rails_s_reg[31]_i_1817_n_0
    SLICE_X166Y107                                                    r  u_recon/u_weight_reduce/rails_s_reg[35]_i_1817/CI
    SLICE_X166Y107       CARRY4 (Prop_carry4_CI_O[0])
                                                      0.108    12.053 r  u_recon/u_weight_reduce/rails_s_reg[35]_i_1817/O[0]
                         net (fo=2, routed)           0.490    12.543    u_recon/u_weight_reduce/rails_s_reg[35]_i_1817_n_7
    SLICE_X161Y107                                                    r  u_recon/u_weight_reduce/rails_s[31]_i_1163/I2
    SLICE_X161Y107       LUT3 (Prop_lut3_I2_O)        0.132    12.675 r  u_recon/u_weight_reduce/rails_s[31]_i_1163/O
                         net (fo=2, routed)           0.608    13.283    u_recon/u_weight_reduce/rails_s[31]_i_1163_n_0
    SLICE_X161Y107                                                    r  u_recon/u_weight_reduce/rails_s[31]_i_1167/I3
    SLICE_X161Y107       LUT4 (Prop_lut4_I3_O)        0.136    13.419 r  u_recon/u_weight_reduce/rails_s[31]_i_1167/O
                         net (fo=1, routed)           0.000    13.419    u_recon/u_weight_reduce/rails_s[31]_i_1167_n_0
    SLICE_X161Y107                                                    r  u_recon/u_weight_reduce/rails_s_reg[31]_i_735/S[1]
    SLICE_X161Y107       CARRY4 (Prop_carry4_S[1]_O[3])
                                                      0.312    13.731 r  u_recon/u_weight_reduce/rails_s_reg[31]_i_735/O[3]
                         net (fo=2, routed)           1.806    15.537    u_recon/u_weight_reduce/rails_s_reg[31]_i_735_n_4
    SLICE_X114Y137                                                    r  u_recon/u_weight_reduce/rails_s[31]_i_472/I0
    SLICE_X114Y137       LUT3 (Prop_lut3_I0_O)        0.123    15.660 r  u_recon/u_weight_reduce/rails_s[31]_i_472/O
                         net (fo=2, routed)           0.333    15.993    u_recon/u_weight_reduce/rails_s[31]_i_472_n_0
    SLICE_X114Y138                                                    r  u_recon/u_weight_reduce/rails_s[31]_i_476/I3
    SLICE_X114Y138       LUT4 (Prop_lut4_I3_O)        0.134    16.127 r  u_recon/u_weight_reduce/rails_s[31]_i_476/O
                         net (fo=1, routed)           0.000    16.127    u_recon/u_weight_reduce/rails_s[31]_i_476_n_0
    SLICE_X114Y138                                                    r  u_recon/u_weight_reduce/rails_s_reg[31]_i_305/S[0]
    SLICE_X114Y138       CARRY4 (Prop_carry4_S[0]_CO[3])
                                                      0.246    16.373 r  u_recon/u_weight_reduce/rails_s_reg[31]_i_305/CO[3]
                         net (fo=1, routed)           0.000    16.373    u_recon/u_weight_reduce/rails_s_reg[31]_i_305_n_0
    SLICE_X114Y139                                                    r  u_recon/u_weight_reduce/rails_s_reg[35]_i_305/CI
    SLICE_X114Y139       CARRY4 (Prop_carry4_CI_O[3])
                                                      0.151    16.524 r  u_recon/u_weight_reduce/rails_s_reg[35]_i_305/O[3]
                         net (fo=2, routed)           0.892    17.416    u_recon/u_weight_reduce/rails_s_reg[35]_i_305_n_4
    SLICE_X109Y153                                                    r  u_recon/u_weight_reduce/rails_s[35]_i_166/I2
    SLICE_X109Y153       LUT3 (Prop_lut3_I2_O)        0.130    17.546 r  u_recon/u_weight_reduce/rails_s[35]_i_166/O
                         net (fo=2, routed)           0.434    17.980    u_recon/u_weight_reduce/rails_s[35]_i_166_n_0
    SLICE_X109Y154                                                    r  u_recon/u_weight_reduce/rails_s[35]_i_170/I3
    SLICE_X109Y154       LUT4 (Prop_lut4_I3_O)        0.135    18.115 r  u_recon/u_weight_reduce/rails_s[35]_i_170/O
                         net (fo=1, routed)           0.000    18.115    u_recon/u_weight_reduce/rails_s[35]_i_170_n_0
    SLICE_X109Y154                                                    r  u_recon/u_weight_reduce/rails_s_reg[35]_i_107/S[0]
    SLICE_X109Y154       CARRY4 (Prop_carry4_S[0]_CO[3])
                                                      0.259    18.374 r  u_recon/u_weight_reduce/rails_s_reg[35]_i_107/CO[3]
                         net (fo=1, routed)           0.000    18.374    u_recon/u_weight_reduce/rails_s_reg[35]_i_107_n_0
    SLICE_X109Y155                                                    r  u_recon/u_weight_reduce/rails_s_reg[39]_i_107/CI
    SLICE_X109Y155       CARRY4 (Prop_carry4_CI_CO[3])
                                                      0.053    18.427 r  u_recon/u_weight_reduce/rails_s_reg[39]_i_107/CO[3]
                         net (fo=1, routed)           0.000    18.427    u_recon/u_weight_reduce/rails_s_reg[39]_i_107_n_0
    SLICE_X109Y156                                                    r  u_recon/u_weight_reduce/rails_s_reg[43]_i_107/CI
    SLICE_X109Y156       CARRY4 (Prop_carry4_CI_O[3])
                                                      0.149    18.576 r  u_recon/u_weight_reduce/rails_s_reg[43]_i_107/O[3]
                         net (fo=2, routed)           1.506    20.082    u_recon/u_weight_reduce/rails_s_reg[43]_i_107_n_4
    SLICE_X82Y186                                                     r  u_recon/u_weight_reduce/rails_s[43]_i_58/I1
    SLICE_X82Y186        LUT3 (Prop_lut3_I1_O)        0.130    20.212 r  u_recon/u_weight_reduce/rails_s[43]_i_58/O
                         net (fo=2, routed)           0.410    20.622    u_recon/u_weight_reduce/rails_s[43]_i_58_n_0
    SLICE_X82Y187                                                     r  u_recon/u_weight_reduce/rails_s_reg[43]_i_32/DI[0]
    SLICE_X82Y187        CARRY4 (Prop_carry4_DI[0]_CO[3])
                                                      0.361    20.983 r  u_recon/u_weight_reduce/rails_s_reg[43]_i_32/CO[3]
                         net (fo=1, routed)           0.000    20.983    u_recon/u_weight_reduce/rails_s_reg[43]_i_32_n_0
    SLICE_X82Y188                                                     r  u_recon/u_weight_reduce/rails_s_reg[47]_i_32/CI
    SLICE_X82Y188        CARRY4 (Prop_carry4_CI_O[1])
                                                      0.166    21.149 r  u_recon/u_weight_reduce/rails_s_reg[47]_i_32/O[1]
                         net (fo=3, routed)           1.666    22.815    u_recon/u_weight_reduce/rails_s_reg[47]_i_32_n_6
    SLICE_X74Y234                                                     r  u_recon/u_weight_reduce/rails_s[43]_i_29/I2
    SLICE_X74Y234        LUT3 (Prop_lut3_I2_O)        0.123    22.938 r  u_recon/u_weight_reduce/rails_s[43]_i_29/O
                         net (fo=2, routed)           0.108    23.045    u_recon/u_weight_reduce/rails_s[43]_i_29_n_0
    SLICE_X74Y234                                                     r  u_recon/u_weight_reduce/rails_s[43]_i_13/I1
    SLICE_X74Y234        LUT5 (Prop_lut5_I1_O)        0.043    23.088 r  u_recon/u_weight_reduce/rails_s[43]_i_13/O
                         net (fo=2, routed)           0.466    23.555    u_recon/u_weight_reduce/rails_s[43]_i_13_n_0
    SLICE_X76Y234                                                     r  u_recon/u_weight_reduce/rails_s[43]_i_17/I0
    SLICE_X76Y234        LUT6 (Prop_lut6_I0_O)        0.043    23.598 r  u_recon/u_weight_reduce/rails_s[43]_i_17/O
                         net (fo=1, routed)           0.000    23.598    u_recon/u_weight_reduce/rails_s[43]_i_17_n_0
    SLICE_X76Y234                                                     r  u_recon/u_weight_reduce/rails_s_reg[43]_i_10/S[2]
    SLICE_X76Y234        CARRY4 (Prop_carry4_S[2]_CO[3])
                                                      0.195    23.793 r  u_recon/u_weight_reduce/rails_s_reg[43]_i_10/CO[3]
                         net (fo=1, routed)           0.000    23.793    u_recon/u_weight_reduce/rails_s_reg[43]_i_10_n_0
    SLICE_X76Y235                                                     r  u_recon/u_weight_reduce/rails_s_reg[47]_i_10/CI
    SLICE_X76Y235        CARRY4 (Prop_carry4_CI_O[2])
                                                      0.111    23.904 f  u_recon/u_weight_reduce/rails_s_reg[47]_i_10/O[2]
                         net (fo=2, routed)           0.434    24.338    u_recon/u_weight_reduce/sum_Won[42]
    SLICE_X77Y234                                                     f  u_recon/u_weight_reduce/rails_s[47]_i_5/I1
    SLICE_X77Y234        LUT4 (Prop_lut4_I1_O)        0.132    24.470 r  u_recon/u_weight_reduce/rails_s[47]_i_5/O
                         net (fo=2, routed)           0.423    24.892    u_recon/u_weight_reduce/rails_s[47]_i_5_n_0
    SLICE_X77Y235                                                     r  u_recon/u_weight_reduce/rails_s[47]_i_9/I4
    SLICE_X77Y235        LUT5 (Prop_lut5_I4_O)        0.135    25.027 r  u_recon/u_weight_reduce/rails_s[47]_i_9/O
                         net (fo=1, routed)           0.000    25.027    u_recon/u_weight_reduce/rails_s[47]_i_9_n_0
    SLICE_X77Y235                                                     r  u_recon/u_weight_reduce/rails_s_reg[47]_i_1/S[0]
    SLICE_X77Y235        CARRY4 (Prop_carry4_S[0]_CO[3])
                                                      0.259    25.286 r  u_recon/u_weight_reduce/rails_s_reg[47]_i_1/CO[3]
                         net (fo=1, routed)           0.000    25.286    u_recon/u_weight_reduce/rails_s_reg[47]_i_1_n_0
    SLICE_X77Y236                                                     r  u_recon/u_weight_reduce/rails_s_reg[51]_i_1/CI
    SLICE_X77Y236        CARRY4 (Prop_carry4_CI_O[0])
                                                      0.111    25.397 r  u_recon/u_weight_reduce/rails_s_reg[51]_i_1/O[0]
                         net (fo=1, routed)           0.000    25.397    u_recon/rails__1[48]
    SLICE_X77Y236        FDRE                                         r  u_recon/rails_s_reg[48]/D
  -------------------------------------------------------------------    -------------------

                         (clock core_clk rise edge)
                                                     25.000    25.000 r  
                                                      0.000    25.000 r  clk (IN)
                         net (fo=0)                   0.510    25.510    __ooc_clk_input
    BUFGCTRL_X0Y0                                                     r  __ooc_internal_bufg/I
    BUFGCTRL_X0Y0        BUFG (Prop_bufg_I_O)         0.083    25.593 r  __ooc_internal_bufg/O
                         net (fo=66508, routed)       1.123    26.716    u_recon/clk
    SLICE_X77Y236        FDRE                                         r  u_recon/rails_s_reg[48]/C
                         clock pessimism              0.037    26.753    
                         clock uncertainty           -0.085    26.668    
    SLICE_X77Y236        FDRE (Setup_fdre_C_D)        0.049    26.717    u_recon/rails_s_reg[48]
  -------------------------------------------------------------------
                         required time                         26.717    
                         arrival time                         -25.397    
  -------------------------------------------------------------------
                         slack                                  1.319    

Slack (MET) :             1.319ns  (required time - arrival time)
  Source:                 u_structure/u_context/fine_slices_reg[1][3]/C
                            (rising edge-triggered cell FDRE clocked by core_clk  {rise@0.000ns fall@12.500ns period=25.000ns})
  Destination:            u_recon/rails_s_reg[50]/D
                            (rising edge-triggered cell FDRE clocked by core_clk  {rise@0.000ns fall@12.500ns period=25.000ns})
  Path Group:             core_clk
  Path Type:              Setup (Max at Slow Process Corner)
  Requirement:            25.000ns  (core_clk rise@25.000ns - core_clk rise@0.000ns)
  Data Path Delay:        23.539ns  (logic 4.857ns (20.634%)  route 18.682ns (79.366%))
  Logic Levels:           33  (CARRY4=14 LUT3=7 LUT4=6 LUT5=4 LUT6=2)
  Clock Path Skew:        -0.105ns (DCD - SCD + CPR)
    Destination Clock Delay (DCD):    1.716ns = ( 26.716 - 25.000 ) 
    Source Clock Delay      (SCD):    1.858ns
    Clock Pessimism Removal (CPR):    0.037ns
  Clock Uncertainty:      0.085ns  ((TSJ^2 + TIJ^2)^1/2 + DJ) / 2 + PE + UU
    Total System Jitter     (TSJ):    0.071ns
    Total Input Jitter      (TIJ):    0.000ns
    Discrete Jitter          (DJ):    0.000ns
    Phase Error              (PE):    0.000ns
    User Uncertainty         (UU):    0.050ns

    Location             Delay type                Incr(ns)  Path(ns)    Netlist Resource(s)
  -------------------------------------------------------------------    -------------------
                         (clock core_clk rise edge)
                                                      0.000     0.000 r  
                                                      0.000     0.000 r  clk (IN)
                         net (fo=0)                   0.537     0.537    __ooc_clk_input
    BUFGCTRL_X0Y0                                                     r  __ooc_internal_bufg/I
    BUFGCTRL_X0Y0        BUFG (Prop_bufg_I_O)         0.093     0.630 r  __ooc_internal_bufg/O
                         net (fo=66508, routed)       1.228     1.858    u_structure/u_context/clk
    SLICE_X101Y287       FDRE                                         r  u_structure/u_context/fine_slices_reg[1][3]/C
  -------------------------------------------------------------------    -------------------
    SLICE_X101Y287       FDRE (Prop_fdre_C_Q)         0.223     2.081 r  u_structure/u_context/fine_slices_reg[1][3]/Q
                         net (fo=81, routed)          0.628     2.709    u_structure/u_context/structural_ids[1][3]
    SLICE_X106Y286                                                    r  u_structure/u_context/op3_w_i_363/I2
    SLICE_X106Y286       LUT5 (Prop_lut5_I2_O)        0.043     2.752 r  u_structure/u_context/op3_w_i_363/O
                         net (fo=72, routed)          2.434     5.186    u_structure/u_context/op3_w_i_363_n_0
    SLICE_X161Y354                                                    r  u_structure/u_context/rails_s[63]_i_36495/I3
    SLICE_X161Y354       LUT4 (Prop_lut4_I3_O)        0.043     5.229 r  u_structure/u_context/rails_s[63]_i_36495/O
                         net (fo=1, routed)           0.355     5.584    u_structure/u_context/rails_s[63]_i_36495_n_0
    SLICE_X161Y354                                                    r  u_structure/u_context/rails_s[63]_i_29203/I4
    SLICE_X161Y354       LUT5 (Prop_lut5_I4_O)        0.043     5.627 r  u_structure/u_context/rails_s[63]_i_29203/O
                         net (fo=1, routed)           0.385     6.012    u_structure/u_context/rails_s[63]_i_29203_n_0
    SLICE_X164Y354                                                    r  u_structure/u_context/rails_s[63]_i_23433/I5
    SLICE_X164Y354       LUT6 (Prop_lut6_I5_O)        0.043     6.055 r  u_structure/u_context/rails_s[63]_i_23433/O
                         net (fo=47, routed)          4.375    10.430    u_structure/u_context/u_recon/u_weight_reduce/physical_on34_out[50]
    SLICE_X167Y104                                                    r  u_structure/u_context/rails_s[31]_i_6052/I0
    SLICE_X167Y104       LUT3 (Prop_lut3_I0_O)        0.054    10.484 r  u_structure/u_context/rails_s[31]_i_6052/O
                         net (fo=2, routed)           0.460    10.944    u_recon/u_weight_reduce/on_tree[3092]_933[4]
    SLICE_X166Y106                                                    r  u_recon/u_weight_reduce/rails_s[31]_i_3039/I1
    SLICE_X166Y106       LUT3 (Prop_lut3_I1_O)        0.141    11.085 r  u_recon/u_weight_reduce/rails_s[31]_i_3039/O
                         net (fo=2, routed)           0.470    11.555    u_recon/u_weight_reduce/rails_s[31]_i_3039_n_0
    SLICE_X166Y106                                                    r  u_recon/u_weight_reduce/rails_s[31]_i_3043/I3
    SLICE_X166Y106       LUT4 (Prop_lut4_I3_O)        0.134    11.689 r  u_recon/u_weight_reduce/rails_s[31]_i_3043/O
                         net (fo=1, routed)           0.000    11.689    u_recon/u_weight_reduce/rails_s[31]_i_3043_n_0
    SLICE_X166Y106                                                    r  u_recon/u_weight_reduce/rails_s_reg[31]_i_1817/S[1]
    SLICE_X166Y106       CARRY4 (Prop_carry4_S[1]_CO[3])
                                                      0.256    11.945 r  u_recon/u_weight_reduce/rails_s_reg[31]_i_1817/CO[3]
                         net (fo=1, routed)           0.000    11.945    u_recon/u_weight_reduce/rails_s_reg[31]_i_1817_n_0
    SLICE_X166Y107                                                    r  u_recon/u_weight_reduce/rails_s_reg[35]_i_1817/CI
    SLICE_X166Y107       CARRY4 (Prop_carry4_CI_O[0])
                                                      0.108    12.053 r  u_recon/u_weight_reduce/rails_s_reg[35]_i_1817/O[0]
                         net (fo=2, routed)           0.490    12.543    u_recon/u_weight_reduce/rails_s_reg[35]_i_1817_n_7
    SLICE_X161Y107                                                    r  u_recon/u_weight_reduce/rails_s[31]_i_1163/I2
    SLICE_X161Y107       LUT3 (Prop_lut3_I2_O)        0.132    12.675 r  u_recon/u_weight_reduce/rails_s[31]_i_1163/O
                         net (fo=2, routed)           0.608    13.283    u_recon/u_weight_reduce/rails_s[31]_i_1163_n_0
    SLICE_X161Y107                                                    r  u_recon/u_weight_reduce/rails_s[31]_i_1167/I3
    SLICE_X161Y107       LUT4 (Prop_lut4_I3_O)        0.136    13.419 r  u_recon/u_weight_reduce/rails_s[31]_i_1167/O
                         net (fo=1, routed)           0.000    13.419    u_recon/u_weight_reduce/rails_s[31]_i_1167_n_0
    SLICE_X161Y107                                                    r  u_recon/u_weight_reduce/rails_s_reg[31]_i_735/S[1]
    SLICE_X161Y107       CARRY4 (Prop_carry4_S[1]_O[3])
                                                      0.312    13.731 r  u_recon/u_weight_reduce/rails_s_reg[31]_i_735/O[3]
                         net (fo=2, routed)           1.806    15.537    u_recon/u_weight_reduce/rails_s_reg[31]_i_735_n_4
    SLICE_X114Y137                                                    r  u_recon/u_weight_reduce/rails_s[31]_i_472/I0
    SLICE_X114Y137       LUT3 (Prop_lut3_I0_O)        0.123    15.660 r  u_recon/u_weight_reduce/rails_s[31]_i_472/O
                         net (fo=2, routed)           0.333    15.993    u_recon/u_weight_reduce/rails_s[31]_i_472_n_0
    SLICE_X114Y138                                                    r  u_recon/u_weight_reduce/rails_s[31]_i_476/I3
    SLICE_X114Y138       LUT4 (Prop_lut4_I3_O)        0.134    16.127 r  u_recon/u_weight_reduce/rails_s[31]_i_476/O
                         net (fo=1, routed)           0.000    16.127    u_recon/u_weight_reduce/rails_s[31]_i_476_n_0
    SLICE_X114Y138                                                    r  u_recon/u_weight_reduce/rails_s_reg[31]_i_305/S[0]
    SLICE_X114Y138       CARRY4 (Prop_carry4_S[0]_CO[3])
                                                      0.246    16.373 r  u_recon/u_weight_reduce/rails_s_reg[31]_i_305/CO[3]
                         net (fo=1, routed)           0.000    16.373    u_recon/u_weight_reduce/rails_s_reg[31]_i_305_n_0
    SLICE_X114Y139                                                    r  u_recon/u_weight_reduce/rails_s_reg[35]_i_305/CI
    SLICE_X114Y139       CARRY4 (Prop_carry4_CI_O[3])
                                                      0.151    16.524 r  u_recon/u_weight_reduce/rails_s_reg[35]_i_305/O[3]
                         net (fo=2, routed)           0.892    17.416    u_recon/u_weight_reduce/rails_s_reg[35]_i_305_n_4
    SLICE_X109Y153                                                    r  u_recon/u_weight_reduce/rails_s[35]_i_166/I2
    SLICE_X109Y153       LUT3 (Prop_lut3_I2_O)        0.130    17.546 r  u_recon/u_weight_reduce/rails_s[35]_i_166/O
                         net (fo=2, routed)           0.434    17.980    u_recon/u_weight_reduce/rails_s[35]_i_166_n_0
    SLICE_X109Y154                                                    r  u_recon/u_weight_reduce/rails_s[35]_i_170/I3
    SLICE_X109Y154       LUT4 (Prop_lut4_I3_O)        0.135    18.115 r  u_recon/u_weight_reduce/rails_s[35]_i_170/O
                         net (fo=1, routed)           0.000    18.115    u_recon/u_weight_reduce/rails_s[35]_i_170_n_0
    SLICE_X109Y154                                                    r  u_recon/u_weight_reduce/rails_s_reg[35]_i_107/S[0]
    SLICE_X109Y154       CARRY4 (Prop_carry4_S[0]_CO[3])
                                                      0.259    18.374 r  u_recon/u_weight_reduce/rails_s_reg[35]_i_107/CO[3]
                         net (fo=1, routed)           0.000    18.374    u_recon/u_weight_reduce/rails_s_reg[35]_i_107_n_0
    SLICE_X109Y155                                                    r  u_recon/u_weight_reduce/rails_s_reg[39]_i_107/CI
    SLICE_X109Y155       CARRY4 (Prop_carry4_CI_CO[3])
                                                      0.053    18.427 r  u_recon/u_weight_reduce/rails_s_reg[39]_i_107/CO[3]
                         net (fo=1, routed)           0.000    18.427    u_recon/u_weight_reduce/rails_s_reg[39]_i_107_n_0
    SLICE_X109Y156                                                    r  u_recon/u_weight_reduce/rails_s_reg[43]_i_107/CI
    SLICE_X109Y156       CARRY4 (Prop_carry4_CI_O[3])
                                                      0.149    18.576 r  u_recon/u_weight_reduce/rails_s_reg[43]_i_107/O[3]
                         net (fo=2, routed)           1.506    20.082    u_recon/u_weight_reduce/rails_s_reg[43]_i_107_n_4
    SLICE_X82Y186                                                     r  u_recon/u_weight_reduce/rails_s[43]_i_58/I1
    SLICE_X82Y186        LUT3 (Prop_lut3_I1_O)        0.130    20.212 r  u_recon/u_weight_reduce/rails_s[43]_i_58/O
                         net (fo=2, routed)           0.410    20.622    u_recon/u_weight_reduce/rails_s[43]_i_58_n_0
    SLICE_X82Y187                                                     r  u_recon/u_weight_reduce/rails_s_reg[43]_i_32/DI[0]
    SLICE_X82Y187        CARRY4 (Prop_carry4_DI[0]_CO[3])
                                                      0.361    20.983 r  u_recon/u_weight_reduce/rails_s_reg[43]_i_32/CO[3]
                         net (fo=1, routed)           0.000    20.983    u_recon/u_weight_reduce/rails_s_reg[43]_i_32_n_0
    SLICE_X82Y188                                                     r  u_recon/u_weight_reduce/rails_s_reg[47]_i_32/CI
    SLICE_X82Y188        CARRY4 (Prop_carry4_CI_O[1])
                                                      0.166    21.149 r  u_recon/u_weight_reduce/rails_s_reg[47]_i_32/O[1]
                         net (fo=3, routed)           1.666    22.815    u_recon/u_weight_reduce/rails_s_reg[47]_i_32_n_6
    SLICE_X74Y234                                                     r  u_recon/u_weight_reduce/rails_s[43]_i_29/I2
    SLICE_X74Y234        LUT3 (Prop_lut3_I2_O)        0.123    22.938 r  u_recon/u_weight_reduce/rails_s[43]_i_29/O
                         net (fo=2, routed)           0.108    23.045    u_recon/u_weight_reduce/rails_s[43]_i_29_n_0
    SLICE_X74Y234                                                     r  u_recon/u_weight_reduce/rails_s[43]_i_13/I1
    SLICE_X74Y234        LUT5 (Prop_lut5_I1_O)        0.043    23.088 r  u_recon/u_weight_reduce/rails_s[43]_i_13/O
                         net (fo=2, routed)           0.466    23.555    u_recon/u_weight_reduce/rails_s[43]_i_13_n_0
    SLICE_X76Y234                                                     r  u_recon/u_weight_reduce/rails_s[43]_i_17/I0
    SLICE_X76Y234        LUT6 (Prop_lut6_I0_O)        0.043    23.598 r  u_recon/u_weight_reduce/rails_s[43]_i_17/O
                         net (fo=1, routed)           0.000    23.598    u_recon/u_weight_reduce/rails_s[43]_i_17_n_0
    SLICE_X76Y234                                                     r  u_recon/u_weight_reduce/rails_s_reg[43]_i_10/S[2]
    SLICE_X76Y234        CARRY4 (Prop_carry4_S[2]_CO[3])
                                                      0.195    23.793 r  u_recon/u_weight_reduce/rails_s_reg[43]_i_10/CO[3]
                         net (fo=1, routed)           0.000    23.793    u_recon/u_weight_reduce/rails_s_reg[43]_i_10_n_0
    SLICE_X76Y235                                                     r  u_recon/u_weight_reduce/rails_s_reg[47]_i_10/CI
    SLICE_X76Y235        CARRY4 (Prop_carry4_CI_O[2])
                                                      0.111    23.904 f  u_recon/u_weight_reduce/rails_s_reg[47]_i_10/O[2]
                         net (fo=2, routed)           0.434    24.338    u_recon/u_weight_reduce/sum_Won[42]
    SLICE_X77Y234                                                     f  u_recon/u_weight_reduce/rails_s[47]_i_5/I1
    SLICE_X77Y234        LUT4 (Prop_lut4_I1_O)        0.132    24.470 r  u_recon/u_weight_reduce/rails_s[47]_i_5/O
                         net (fo=2, routed)           0.423    24.892    u_recon/u_weight_reduce/rails_s[47]_i_5_n_0
    SLICE_X77Y235                                                     r  u_recon/u_weight_reduce/rails_s[47]_i_9/I4
    SLICE_X77Y235        LUT5 (Prop_lut5_I4_O)        0.135    25.027 r  u_recon/u_weight_reduce/rails_s[47]_i_9/O
                         net (fo=1, routed)           0.000    25.027    u_recon/u_weight_reduce/rails_s[47]_i_9_n_0
    SLICE_X77Y235                                                     r  u_recon/u_weight_reduce/rails_s_reg[47]_i_1/S[0]
    SLICE_X77Y235        CARRY4 (Prop_carry4_S[0]_CO[3])
                                                      0.259    25.286 r  u_recon/u_weight_reduce/rails_s_reg[47]_i_1/CO[3]
                         net (fo=1, routed)           0.000    25.286    u_recon/u_weight_reduce/rails_s_reg[47]_i_1_n_0
    SLICE_X77Y236                                                     r  u_recon/u_weight_reduce/rails_s_reg[51]_i_1/CI
    SLICE_X77Y236        CARRY4 (Prop_carry4_CI_O[2])
                                                      0.111    25.397 r  u_recon/u_weight_reduce/rails_s_reg[51]_i_1/O[2]
                         net (fo=1, routed)           0.000    25.397    u_recon/rails__1[50]
    SLICE_X77Y236        FDRE                                         r  u_recon/rails_s_reg[50]/D
  -------------------------------------------------------------------    -------------------

                         (clock core_clk rise edge)
                                                     25.000    25.000 r  
                                                      0.000    25.000 r  clk (IN)
                         net (fo=0)                   0.510    25.510    __ooc_clk_input
    BUFGCTRL_X0Y0                                                     r  __ooc_internal_bufg/I
    BUFGCTRL_X0Y0        BUFG (Prop_bufg_I_O)         0.083    25.593 r  __ooc_internal_bufg/O
                         net (fo=66508, routed)       1.123    26.716    u_recon/clk
    SLICE_X77Y236        FDRE                                         r  u_recon/rails_s_reg[50]/C
                         clock pessimism              0.037    26.753    
                         clock uncertainty           -0.085    26.668    
    SLICE_X77Y236        FDRE (Setup_fdre_C_D)        0.049    26.717    u_recon/rails_s_reg[50]
  -------------------------------------------------------------------
                         required time                         26.717    
                         arrival time                         -25.397    
  -------------------------------------------------------------------
                         slack                                  1.319    

Slack (MET) :             1.392ns  (required time - arrival time)
  Source:                 u_structure/u_context/fine_slices_reg[1][3]/C
                            (rising edge-triggered cell FDRE clocked by core_clk  {rise@0.000ns fall@12.500ns period=25.000ns})
  Destination:            u_recon/rails_s_reg[47]/D
                            (rising edge-triggered cell FDRE clocked by core_clk  {rise@0.000ns fall@12.500ns period=25.000ns})
  Path Group:             core_clk
  Path Type:              Setup (Max at Slow Process Corner)
  Requirement:            25.000ns  (core_clk rise@25.000ns - core_clk rise@0.000ns)
  Data Path Delay:        23.465ns  (logic 4.783ns (20.383%)  route 18.682ns (79.617%))
  Logic Levels:           32  (CARRY4=13 LUT3=7 LUT4=6 LUT5=4 LUT6=2)
  Clock Path Skew:        -0.106ns (DCD - SCD + CPR)
    Destination Clock Delay (DCD):    1.715ns = ( 26.715 - 25.000 ) 
    Source Clock Delay      (SCD):    1.858ns
    Clock Pessimism Removal (CPR):    0.037ns
  Clock Uncertainty:      0.085ns  ((TSJ^2 + TIJ^2)^1/2 + DJ) / 2 + PE + UU
    Total System Jitter     (TSJ):    0.071ns
    Total Input Jitter      (TIJ):    0.000ns
    Discrete Jitter          (DJ):    0.000ns
    Phase Error              (PE):    0.000ns
    User Uncertainty         (UU):    0.050ns

    Location             Delay type                Incr(ns)  Path(ns)    Netlist Resource(s)
  -------------------------------------------------------------------    -------------------
                         (clock core_clk rise edge)
                                                      0.000     0.000 r  
                                                      0.000     0.000 r  clk (IN)
                         net (fo=0)                   0.537     0.537    __ooc_clk_input
    BUFGCTRL_X0Y0                                                     r  __ooc_internal_bufg/I
    BUFGCTRL_X0Y0        BUFG (Prop_bufg_I_O)         0.093     0.630 r  __ooc_internal_bufg/O
                         net (fo=66508, routed)       1.228     1.858    u_structure/u_context/clk
    SLICE_X101Y287       FDRE                                         r  u_structure/u_context/fine_slices_reg[1][3]/C
  -------------------------------------------------------------------    -------------------
    SLICE_X101Y287       FDRE (Prop_fdre_C_Q)         0.223     2.081 r  u_structure/u_context/fine_slices_reg[1][3]/Q
                         net (fo=81, routed)          0.628     2.709    u_structure/u_context/structural_ids[1][3]
    SLICE_X106Y286                                                    r  u_structure/u_context/op3_w_i_363/I2
    SLICE_X106Y286       LUT5 (Prop_lut5_I2_O)        0.043     2.752 r  u_structure/u_context/op3_w_i_363/O
                         net (fo=72, routed)          2.434     5.186    u_structure/u_context/op3_w_i_363_n_0
    SLICE_X161Y354                                                    r  u_structure/u_context/rails_s[63]_i_36495/I3
    SLICE_X161Y354       LUT4 (Prop_lut4_I3_O)        0.043     5.229 r  u_structure/u_context/rails_s[63]_i_36495/O
                         net (fo=1, routed)           0.355     5.584    u_structure/u_context/rails_s[63]_i_36495_n_0
    SLICE_X161Y354                                                    r  u_structure/u_context/rails_s[63]_i_29203/I4
    SLICE_X161Y354       LUT5 (Prop_lut5_I4_O)        0.043     5.627 r  u_structure/u_context/rails_s[63]_i_29203/O
                         net (fo=1, routed)           0.385     6.012    u_structure/u_context/rails_s[63]_i_29203_n_0
    SLICE_X164Y354                                                    r  u_structure/u_context/rails_s[63]_i_23433/I5
    SLICE_X164Y354       LUT6 (Prop_lut6_I5_O)        0.043     6.055 r  u_structure/u_context/rails_s[63]_i_23433/O
                         net (fo=47, routed)          4.375    10.430    u_structure/u_context/u_recon/u_weight_reduce/physical_on34_out[50]
    SLICE_X167Y104                                                    r  u_structure/u_context/rails_s[31]_i_6052/I0
    SLICE_X167Y104       LUT3 (Prop_lut3_I0_O)        0.054    10.484 r  u_structure/u_context/rails_s[31]_i_6052/O
                         net (fo=2, routed)           0.460    10.944    u_recon/u_weight_reduce/on_tree[3092]_933[4]
    SLICE_X166Y106                                                    r  u_recon/u_weight_reduce/rails_s[31]_i_3039/I1
    SLICE_X166Y106       LUT3 (Prop_lut3_I1_O)        0.141    11.085 r  u_recon/u_weight_reduce/rails_s[31]_i_3039/O
                         net (fo=2, routed)           0.470    11.555    u_recon/u_weight_reduce/rails_s[31]_i_3039_n_0
    SLICE_X166Y106                                                    r  u_recon/u_weight_reduce/rails_s[31]_i_3043/I3
    SLICE_X166Y106       LUT4 (Prop_lut4_I3_O)        0.134    11.689 r  u_recon/u_weight_reduce/rails_s[31]_i_3043/O
                         net (fo=1, routed)           0.000    11.689    u_recon/u_weight_reduce/rails_s[31]_i_3043_n_0
    SLICE_X166Y106                                                    r  u_recon/u_weight_reduce/rails_s_reg[31]_i_1817/S[1]
    SLICE_X166Y106       CARRY4 (Prop_carry4_S[1]_CO[3])
                                                      0.256    11.945 r  u_recon/u_weight_reduce/rails_s_reg[31]_i_1817/CO[3]
                         net (fo=1, routed)           0.000    11.945    u_recon/u_weight_reduce/rails_s_reg[31]_i_1817_n_0
    SLICE_X166Y107                                                    r  u_recon/u_weight_reduce/rails_s_reg[35]_i_1817/CI
    SLICE_X166Y107       CARRY4 (Prop_carry4_CI_O[0])
                                                      0.108    12.053 r  u_recon/u_weight_reduce/rails_s_reg[35]_i_1817/O[0]
                         net (fo=2, routed)           0.490    12.543    u_recon/u_weight_reduce/rails_s_reg[35]_i_1817_n_7
    SLICE_X161Y107                                                    r  u_recon/u_weight_reduce/rails_s[31]_i_1163/I2
    SLICE_X161Y107       LUT3 (Prop_lut3_I2_O)        0.132    12.675 r  u_recon/u_weight_reduce/rails_s[31]_i_1163/O
                         net (fo=2, routed)           0.608    13.283    u_recon/u_weight_reduce/rails_s[31]_i_1163_n_0
    SLICE_X161Y107                                                    r  u_recon/u_weight_reduce/rails_s[31]_i_1167/I3
    SLICE_X161Y107       LUT4 (Prop_lut4_I3_O)        0.136    13.419 r  u_recon/u_weight_reduce/rails_s[31]_i_1167/O
                         net (fo=1, routed)           0.000    13.419    u_recon/u_weight_reduce/rails_s[31]_i_1167_n_0
    SLICE_X161Y107                                                    r  u_recon/u_weight_reduce/rails_s_reg[31]_i_735/S[1]
    SLICE_X161Y107       CARRY4 (Prop_carry4_S[1]_O[3])
                                                      0.312    13.731 r  u_recon/u_weight_reduce/rails_s_reg[31]_i_735/O[3]
                         net (fo=2, routed)           1.806    15.537    u_recon/u_weight_reduce/rails_s_reg[31]_i_735_n_4
    SLICE_X114Y137                                                    r  u_recon/u_weight_reduce/rails_s[31]_i_472/I0
    SLICE_X114Y137       LUT3 (Prop_lut3_I0_O)        0.123    15.660 r  u_recon/u_weight_reduce/rails_s[31]_i_472/O
                         net (fo=2, routed)           0.333    15.993    u_recon/u_weight_reduce/rails_s[31]_i_472_n_0
    SLICE_X114Y138                                                    r  u_recon/u_weight_reduce/rails_s[31]_i_476/I3
    SLICE_X114Y138       LUT4 (Prop_lut4_I3_O)        0.134    16.127 r  u_recon/u_weight_reduce/rails_s[31]_i_476/O
                         net (fo=1, routed)           0.000    16.127    u_recon/u_weight_reduce/rails_s[31]_i_476_n_0
    SLICE_X114Y138                                                    r  u_recon/u_weight_reduce/rails_s_reg[31]_i_305/S[0]
    SLICE_X114Y138       CARRY4 (Prop_carry4_S[0]_CO[3])
                                                      0.246    16.373 r  u_recon/u_weight_reduce/rails_s_reg[31]_i_305/CO[3]
                         net (fo=1, routed)           0.000    16.373    u_recon/u_weight_reduce/rails_s_reg[31]_i_305_n_0
    SLICE_X114Y139                                                    r  u_recon/u_weight_reduce/rails_s_reg[35]_i_305/CI
    SLICE_X114Y139       CARRY4 (Prop_carry4_CI_O[3])
                                                      0.151    16.524 r  u_recon/u_weight_reduce/rails_s_reg[35]_i_305/O[3]
                         net (fo=2, routed)           0.892    17.416    u_recon/u_weight_reduce/rails_s_reg[35]_i_305_n_4
    SLICE_X109Y153                                                    r  u_recon/u_weight_reduce/rails_s[35]_i_166/I2
    SLICE_X109Y153       LUT3 (Prop_lut3_I2_O)        0.130    17.546 r  u_recon/u_weight_reduce/rails_s[35]_i_166/O
                         net (fo=2, routed)           0.434    17.980    u_recon/u_weight_reduce/rails_s[35]_i_166_n_0
    SLICE_X109Y154                                                    r  u_recon/u_weight_reduce/rails_s[35]_i_170/I3
    SLICE_X109Y154       LUT4 (Prop_lut4_I3_O)        0.135    18.115 r  u_recon/u_weight_reduce/rails_s[35]_i_170/O
                         net (fo=1, routed)           0.000    18.115    u_recon/u_weight_reduce/rails_s[35]_i_170_n_0
    SLICE_X109Y154                                                    r  u_recon/u_weight_reduce/rails_s_reg[35]_i_107/S[0]
    SLICE_X109Y154       CARRY4 (Prop_carry4_S[0]_CO[3])
                                                      0.259    18.374 r  u_recon/u_weight_reduce/rails_s_reg[35]_i_107/CO[3]
                         net (fo=1, routed)           0.000    18.374    u_recon/u_weight_reduce/rails_s_reg[35]_i_107_n_0
    SLICE_X109Y155                                                    r  u_recon/u_weight_reduce/rails_s_reg[39]_i_107/CI
    SLICE_X109Y155       CARRY4 (Prop_carry4_CI_CO[3])
                                                      0.053    18.427 r  u_recon/u_weight_reduce/rails_s_reg[39]_i_107/CO[3]
                         net (fo=1, routed)           0.000    18.427    u_recon/u_weight_reduce/rails_s_reg[39]_i_107_n_0
    SLICE_X109Y156                                                    r  u_recon/u_weight_reduce/rails_s_reg[43]_i_107/CI
    SLICE_X109Y156       CARRY4 (Prop_carry4_CI_O[3])
                                                      0.149    18.576 r  u_recon/u_weight_reduce/rails_s_reg[43]_i_107/O[3]
                         net (fo=2, routed)           1.506    20.082    u_recon/u_weight_reduce/rails_s_reg[43]_i_107_n_4
    SLICE_X82Y186                                                     r  u_recon/u_weight_reduce/rails_s[43]_i_58/I1
    SLICE_X82Y186        LUT3 (Prop_lut3_I1_O)        0.130    20.212 r  u_recon/u_weight_reduce/rails_s[43]_i_58/O
                         net (fo=2, routed)           0.410    20.622    u_recon/u_weight_reduce/rails_s[43]_i_58_n_0
    SLICE_X82Y187                                                     r  u_recon/u_weight_reduce/rails_s_reg[43]_i_32/DI[0]
    SLICE_X82Y187        CARRY4 (Prop_carry4_DI[0]_CO[3])
                                                      0.361    20.983 r  u_recon/u_weight_reduce/rails_s_reg[43]_i_32/CO[3]
                         net (fo=1, routed)           0.000    20.983    u_recon/u_weight_reduce/rails_s_reg[43]_i_32_n_0
    SLICE_X82Y188                                                     r  u_recon/u_weight_reduce/rails_s_reg[47]_i_32/CI
    SLICE_X82Y188        CARRY4 (Prop_carry4_CI_O[1])
                                                      0.166    21.149 r  u_recon/u_weight_reduce/rails_s_reg[47]_i_32/O[1]
                         net (fo=3, routed)           1.666    22.815    u_recon/u_weight_reduce/rails_s_reg[47]_i_32_n_6
    SLICE_X74Y234                                                     r  u_recon/u_weight_reduce/rails_s[43]_i_29/I2
    SLICE_X74Y234        LUT3 (Prop_lut3_I2_O)        0.123    22.938 r  u_recon/u_weight_reduce/rails_s[43]_i_29/O
                         net (fo=2, routed)           0.108    23.045    u_recon/u_weight_reduce/rails_s[43]_i_29_n_0
    SLICE_X74Y234                                                     r  u_recon/u_weight_reduce/rails_s[43]_i_13/I1
    SLICE_X74Y234        LUT5 (Prop_lut5_I1_O)        0.043    23.088 r  u_recon/u_weight_reduce/rails_s[43]_i_13/O
                         net (fo=2, routed)           0.466    23.555    u_recon/u_weight_reduce/rails_s[43]_i_13_n_0
    SLICE_X76Y234                                                     r  u_recon/u_weight_reduce/rails_s[43]_i_17/I0
    SLICE_X76Y234        LUT6 (Prop_lut6_I0_O)        0.043    23.598 r  u_recon/u_weight_reduce/rails_s[43]_i_17/O
                         net (fo=1, routed)           0.000    23.598    u_recon/u_weight_reduce/rails_s[43]_i_17_n_0
    SLICE_X76Y234                                                     r  u_recon/u_weight_reduce/rails_s_reg[43]_i_10/S[2]
    SLICE_X76Y234        CARRY4 (Prop_carry4_S[2]_CO[3])
                                                      0.195    23.793 r  u_recon/u_weight_reduce/rails_s_reg[43]_i_10/CO[3]
                         net (fo=1, routed)           0.000    23.793    u_recon/u_weight_reduce/rails_s_reg[43]_i_10_n_0
    SLICE_X76Y235                                                     r  u_recon/u_weight_reduce/rails_s_reg[47]_i_10/CI
    SLICE_X76Y235        CARRY4 (Prop_carry4_CI_O[2])
                                                      0.111    23.904 f  u_recon/u_weight_reduce/rails_s_reg[47]_i_10/O[2]
                         net (fo=2, routed)           0.434    24.338    u_recon/u_weight_reduce/sum_Won[42]
    SLICE_X77Y234                                                     f  u_recon/u_weight_reduce/rails_s[47]_i_5/I1
    SLICE_X77Y234        LUT4 (Prop_lut4_I1_O)        0.132    24.470 r  u_recon/u_weight_reduce/rails_s[47]_i_5/O
                         net (fo=2, routed)           0.423    24.892    u_recon/u_weight_reduce/rails_s[47]_i_5_n_0
    SLICE_X77Y235                                                     r  u_recon/u_weight_reduce/rails_s[47]_i_9/I4
    SLICE_X77Y235        LUT5 (Prop_lut5_I4_O)        0.135    25.027 r  u_recon/u_weight_reduce/rails_s[47]_i_9/O
                         net (fo=1, routed)           0.000    25.027    u_recon/u_weight_reduce/rails_s[47]_i_9_n_0
    SLICE_X77Y235                                                     r  u_recon/u_weight_reduce/rails_s_reg[47]_i_1/S[0]
    SLICE_X77Y235        CARRY4 (Prop_carry4_S[0]_O[3])
                                                      0.296    25.323 r  u_recon/u_weight_reduce/rails_s_reg[47]_i_1/O[3]
                         net (fo=1, routed)           0.000    25.323    u_recon/rails__1[47]
    SLICE_X77Y235        FDRE                                         r  u_recon/rails_s_reg[47]/D
  -------------------------------------------------------------------    -------------------

                         (clock core_clk rise edge)
                                                     25.000    25.000 r  
                                                      0.000    25.000 r  clk (IN)
                         net (fo=0)                   0.510    25.510    __ooc_clk_input
    BUFGCTRL_X0Y0                                                     r  __ooc_internal_bufg/I
    BUFGCTRL_X0Y0        BUFG (Prop_bufg_I_O)         0.083    25.593 r  __ooc_internal_bufg/O
                         net (fo=66508, routed)       1.122    26.715    u_recon/clk
    SLICE_X77Y235        FDRE                                         r  u_recon/rails_s_reg[47]/C
                         clock pessimism              0.037    26.752    
                         clock uncertainty           -0.085    26.667    
    SLICE_X77Y235        FDRE (Setup_fdre_C_D)        0.049    26.716    u_recon/rails_s_reg[47]
  -------------------------------------------------------------------
                         required time                         26.716    
                         arrival time                         -25.323    
  -------------------------------------------------------------------
                         slack                                  1.392    

Slack (MET) :             1.422ns  (required time - arrival time)
  Source:                 u_structure/u_context/fine_slices_reg[1][3]/C
                            (rising edge-triggered cell FDRE clocked by core_clk  {rise@0.000ns fall@12.500ns period=25.000ns})
  Destination:            u_recon/rails_s_reg[46]/D
                            (rising edge-triggered cell FDRE clocked by core_clk  {rise@0.000ns fall@12.500ns period=25.000ns})
  Path Group:             core_clk
  Path Type:              Setup (Max at Slow Process Corner)
  Requirement:            25.000ns  (core_clk rise@25.000ns - core_clk rise@0.000ns)
  Data Path Delay:        23.435ns  (logic 4.753ns (20.281%)  route 18.682ns (79.719%))
  Logic Levels:           32  (CARRY4=13 LUT3=7 LUT4=6 LUT5=4 LUT6=2)
  Clock Path Skew:        -0.106ns (DCD - SCD + CPR)
    Destination Clock Delay (DCD):    1.715ns = ( 26.715 - 25.000 ) 
    Source Clock Delay      (SCD):    1.858ns
    Clock Pessimism Removal (CPR):    0.037ns
  Clock Uncertainty:      0.085ns  ((TSJ^2 + TIJ^2)^1/2 + DJ) / 2 + PE + UU
    Total System Jitter     (TSJ):    0.071ns
    Total Input Jitter      (TIJ):    0.000ns
    Discrete Jitter          (DJ):    0.000ns
    Phase Error              (PE):    0.000ns
    User Uncertainty         (UU):    0.050ns

    Location             Delay type                Incr(ns)  Path(ns)    Netlist Resource(s)
  -------------------------------------------------------------------    -------------------
                         (clock core_clk rise edge)
                                                      0.000     0.000 r  
                                                      0.000     0.000 r  clk (IN)
                         net (fo=0)                   0.537     0.537    __ooc_clk_input
    BUFGCTRL_X0Y0                                                     r  __ooc_internal_bufg/I
    BUFGCTRL_X0Y0        BUFG (Prop_bufg_I_O)         0.093     0.630 r  __ooc_internal_bufg/O
                         net (fo=66508, routed)       1.228     1.858    u_structure/u_context/clk
    SLICE_X101Y287       FDRE                                         r  u_structure/u_context/fine_slices_reg[1][3]/C
  -------------------------------------------------------------------    -------------------
    SLICE_X101Y287       FDRE (Prop_fdre_C_Q)         0.223     2.081 r  u_structure/u_context/fine_slices_reg[1][3]/Q
                         net (fo=81, routed)          0.628     2.709    u_structure/u_context/structural_ids[1][3]
    SLICE_X106Y286                                                    r  u_structure/u_context/op3_w_i_363/I2
    SLICE_X106Y286       LUT5 (Prop_lut5_I2_O)        0.043     2.752 r  u_structure/u_context/op3_w_i_363/O
                         net (fo=72, routed)          2.434     5.186    u_structure/u_context/op3_w_i_363_n_0
    SLICE_X161Y354                                                    r  u_structure/u_context/rails_s[63]_i_36495/I3
    SLICE_X161Y354       LUT4 (Prop_lut4_I3_O)        0.043     5.229 r  u_structure/u_context/rails_s[63]_i_36495/O
                         net (fo=1, routed)           0.355     5.584    u_structure/u_context/rails_s[63]_i_36495_n_0
    SLICE_X161Y354                                                    r  u_structure/u_context/rails_s[63]_i_29203/I4
    SLICE_X161Y354       LUT5 (Prop_lut5_I4_O)        0.043     5.627 r  u_structure/u_context/rails_s[63]_i_29203/O
                         net (fo=1, routed)           0.385     6.012    u_structure/u_context/rails_s[63]_i_29203_n_0
    SLICE_X164Y354                                                    r  u_structure/u_context/rails_s[63]_i_23433/I5
    SLICE_X164Y354       LUT6 (Prop_lut6_I5_O)        0.043     6.055 r  u_structure/u_context/rails_s[63]_i_23433/O
                         net (fo=47, routed)          4.375    10.430    u_structure/u_context/u_recon/u_weight_reduce/physical_on34_out[50]
    SLICE_X167Y104                                                    r  u_structure/u_context/rails_s[31]_i_6052/I0
    SLICE_X167Y104       LUT3 (Prop_lut3_I0_O)        0.054    10.484 r  u_structure/u_context/rails_s[31]_i_6052/O
                         net (fo=2, routed)           0.460    10.944    u_recon/u_weight_reduce/on_tree[3092]_933[4]
    SLICE_X166Y106                                                    r  u_recon/u_weight_reduce/rails_s[31]_i_3039/I1
    SLICE_X166Y106       LUT3 (Prop_lut3_I1_O)        0.141    11.085 r  u_recon/u_weight_reduce/rails_s[31]_i_3039/O
                         net (fo=2, routed)           0.470    11.555    u_recon/u_weight_reduce/rails_s[31]_i_3039_n_0
    SLICE_X166Y106                                                    r  u_recon/u_weight_reduce/rails_s[31]_i_3043/I3
    SLICE_X166Y106       LUT4 (Prop_lut4_I3_O)        0.134    11.689 r  u_recon/u_weight_reduce/rails_s[31]_i_3043/O
                         net (fo=1, routed)           0.000    11.689    u_recon/u_weight_reduce/rails_s[31]_i_3043_n_0
    SLICE_X166Y106                                                    r  u_recon/u_weight_reduce/rails_s_reg[31]_i_1817/S[1]
    SLICE_X166Y106       CARRY4 (Prop_carry4_S[1]_CO[3])
                                                      0.256    11.945 r  u_recon/u_weight_reduce/rails_s_reg[31]_i_1817/CO[3]
                         net (fo=1, routed)           0.000    11.945    u_recon/u_weight_reduce/rails_s_reg[31]_i_1817_n_0
    SLICE_X166Y107                                                    r  u_recon/u_weight_reduce/rails_s_reg[35]_i_1817/CI
    SLICE_X166Y107       CARRY4 (Prop_carry4_CI_O[0])
                                                      0.108    12.053 r  u_recon/u_weight_reduce/rails_s_reg[35]_i_1817/O[0]
                         net (fo=2, routed)           0.490    12.543    u_recon/u_weight_reduce/rails_s_reg[35]_i_1817_n_7
    SLICE_X161Y107                                                    r  u_recon/u_weight_reduce/rails_s[31]_i_1163/I2
    SLICE_X161Y107       LUT3 (Prop_lut3_I2_O)        0.132    12.675 r  u_recon/u_weight_reduce/rails_s[31]_i_1163/O
                         net (fo=2, routed)           0.608    13.283    u_recon/u_weight_reduce/rails_s[31]_i_1163_n_0
    SLICE_X161Y107                                                    r  u_recon/u_weight_reduce/rails_s[31]_i_1167/I3
    SLICE_X161Y107       LUT4 (Prop_lut4_I3_O)        0.136    13.419 r  u_recon/u_weight_reduce/rails_s[31]_i_1167/O
                         net (fo=1, routed)           0.000    13.419    u_recon/u_weight_reduce/rails_s[31]_i_1167_n_0
    SLICE_X161Y107                                                    r  u_recon/u_weight_reduce/rails_s_reg[31]_i_735/S[1]
    SLICE_X161Y107       CARRY4 (Prop_carry4_S[1]_O[3])
                                                      0.312    13.731 r  u_recon/u_weight_reduce/rails_s_reg[31]_i_735/O[3]
                         net (fo=2, routed)           1.806    15.537    u_recon/u_weight_reduce/rails_s_reg[31]_i_735_n_4
    SLICE_X114Y137                                                    r  u_recon/u_weight_reduce/rails_s[31]_i_472/I0
    SLICE_X114Y137       LUT3 (Prop_lut3_I0_O)        0.123    15.660 r  u_recon/u_weight_reduce/rails_s[31]_i_472/O
                         net (fo=2, routed)           0.333    15.993    u_recon/u_weight_reduce/rails_s[31]_i_472_n_0
    SLICE_X114Y138                                                    r  u_recon/u_weight_reduce/rails_s[31]_i_476/I3
    SLICE_X114Y138       LUT4 (Prop_lut4_I3_O)        0.134    16.127 r  u_recon/u_weight_reduce/rails_s[31]_i_476/O
                         net (fo=1, routed)           0.000    16.127    u_recon/u_weight_reduce/rails_s[31]_i_476_n_0
    SLICE_X114Y138                                                    r  u_recon/u_weight_reduce/rails_s_reg[31]_i_305/S[0]
    SLICE_X114Y138       CARRY4 (Prop_carry4_S[0]_CO[3])
                                                      0.246    16.373 r  u_recon/u_weight_reduce/rails_s_reg[31]_i_305/CO[3]
                         net (fo=1, routed)           0.000    16.373    u_recon/u_weight_reduce/rails_s_reg[31]_i_305_n_0
    SLICE_X114Y139                                                    r  u_recon/u_weight_reduce/rails_s_reg[35]_i_305/CI
    SLICE_X114Y139       CARRY4 (Prop_carry4_CI_O[3])
                                                      0.151    16.524 r  u_recon/u_weight_reduce/rails_s_reg[35]_i_305/O[3]
                         net (fo=2, routed)           0.892    17.416    u_recon/u_weight_reduce/rails_s_reg[35]_i_305_n_4
    SLICE_X109Y153                                                    r  u_recon/u_weight_reduce/rails_s[35]_i_166/I2
    SLICE_X109Y153       LUT3 (Prop_lut3_I2_O)        0.130    17.546 r  u_recon/u_weight_reduce/rails_s[35]_i_166/O
                         net (fo=2, routed)           0.434    17.980    u_recon/u_weight_reduce/rails_s[35]_i_166_n_0
    SLICE_X109Y154                                                    r  u_recon/u_weight_reduce/rails_s[35]_i_170/I3
    SLICE_X109Y154       LUT4 (Prop_lut4_I3_O)        0.135    18.115 r  u_recon/u_weight_reduce/rails_s[35]_i_170/O
                         net (fo=1, routed)           0.000    18.115    u_recon/u_weight_reduce/rails_s[35]_i_170_n_0
    SLICE_X109Y154                                                    r  u_recon/u_weight_reduce/rails_s_reg[35]_i_107/S[0]
    SLICE_X109Y154       CARRY4 (Prop_carry4_S[0]_CO[3])
                                                      0.259    18.374 r  u_recon/u_weight_reduce/rails_s_reg[35]_i_107/CO[3]
                         net (fo=1, routed)           0.000    18.374    u_recon/u_weight_reduce/rails_s_reg[35]_i_107_n_0
    SLICE_X109Y155                                                    r  u_recon/u_weight_reduce/rails_s_reg[39]_i_107/CI
    SLICE_X109Y155       CARRY4 (Prop_carry4_CI_CO[3])
                                                      0.053    18.427 r  u_recon/u_weight_reduce/rails_s_reg[39]_i_107/CO[3]
                         net (fo=1, routed)           0.000    18.427    u_recon/u_weight_reduce/rails_s_reg[39]_i_107_n_0
    SLICE_X109Y156                                                    r  u_recon/u_weight_reduce/rails_s_reg[43]_i_107/CI
    SLICE_X109Y156       CARRY4 (Prop_carry4_CI_O[3])
                                                      0.149    18.576 r  u_recon/u_weight_reduce/rails_s_reg[43]_i_107/O[3]
                         net (fo=2, routed)           1.506    20.082    u_recon/u_weight_reduce/rails_s_reg[43]_i_107_n_4
    SLICE_X82Y186                                                     r  u_recon/u_weight_reduce/rails_s[43]_i_58/I1
    SLICE_X82Y186        LUT3 (Prop_lut3_I1_O)        0.130    20.212 r  u_recon/u_weight_reduce/rails_s[43]_i_58/O
                         net (fo=2, routed)           0.410    20.622    u_recon/u_weight_reduce/rails_s[43]_i_58_n_0
    SLICE_X82Y187                                                     r  u_recon/u_weight_reduce/rails_s_reg[43]_i_32/DI[0]
    SLICE_X82Y187        CARRY4 (Prop_carry4_DI[0]_CO[3])
                                                      0.361    20.983 r  u_recon/u_weight_reduce/rails_s_reg[43]_i_32/CO[3]
                         net (fo=1, routed)           0.000    20.983    u_recon/u_weight_reduce/rails_s_reg[43]_i_32_n_0
    SLICE_X82Y188                                                     r  u_recon/u_weight_reduce/rails_s_reg[47]_i_32/CI
    SLICE_X82Y188        CARRY4 (Prop_carry4_CI_O[1])
                                                      0.166    21.149 r  u_recon/u_weight_reduce/rails_s_reg[47]_i_32/O[1]
                         net (fo=3, routed)           1.666    22.815    u_recon/u_weight_reduce/rails_s_reg[47]_i_32_n_6
    SLICE_X74Y234                                                     r  u_recon/u_weight_reduce/rails_s[43]_i_29/I2
    SLICE_X74Y234        LUT3 (Prop_lut3_I2_O)        0.123    22.938 r  u_recon/u_weight_reduce/rails_s[43]_i_29/O
                         net (fo=2, routed)           0.108    23.045    u_recon/u_weight_reduce/rails_s[43]_i_29_n_0
    SLICE_X74Y234                                                     r  u_recon/u_weight_reduce/rails_s[43]_i_13/I1
    SLICE_X74Y234        LUT5 (Prop_lut5_I1_O)        0.043    23.088 r  u_recon/u_weight_reduce/rails_s[43]_i_13/O
                         net (fo=2, routed)           0.466    23.555    u_recon/u_weight_reduce/rails_s[43]_i_13_n_0
    SLICE_X76Y234                                                     r  u_recon/u_weight_reduce/rails_s[43]_i_17/I0
    SLICE_X76Y234        LUT6 (Prop_lut6_I0_O)        0.043    23.598 r  u_recon/u_weight_reduce/rails_s[43]_i_17/O
                         net (fo=1, routed)           0.000    23.598    u_recon/u_weight_reduce/rails_s[43]_i_17_n_0
    SLICE_X76Y234                                                     r  u_recon/u_weight_reduce/rails_s_reg[43]_i_10/S[2]
    SLICE_X76Y234        CARRY4 (Prop_carry4_S[2]_CO[3])
                                                      0.195    23.793 r  u_recon/u_weight_reduce/rails_s_reg[43]_i_10/CO[3]
                         net (fo=1, routed)           0.000    23.793    u_recon/u_weight_reduce/rails_s_reg[43]_i_10_n_0
    SLICE_X76Y235                                                     r  u_recon/u_weight_reduce/rails_s_reg[47]_i_10/CI
    SLICE_X76Y235        CARRY4 (Prop_carry4_CI_O[2])
                                                      0.111    23.904 f  u_recon/u_weight_reduce/rails_s_reg[47]_i_10/O[2]
                         net (fo=2, routed)           0.434    24.338    u_recon/u_weight_reduce/sum_Won[42]
    SLICE_X77Y234                                                     f  u_recon/u_weight_reduce/rails_s[47]_i_5/I1
    SLICE_X77Y234        LUT4 (Prop_lut4_I1_O)        0.132    24.470 r  u_recon/u_weight_reduce/rails_s[47]_i_5/O
                         net (fo=2, routed)           0.423    24.892    u_recon/u_weight_reduce/rails_s[47]_i_5_n_0
    SLICE_X77Y235                                                     r  u_recon/u_weight_reduce/rails_s[47]_i_9/I4
    SLICE_X77Y235        LUT5 (Prop_lut5_I4_O)        0.135    25.027 r  u_recon/u_weight_reduce/rails_s[47]_i_9/O
                         net (fo=1, routed)           0.000    25.027    u_recon/u_weight_reduce/rails_s[47]_i_9_n_0
    SLICE_X77Y235                                                     r  u_recon/u_weight_reduce/rails_s_reg[47]_i_1/S[0]
    SLICE_X77Y235        CARRY4 (Prop_carry4_S[0]_O[2])
                                                      0.266    25.293 r  u_recon/u_weight_reduce/rails_s_reg[47]_i_1/O[2]
                         net (fo=1, routed)           0.000    25.293    u_recon/rails__1[46]
    SLICE_X77Y235        FDRE                                         r  u_recon/rails_s_reg[46]/D
  -------------------------------------------------------------------    -------------------

                         (clock core_clk rise edge)
                                                     25.000    25.000 r  
                                                      0.000    25.000 r  clk (IN)
                         net (fo=0)                   0.510    25.510    __ooc_clk_input
    BUFGCTRL_X0Y0                                                     r  __ooc_internal_bufg/I
    BUFGCTRL_X0Y0        BUFG (Prop_bufg_I_O)         0.083    25.593 r  __ooc_internal_bufg/O
                         net (fo=66508, routed)       1.122    26.715    u_recon/clk
    SLICE_X77Y235        FDRE                                         r  u_recon/rails_s_reg[46]/C
                         clock pessimism              0.037    26.752    
                         clock uncertainty           -0.085    26.667    
    SLICE_X77Y235        FDRE (Setup_fdre_C_D)        0.049    26.716    u_recon/rails_s_reg[46]
  -------------------------------------------------------------------
                         required time                         26.716    
                         arrival time                         -25.293    
  -------------------------------------------------------------------
                         slack                                  1.422    




